-- phpMyAdmin SQL Dump
-- version 4.7.4
-- https://www.phpmyadmin.net/
--
-- Host: 127.0.0.1:3306
-- Generation Time: Feb 08, 2018 at 01:43 AM
-- Server version: 5.7.19
-- PHP Version: 7.1.9

SET SQL_MODE = "NO_AUTO_VALUE_ON_ZERO";
SET AUTOCOMMIT = 0;
START TRANSACTION;
SET time_zone = "+00:00";


/*!40101 SET @OLD_CHARACTER_SET_CLIENT=@@CHARACTER_SET_CLIENT */;
/*!40101 SET @OLD_CHARACTER_SET_RESULTS=@@CHARACTER_SET_RESULTS */;
/*!40101 SET @OLD_COLLATION_CONNECTION=@@COLLATION_CONNECTION */;
/*!40101 SET NAMES utf8mb4 */;

--
-- Database: `konnectycms`
--

-- --------------------------------------------------------

--
-- Table structure for table `admin_users`
--

DROP TABLE IF EXISTS `admin_users`;
CREATE TABLE IF NOT EXISTS `admin_users` (
  `id_admin_user` int(11) NOT NULL AUTO_INCREMENT,
  `name` varchar(100) NOT NULL,
  `email` varchar(128) NOT NULL,
  `password` varchar(256) NOT NULL,
  `salt` varchar(500) NOT NULL,
  `date_created` datetime NOT NULL,
  `last_login` datetime NOT NULL,
  `utype` varchar(20) NOT NULL COMMENT 'super_admin,manager,theme_developer,content_curator',
  `admin_user_status` tinyint(4) NOT NULL,
  PRIMARY KEY (`id_admin_user`)
) ENGINE=InnoDB AUTO_INCREMENT=3 DEFAULT CHARSET=latin1;

--
-- Dumping data for table `admin_users`
--

INSERT INTO `admin_users` (`id_admin_user`, `name`, `email`, `password`, `salt`, `date_created`, `last_login`, `utype`, `admin_user_status`) VALUES
(1, 'Joby E Kunjumon', 'joby@konnecty.com', 'be421ed97d760ce11605bd41d8a0af15ebcba0b2c1a055b75a318fb8de717bbc', 'jd1nqHlOoUpOthAWbSA4Lhumg', '2017-12-23 18:26:27', '2018-02-05 12:12:47', 'super_admin', 1),
(2, 'Jyothish ', 'jyothish@konnecty.com', '42cd80864d7293d378dc44d142c657e8d64f5c2b0b62fb701dac4224feb0da9f', 'r2MMZBr4kolMY3a9Bg29l3A2X', '2017-12-26 22:31:31', '2017-12-27 16:17:21', 'super_admin', 1);

-- --------------------------------------------------------

--
-- Table structure for table `admin_users_activity_log`
--

DROP TABLE IF EXISTS `admin_users_activity_log`;
CREATE TABLE IF NOT EXISTS `admin_users_activity_log` (
  `id_activity` int(11) NOT NULL AUTO_INCREMENT,
  `id_admin_user` int(11) NOT NULL,
  `activity_type` varchar(50) DEFAULT NULL,
  `activity_date` datetime DEFAULT NULL,
  `activity_description` varchar(200) DEFAULT NULL,
  `activity_data` text,
  `connection_param` text,
  `connection_id` int(11) DEFAULT NULL,
  `user_ip` varchar(100) DEFAULT NULL,
  `user_agent` varchar(500) DEFAULT NULL,
  PRIMARY KEY (`id_activity`)
) ENGINE=InnoDB AUTO_INCREMENT=16 DEFAULT CHARSET=latin1;

--
-- Dumping data for table `admin_users_activity_log`
--

INSERT INTO `admin_users_activity_log` (`id_activity`, `id_admin_user`, `activity_type`, `activity_date`, `activity_description`, `activity_data`, `connection_param`, `connection_id`, `user_ip`, `user_agent`) VALUES
(1, 1, 'addconfiguration', '2017-12-26 21:20:23', 'Adminuser Joby E Kunjumon ( User# 1) added a configuration configuration# 3', 'a:3:{s:13:\"configuration\";s:8:\"baseurl2\";s:5:\"value\";s:4:\"/cms\";s:8:\"comments\";s:7:\"comment\";}', 'id_configuration', 3, '::1', 'Mozilla/5.0 (Windows NT 10.0; Win64; x64; rv:57.0) Gecko/20100101 Firefox/57.0'),
(2, 1, 'editconfiguration', '2017-12-26 21:23:31', 'Adminuser Joby E Kunjumon ( User# 1) edited a configuration data having configuration #1', 'a:4:{s:13:\"configuration\";s:7:\"baseurl\";s:5:\"value\";s:5:\"/cmss\";s:8:\"comments\";s:7:\"comment\";s:10:\"id_to_edit\";s:1:\"1\";}', 'id_configuration', 1, '::1', 'Mozilla/5.0 (Windows NT 10.0; Win64; x64; rv:57.0) Gecko/20100101 Firefox/57.0'),
(3, 1, 'editconfiguration', '2017-12-26 21:29:13', 'Adminuser Joby E Kunjumon ( User# 1) edited a configuration data having configuration #1', 'a:4:{s:13:\"configuration\";s:7:\"baseurl\";s:5:\"value\";s:4:\"/cms\";s:8:\"comments\";s:7:\"comment\";s:10:\"id_to_edit\";s:1:\"1\";}', 'id_configuration', 1, '::1', 'Mozilla/5.0 (Windows NT 10.0; Win64; x64; rv:57.0) Gecko/20100101 Firefox/57.0'),
(4, 1, 'adduser', '2017-12-26 22:31:31', 'User Joby E Kunjumon ( User# 1) added a user user# 2', 'a:5:{s:4:\"name\";s:9:\"Jyothish \";s:5:\"email\";s:21:\"jyothish@konnecty.com\";s:8:\"password\";s:5:\"admin\";s:9:\"cpassword\";s:5:\"admin\";s:5:\"utype\";s:11:\"super_admin\";}', '', 2, '::1', 'Mozilla/5.0 (Windows NT 10.0; Win64; x64; rv:57.0) Gecko/20100101 Firefox/57.0'),
(5, 1, 'changepassword', '2017-12-27 16:09:44', 'Adminuser Joby E Kunjumon ( User# 1) has changed password of user user# 2', 'a:2:{s:8:\"password\";s:5:\"admin\";s:11:\"newpassword\";s:5:\"admin\";}', 'id_admin_user', 2, '::1', 'Mozilla/5.0 (Windows NT 10.0; Win64; x64; rv:57.0) Gecko/20100101 Firefox/57.0'),
(6, 2, 'changepassword', '2017-12-27 16:16:56', 'Adminuser Jyothish  ( User# 2) has changed password of user user# 2', 'a:2:{s:8:\"password\";s:8:\"admin123\";s:11:\"newpassword\";s:8:\"admin123\";}', 'id_admin_user', 2, '::1', 'Mozilla/5.0 (Windows NT 10.0; Win64; x64) AppleWebKit/537.36 (KHTML, like Gecko) Chrome/63.0.3239.84 Safari/537.36'),
(7, 1, 'adduser', '2017-12-27 16:23:19', 'User Joby E Kunjumon ( User# 1) added a user user# 3', 'a:5:{s:4:\"name\";s:6:\"Girish\";s:5:\"email\";s:19:\"girish@konnecty.com\";s:8:\"password\";s:5:\"admin\";s:9:\"cpassword\";s:5:\"admin\";s:5:\"utype\";s:5:\"admin\";}', '', 3, '::1', 'Mozilla/5.0 (Windows NT 10.0; Win64; x64; rv:57.0) Gecko/20100101 Firefox/57.0'),
(8, 1, 'editadminuser', '2017-12-27 16:29:58', 'Adminuser Joby E Kunjumon ( User# 1) edited a user data having user# 3', 'a:5:{s:4:\"name\";s:8:\"Girish C\";s:5:\"email\";s:19:\"girish@konnecty.com\";s:5:\"utype\";s:5:\"admin\";s:17:\"admin_user_status\";s:1:\"1\";s:10:\"id_to_edit\";s:1:\"3\";}', 'id_admin_user', 3, '::1', 'Mozilla/5.0 (Windows NT 10.0; Win64; x64; rv:57.0) Gecko/20100101 Firefox/57.0'),
(9, 1, 'deleteuser', '2017-12-27 16:30:10', 'User Joby E Kunjumon ( User# 1) deleted a user user# 3', 'a:1:{s:3:\"del\";s:1:\"3\";}', '', 3, '::1', 'Mozilla/5.0 (Windows NT 10.0; Win64; x64; rv:57.0) Gecko/20100101 Firefox/57.0'),
(10, 1, 'addcategory', '2017-12-27 17:51:00', 'Adminuser Joby E Kunjumon ( User# ) created a category having category# 1', 'a:3:{s:8:\"category\";s:8:\"Business\";s:18:\"id_parent_category\";s:1:\"0\";s:11:\"description\";s:19:\"First root category\";}', 'id_category', NULL, '::1', 'Mozilla/5.0 (Windows NT 10.0; Win64; x64; rv:57.0) Gecko/20100101 Firefox/57.0'),
(11, 1, 'addcategory', '2017-12-27 17:51:19', 'Adminuser Joby E Kunjumon ( User# ) created a category having category# 2', 'a:3:{s:8:\"category\";s:2:\"IT\";s:18:\"id_parent_category\";s:1:\"1\";s:11:\"description\";s:24:\"First sub level category\";}', 'id_category', NULL, '::1', 'Mozilla/5.0 (Windows NT 10.0; Win64; x64; rv:57.0) Gecko/20100101 Firefox/57.0'),
(12, 1, 'addcategory', '2017-12-27 17:51:37', 'Adminuser Joby E Kunjumon ( User# ) created a category having category# 3', 'a:3:{s:8:\"category\";s:8:\"Services\";s:18:\"id_parent_category\";s:1:\"2\";s:11:\"description\";s:27:\"First second level category\";}', 'id_category', NULL, '::1', 'Mozilla/5.0 (Windows NT 10.0; Win64; x64; rv:57.0) Gecko/20100101 Firefox/57.0'),
(13, 1, 'addcategory', '2017-12-27 17:51:49', 'Adminuser Joby E Kunjumon ( User# ) created a category having category# 4', 'a:3:{s:8:\"category\";s:6:\"Travel\";s:18:\"id_parent_category\";s:1:\"0\";s:11:\"description\";s:0:\"\";}', 'id_category', NULL, '::1', 'Mozilla/5.0 (Windows NT 10.0; Win64; x64; rv:57.0) Gecko/20100101 Firefox/57.0'),
(14, 1, 'editcategory', '2017-12-27 18:06:27', 'Adminuser Joby E Kunjumon ( User# ) updated category Services details having category# 3', 'a:4:{s:8:\"category\";s:8:\"Services\";s:18:\"id_parent_category\";s:1:\"1\";s:11:\"description\";s:27:\"First second level category\";s:10:\"id_to_edit\";s:1:\"3\";}', 'id_category', 3, '::1', 'Mozilla/5.0 (Windows NT 10.0; Win64; x64; rv:57.0) Gecko/20100101 Firefox/57.0'),
(15, 1, 'addcategory', '2017-12-27 18:12:30', 'Adminuser Joby E Kunjumon ( User# ) created a category having category# 5', 'a:3:{s:8:\"category\";s:7:\"Wedding\";s:18:\"id_parent_category\";s:1:\"0\";s:11:\"description\";s:0:\"\";}', 'id_category', 5, '::1', 'Mozilla/5.0 (Windows NT 10.0; Win64; x64; rv:57.0) Gecko/20100101 Firefox/57.0');

-- --------------------------------------------------------

--
-- Table structure for table `categories`
--

DROP TABLE IF EXISTS `categories`;
CREATE TABLE IF NOT EXISTS `categories` (
  `id_category` int(11) NOT NULL AUTO_INCREMENT,
  `id_parent_category` int(11) NOT NULL,
  `category` varchar(200) NOT NULL,
  `description` text NOT NULL,
  `category_level` smallint(6) NOT NULL,
  PRIMARY KEY (`id_category`)
) ENGINE=InnoDB AUTO_INCREMENT=6 DEFAULT CHARSET=latin1;

--
-- Dumping data for table `categories`
--

INSERT INTO `categories` (`id_category`, `id_parent_category`, `category`, `description`, `category_level`) VALUES
(1, 0, 'Business', 'First root category', 0),
(2, 1, 'IT', 'First sub level category', 1),
(3, 1, 'Services', 'First second level category', 1),
(4, 0, 'Travel', '', 0),
(5, 0, 'Wedding', '', 0);

-- --------------------------------------------------------

--
-- Table structure for table `configurations`
--

DROP TABLE IF EXISTS `configurations`;
CREATE TABLE IF NOT EXISTS `configurations` (
  `id_configuration` int(11) NOT NULL AUTO_INCREMENT,
  `configuration` varchar(100) NOT NULL,
  `value` text NOT NULL,
  `comments` text NOT NULL,
  PRIMARY KEY (`id_configuration`)
) ENGINE=InnoDB AUTO_INCREMENT=4 DEFAULT CHARSET=latin1;

--
-- Dumping data for table `configurations`
--

INSERT INTO `configurations` (`id_configuration`, `configuration`, `value`, `comments`) VALUES
(1, 'baseurl', '/cms', 'comment'),
(3, 'baseurl2', '/cms', 'comment');

-- --------------------------------------------------------

--
-- Table structure for table `contents`
--

DROP TABLE IF EXISTS `contents`;
CREATE TABLE IF NOT EXISTS `contents` (
  `id_content` int(11) NOT NULL AUTO_INCREMENT,
  `id_site` int(11) NOT NULL,
  `id_page` int(11) DEFAULT NULL,
  `component_id` varchar(100) DEFAULT NULL,
  `content_type` varchar(25) DEFAULT NULL COMMENT 'text,image,html',
  `content` text,
  PRIMARY KEY (`id_content`)
) ENGINE=MyISAM AUTO_INCREMENT=2455 DEFAULT CHARSET=latin1;

--
-- Dumping data for table `contents`
--

INSERT INTO `contents` (`id_content`, `id_site`, `id_page`, `component_id`, `content_type`, `content`) VALUES
(24, 16, 0, '@siteTitle;', 'html', '<p>Konnecty</p>\r\n'),
(18, 17, 0, '@blogHeading_1;', 'text', 'Jeading 1'),
(17, 17, 0, '@siteTitle;', 'text', 'Konnecty'),
(16, 16, 0, '@content_3;', 'html', '<h3>Pellentesque accumsan arcu nec dolor tempus</h3>\r\n\r\n<p>Pellentesque at velit ante. Duis scelerisque metus vel felis porttitor gravida. Donec at felis libero. Mauris odio tortor.</p>\r\n\r\n<p><a href=\\\"file:///C:/Users/JOBIN/Desktop/HTML%20Templates/level/index.html#\\\">Continue reading...</a></p>\r\n\r\n<h3>Duis scelerisque metus vel felis porttitor</h3>\r\n\r\n<p>Pellentesque at velit ante. Duis scelerisque metus vel felis porttitor gravida. Donec at felis libero. Mauris odio tortor.</p>\r\n\r\n<p><a href=\\\"file:///C:/Users/JOBIN/Desktop/HTML%20Templates/level/index.html#\\\">Continue reading...</a></p>\r\n\r\n<h3>Etiam aliquam arcu at mauris consectetur</h3>\r\n\r\n<p>Pellentesque at velit ante. Duis scelerisque metus vel felis porttitor gravida. Donec at felis libero. Mauris odio tortor.</p>\r\n\r\n<p><a href=\\\"file:///C:/Users/JOBIN/Desktop/HTML%20Templates/level/index.html#\\\">Continue reading...</a></p>\r\n'),
(23, 16, 0, '@content_footer_text_left;', 'html', '<p><a href=\\\"https://www.google.co.in/imgres?imgurl=https://www.quackit.com/pix/samples/4s.jpg&amp;imgrefurl=https://www.quackit.com/javascript/javascript_refresh_page.cfm&amp;h=150&amp;w=200&amp;tbnid=HyGndMii5ZKUZM:&amp;tbnh=150&amp;tbnw=200&amp;usg=__fM_rn0qoIwlnjFCEpGC2qsMY3Eg%3D&amp;vet=1&amp;docid=xJ-JH4G9Gw_WMM&amp;client=firefox-b-ab&amp;sa=X&amp;ved=0ahUKEwimvu_459HYAhXJwI8KHZwLDnUQ9QEIKTAA\\\"><img alt=\\\"Image result for refresh page using javascript\\\" src=\\\"data:image/jpeg;base64,/9j/4AAQSkZJRgABAQAAAQABAAD/2wCEAAkGBxMTEhUTExMVFhUVGRYbGRUVGBsgIRwgIB0iIiAdHx8kKDQsJCYxJx8fLTItMSsuMDAwIys1QD8uNzQ5MC4BCgoKDg0OGBAQGy4fHyUrNDcrKy0tNSsrNysuLysrNi0rLSsrKzctNy0tKysrLSs3LSsyLS0rNy0rKy0rLTcrK//AABEIAJYAyAMBIgACEQEDEQH/xAAcAAABBQEBAQAAAAAAAAAAAAAFAAIDBAYBBwj/xAA3EAACAQMDAgMHAwMEAgMAAAABAhEAAyEEEjEFQSJRYQYTMnGBkaHB0fBCUrEUI+HxFXIHFjP/xAAZAQADAQEBAAAAAAAAAAAAAAABAgMABAX/xAApEQACAgIBAwQBBAMAAAAAAAAAAQIRAyESBDFBEyJRYXEUgbHwMkKh/9oADAMBAAIRAxEAPwAarOD4blwdyckUW0XW9RaEldw/uXFZrSXpHBIye+KmOtMZj8V6Kk+xxOKPSeme3C3F2XRnghgMj5HBokOlaTU2/hgCY92YI78GRXkK66O5yfOjfs77TXLNw7SCpBkMTB8qRxrcdMZN+do0XtR7OWdLaN5XciQFUgZJ7SD6eVZOzcIIdfnNWfaLqTXyGJbj4d7MB6gNxiMCaH6DV7RsjIJM5nPb+edXwzl/syeSK8I3nSrTXrSuu0kzKqciDHFc1A2PseVY9iIn5UB6L1tbD+9glwCAsYIPmZq9rfbl3UbrFksDIkMY88TVnkyKWlaI+jBr4YQiuRWet+099n3OVZTPh2jHoIiK0vSuo2rzqGQKpB8Shzn81R56W0T9C3pkcVyKJ6zQ2kBYX12j5k8xws0NvXrKru/1Fo84G6fsBRj1EJdmK8M14GxXIp9uGQ3AfAvL5gfM0y1cDCVMg96rGafZiOLXdHCK4RUhFcimsUj21winkVymswwiuRTyKaaNmGlaaRT64RRBRGRXCtPIrhFEFERFKnkUqNgZ5xa1j7du7w8xT0PPlVJat2zXhHsD2H/dRkx51I61FE4+tFAHi+0k7jJqfTaqPik+s5FUAc1I2AfnRMHNPf4zgkHAEir13WqwKBeeDAH3isxbuEQe9X7GonPfyq0Mj7MnKCCDjH8AqPQaq6pJVyB3gnP071F7wnB59acj/cdop27FSo1XQdNYZf8AdlnOZJZY9JBzVvV3NDbUobSkxwCxP3nFYdLxE5NdN2QaVxTCrDnVerLeKi3bFpFAARTIJH9R9ai0HUmtGIlTk/8AFC7SiJqYZPp3+laPt7GkuS2aherWiY3dh2P2ohobZvNtt+IzFZfpXTblwgqrFeCyifsO/ajvs/7Mai68ublqxJJklS3pHrFGfUOKfYRdOmwp1jS2rFp298puqB4AJEnsYoPo9atxd0geYJ4on7WWi1xNNaAt2ba+ISMiefMx+9ef3TtLDBGRI75oYMsmrk7Nlwxulo2xFNIoF0Dqk/7bn/1JP4Jo6rg8EH5EGu2M0zllFxY2K5UhFNIqgowimkVIRXCKJiMilTiKVEVnkyHyq7ZWq6ACrC814R7BM1QF+frTwaYxx60wBu2kzHjvTlJjtXC35rGOqalsxIImQc1F72BAHNdS4B2rGo3jexN5rYey1u8GAYbWA5z3qpe9n9VaE3LLR6CfvFFP/j3rw2/6feQyksgjkHlfvmvQbWsPdJbkj9qDzTXiwcIs8WfQXCTCOfkpNRtpHBhlKme4Ir3kR8W0L5iR+lVml2ALA5+EgH9a36r6/wCheH7PHdD01nPDAf3MP0opo+nBW8QYAjBcZb/0Xv8AOvS72ttW2IKAR3WD9DjFZTrfXlL3CLYVlQbbkDziJp1mclpV9iOCXd39AzU9URCLOwkmd1pD6iFc/KSY9JmtBq/bKzZsxK79oCrbyF8l3eY8/wAmvMNQpYsZ8B5uHk9z8yfKp9ZpxbRdybSfhB5j+4+ppJY4tqxlJrsEL/tLde4jkwFERxIPOf5xVTqTW2O9SBwdkkk+ZOMfKhZb5/WptJcTcN87e+0Z+k1dJLsTds61wHgEeVTaa+yvvEKQDg8RxAp99NseHjuSD+BxUG/vAM4z29aonfYRr5NB0jrG+Ef4ux8/+aMEVgrxKNBntn81qtP1hIXcY3GBJBI4yfv5ferQy1pkJ4vKCRFNIqSKaRXRZEYRXKeRXKNgPJbbVOj5qGzT1fOK8Kz2CxUDGJqRabcTvTIAzfinbsH0qMpTlGP0omFphJmumuoYH0pm6fSsYuaPVMhBXBBkHuPrXtHsxr3v2EKsrMVBMjOOR95rw4Nmtb7C9X93c2M5VWyD5EfuP0pZKzHqS7wYeDE4B4qNnYEMqgjH9W0/oKhfq9qf9x/P4Zg+WSMGmf8Ak7RGwk7skGeR5ikSfwZtfJY19p7s25JDYlcH7nv+1Uv/AKcF05S3c3ncGIaJniCRzFWf9Vbyy3GEDkc89x3/ADUydRFttygsHMswB8vkYH70jclpDKu7Mn/4Q2G36gBY+DEhY7/M4yc/5rK+0lx2utu4GB8q33td1m7saSUUg7Q6QSeMTzivMSeZMmrYru2JL4Rz3wgCAPMxmmG5H0qN0zXGxma6LZOiwrEjtUgkgiJ9c4iotNZuNwjEHvGPvTNf1MI21bkbRkAmT5Afc1zdR1Lw0krbHhDkWLitw3PaabbHeqXT+oPcxdzJASJ3T5R8q01n2V1brvS0Svp29I7/AEqmDqPUW9MWcOLH9P6lttlSx3D4cmOOIqa17QbUG9CzeYMfcQabb9n9akRp7oichCZx+KpN0XUD4rNxZMeJGH+RV+bXZk+CfdHNX1+6xlSEEcLn/Ndodf0dwH4TzAxz+9Km5S+TcY/BnqclQh6kQ1wnUWEeKez+tVSacWxTJgZKaa7dq4pzSL0bAIHFJFpA0u1Zsx0dqnVoAIqtNPRu1Yxpb9gtaS4LxYsfEpmB5eL/AKqfR6bUs/uthckYBMkQJkEHkVS9mepe5uZyHBTPAngkdx/PWtfpna2zuSGPiQBAvhOZWRPAg5FZzaBxQPfQaqwA21yCu5ljIzk8Y+tMu+0IP9Tzngx9+9S6nUa0FfdszqCNquVPbAg9uMU29fK6e9cNr3ckwxAG6RwJEHB+9LLLxi21ZuCb0BOrdTe6PE5cggBJmPKfLtUOi0L3mAAVCcFWYCJwP8UG1IZALqyzsI3AgxxMxOf8fmh97X3LV1WOSvGfI/vXDHPkUuXj4LPGmqPbuhew9tUBvxJOcrx86NP7LaUmE09kAct4z+Jj815N0/2zvl7bsVW3uCsSSRHfHMkV6j1Pquns21vG4Ba2yCjAluxx3+9XWeU93X9/InBR8GO9vDp1RrVgqpCktBkPOI3doPlXny9GLKSXQEKWCk5JBiBj1PPlV3q2osi7cNo713E2w4J8JyPsTwfzQTq9xoW4WXxcBTn6jtXI5TnK3sqklpFe7qyrqw3FhyzmZacwOI+9en+zf/yXce5F3agJUKlvmT+gjMnE96850uma5agOFA27QQJdiTAAGY5/hq5ouj6jfdWbYwRcdyoKgHIjnt5ZqlPwF0fSC604hw4Imamt9StnG7J7TNYb2L6naGnCG4CyAF2IA5GMZ5+lF9VqlJUhSQRG9cHPn+KtGFq2TeSjRs9o/ELc/T9aVZK9rfdq7i7achSVBycUqV/TCnfg8U1XTSo3KwdRyVnHzBqpWs1GhVrgYJtgjIwWPcxEfior3s+97e6wM9/Cfse3qO808cy8mcPgy49KezzzT7+mKEgjI5jNMKirJp9ibEtyulppbaQFNQDu+kDSp4ijRrG2pJgDNPCkcg/OrGk0Fy4+xACYnJA/zFEtH0S8CfeW/DEwWAyPkazlGPcyTZT0KIzqHcKpiWM4r17or6A29iurrCgu4AJjzMDNecMLAXICEECNsyfUkkRUFq2oILXHuqpIVRIE9vWMdqlN8voeKo9U6r7PaVFN33jIuGKBgQSBjbOZ+tee+0PWEvlQfAi7gFMwwz8WTme/pQzqHtCx2WWunapPhWcYECPQ8T96EjqA3Mizhid0g+kgmvNyTlk14KJIj1jtsYpaVRLLuUndzHbtyPrQ1rJCMpRSQwlhkz6Hy/apburKeIBgwc8/Cfn6/wCZqje1MFiVU7pE89+VNNBNaGJNzoqsCDmQuD8zFaj2b68twe7vJbMW2AMnccyeZAETgbcCs4NbsY+7JKhdoDZwTkR6+lE+kaywvvCFQXmG0AyFgwDEcHmn2laA0Qa5i7b13LbBPu4ngfvFDls7lMqxJ+FhJB9KK9X6ndtMvKi4ox2IAiPl2zVDS3/eXFTxKjFZVcn9uc0sXSMFf/rblULGyhwDlt+QMHkDywOaEpYu27hCQWmMQefKf+DWuPT3ZrjMSUAEIQTx84jigy2LRvsUW5EEEHJEidxJnHpj60sMqb2wGr6FeFq0oZAGPC4OY+IjzPMEYil1XrlwsUa6+xoOJMROKgFj3VuTkwMnJMQD+32qG3qhdtgSDJ+IgyOPzmud9RLaT0BJJlfqHVfBFrJECGjE8GP5z9aVaNum9LRVRHf3wALl2B58jABye0UqlPqIY3TVlKMb1U37QtszeI8K48XzgzFQX+q3WAkNbtyJCYmPnk0ct6m2B7vUWlDCTbuN8RaeCYPmBkYrvtChv2w24SowVbwuR8QXAk/Py+U9Ueq7KUf38f3+BB/TU22/hUsQGJJGd3oTEDvFVNV7OvJYQiRJYiFnuMcAefFFekqY94tpYwATLbmC+Ime+ewHHrV7/ThgPG1wCcZUrAEnEzHlSvqfTlTMzB3tDcVipUyokgeXnVm0tlUi5vLmMDEfvWhHSHCBk3XPECoYHcJAxjMfOousez9x13bWRxwGiD6AnNd0c3KgcQLp+mM7jZ47fdh5eRHY+lFz7N2yhue8a2FgywBH5igXS9dd090MshlwV/BBq/1b2ie8eAqgmBMn7/tFXfPwxPaEejdP2v7xbyuCMFgZMcwZ9K7ruoahR/uQygidpGfmeRWZ0moZSQpI3YMUc13WmAtEkSPCTGCBmYHJyZqeSVPewr6L/RkW+lx7nhWyJZiXIEkACJmSe1NYWXSbUopwSCFk9iZkx6UT6laYWFFq3ZX3ots4Y+KYncVmIziRWZ6oLRTduaQSAymVnzPaflQcldWEFdR6Y4IZFL+Iy6+L6Y4qu+mcByUMJ8QCng5yY9KP9G1L2x4lI3L4MSWPbvMVA/WPGUMRMkEEdsTMYzn9a5sr4vSHXYAW9Hcey+xRBYYMCYxjy7UN1aOpCMCCB39RxW11N0EYyfT5cxVaz7PnUGZ2lRmfrwMelI8qiuUtIZKwT0lbRttccIQo8QBhvQCces880K0NlrlyERiCTA5jyzW50fshp1Qe8ZizxCgx+KOgrbthbdtVUgQBz2rm/V7fBN/nSG4Hn97oWrdQPdu0cRx8/wDmrfs/0K7J97ZUZHiukjEidsHBiTNaa51G5auspBgmQs/WB8/1NFbVzfEQCxkjPlx+lLkz5KqlX0CS1oHawqo8UETjkzA4IP709be5VdSAxb+nmRxI9J7/AL0UHSwQPeZ7wOJqS3p0BjE5I/WuJ54LXkyxPuwNrdCzWjLAEzkzzPbv2qPT9HW2BN0iVJI7dpjHr+aPam2gIc5A+sRMfk1mbhZ5MwSfhH9J8/kcU2Kbnq6Q9RirJHTdKrbDSmG2jB9T2+dKg56kVXwli0wyj0PI+v6Vyun9M/BNpMOv0/3a77XiVRkMQfD38P8A7T+Ki/0KPsvSQnhO0g/FknaZiqKdQghkLbvFjdwSc+g59cg1eta5rkKYUhsAbYDd+MzPcx35qdZY7smXWVvdKqsQVJkuBAA/q+3l2+VPuWI2M87uVHB7mfD28vlQvSXQoPvXLQIweIPEiZ586iPVAzEbU94o25IyD+08jypHGTdNgJr3tO1rUK+dgUqUkZxg+Y7ZPrQPq3tHdvtubBBBUKTCxxGaNde0ds4O52SBuVVAbE8DPl9PKgdroN1+FIPkRj7162HLDgrGVnel6V9QWA2h1zJJyPKAKg1ule2SGEEGMcUY6P0K/bcNAjuVORzGfKYomele/YNdRkPG0MI+Yx8zVn1MId2qN6bZkLakifsK0HSdK145BGxlYBh4cTjPzOPU1avGzYhAJbIJxJgZj8Ve6Fq/e+JTCryhGe/f6Vz5+qbg3Ffuxo49jz0z3huXWcuzSJiDzxPpFDtF7Mi0xf3bXJOF/tz5edHzBMsCAMEDg/zNQa7r6JvS2qqFCEMOck4nyx+a8/HnnKTdtlPT0Cer4Tcq+IEExM/mmaPTJdtOdk3G78ceZqDT6dnuC3uJQlvhAJBzE59fzWj09oWUCsVAGPnEn96ObIlFJPZooGL0slZdkRRIgAf5P8zTtBbUt/Up7kD1P8+tV+qdTW4RsiUmeI4E5PpXOlancW3QGU5z8UgEfzNaMZ8W5M1j/wDyLG46bvhzntn9pob1Xr+x1tgFhsAD7sFu+O3fnyrR2tJbtywQEt8UVT6v0e1durMBh7tiFPEKDBHn5/WqYpx260hmAw93VXVtoVZlAYv2HH15/wA1qlc2vAkYgEkenNWdBobdm0diBWbkjk0PIMsrHcG2qYGcnPpiK555FkdJaQEqGWur72cEsCDEieD/ACaj6rrVO12BSDCZ4AzP+BTy+5irfEwlWMweDQ4Jutn3mYZhB9RGB9s1lCK+hGyW3rSqgFiwfOfUSfpWW1PWG3tHdgPoP+qhv68qty0fiUws9u0VSvdPvW2HvLZhoMgg4OJBBiurF06V8gG70hsBjdOZVZEeg7fP9KVC+maRSm3fLOGBBIHB54PEcCKVQnig37mx1IugG3fhfCGgmCQWG4wT5ZWYMTVTVuGZtxO5WA3kzEd8T60Qe0vvmi6HcEfGFEAbjAJaf6uKF63Wf/om1dwdiXJOQSfvgDAq0WpU0RHaxWC8FATMme5J5H0k94+4m4HD5Vif7QMkefzorYutFzeUQXAeAOMcA9+31qTWbrYHhJZpl90n0nsKZS3RvJN7OXb5fewKKRHjmT5Hj0H2rVgE29rNJII8v8Vi7upuXANqOX2ibknj6Y86LWtWy20ZmzIHhH+PnU8+JNa0Vi6DGjtbPCqjy5p664l9gIken89Kz69XILsCAJZYnPIg/mrFtjta4QUBkyPWQBPnH+a5vSVty2M5fASudKU7iRJbBnP2qG41u2vgC7jA3cREcn61TXqX9W+IORPMZx596E3deNR/tpK8mf1p445Xt2gWavUXVa0PH8SyCufr+aDp0ZpMNzBLHMxA48zn5SKWis7tPbiCFDhswQAeR9x9/Su6HqY2+Btw5yeM8UYwlBaCpBzS6a1Ya4wgMQN31JA+Z7VT1OguOT73uP4Pl4jQ9Oqb3ccjwHdn6E/WaPWWVULOyjCgLIJ9J9TFIsUo+5dzaBj+zqlWBwzADBHHlXRoGt+EHHhGTwIzHpRTU39pC+ZgwZj1NOVBcbxl0UH4l7xzzxQjLI6TA5RKl7TwhYEgj1+1Z7puqJ1V1n5iYCk5JAHA4zWsK77hVbRNoY94HWPkROD+9POjCXRcS3tGyDJBzJjI5xFVgpxhLltG5JsCXb97/U20YQNpgfrH85qxqbZkmBJjwniPUnj50YIDETHoYqrrE3jBIPAx+T9q545IyetUUoznWXCgNhrfKoQQckDHJJ/ShPVOs7FVU3yQSARkcZwZGZ/hmi2vtnco4AEm6WI78LzGO/zA9bWi9ntvvbrsIubSGOWAnPbiCfpXd6sIpOQjjukY72X6W2quP7y2WVVJkNtMggfEZnn/ABWksstgke5bbHwMzSIzuJnPH/dE9P0xrYYqdu47S58uzfOczQjqWmvXTCFbjEGTbPl2O6PrR9T1fwZUu5FrtRbuhrlow1uG2sM/T6UqCe7IZ9yujLOB285PlmlTrGkLZo/DvQhYLOVbxH0Mz9RU2k6ajuyZKvbJzzIUtHJ/t5nHlSpVOqpkqKC2lWHKgq07V5iMZn6fOprmq984t/CWEkQCCQO9KlVIruwxI2O0rZ/sIBI7z/DTYLqhEEw0hiQAZAkR/wAUqVB6KA/pmjdiboceEtuBHBPBX7+kVcv9TlxbK4UE8z2nH0ilSopKT2LZXtdVXeT7sEqAc91n8Hj7VQ1uuCsGVYO11MYkzz9812lTKEbCFOjdea4vuNsCQcH+1cCqbAW0Qx4rjbsTgTAX/P3pUqVxUZUjMsjUZiSLdojwiAWcnaDPaM063pmRrTtdub3Khdp+0tz9qVKlm3FKjGi0PS2FxXa+5JExGInI5HlWstXJPpiBArlKt0vvVsVl50ABOB34oNfJuo21iAczGfl3rtKrT/xZkVbb+lN1W4JM/E0AfcSftSpV4ckuSHTdA4203BWG6JmQDwYmPxU+h1RdYPygen/VKlVJP2ME2yTXWPeKDJAjCzwc+Qnt51j9cxsMDJhwY24ODB/NKlXV075dwcm0Q6fUG4XBCmBnEbgQMk8g5pUqVdYtn//Z\\\" style=\\\"height:150px; margin-right:-1px; width:200px\\\" /></a></p>\r\n\r\n<p><strong>JavaScript Refresh Page</strong>. In <strong>JavaScript</strong>, you <strong>refresh</strong> the <strong>page using</strong> document.location.<strong>reload</strong>() . You can add the true keyword to force the reloaded <strong>page</strong> to come from the server (instead of cache). Alternatively, you can use the false keyword to <strong>reload</strong> the <strong>page</strong> from the cache.</p>\r\n\r\n<h3><a href=\\\"https://www.google.co.in/url?sa=t&amp;rct=j&amp;q=&amp;esrc=s&amp;source=web&amp;cd=3&amp;ved=0ahUKEwimvu_459HYAhXJwI8KHZwLDnUQFggtMAI&amp;url=https%3A%2F%2Fwww.quackit.com%2Fjavascript%2Fjavascript_refresh_page.cfm&amp;usg=AOvVaw0ZR9WutUo1QCvWAxaovdVu\\\">JavaScript Refresh Page - Quackit Tutorials</a></h3>\r\n'),
(25, 18, 0, '@logo;', 'text', 'Konnecty Waxom'),
(2106, 54, 0, '@logo;', NULL, 'Konnecty Waxom'),
(27, 18, 0, '@contactPageHeading;', 'text', 'CONTACT US'),
(29, 18, 0, '@contactPageDescription;', 'html', '<p style=\\\"color:#fff\\\">We are Small Team of Creative People working together</p>\r\n'),
(35, 18, 0, '@phone;', 'html', '<p>+91-98686626626<br />\r\n+91-2484923263</p>\r\n'),
(32, 18, 0, '@address;', 'html', 'Athirapilly,<br />\r\nThrissur,<br />\r\nAthirapilly P.O.,<br />\r\nPIN 685456\r\n'),
(34, 18, 0, '@googleMap;', 'map', '<div class=\\\"embed-responsive embed-responsive-16by9\\\">\r\n\r\n<iframe class=\\\"embed-responsive-item\\\" src=\\\"https://www.google.com/maps/embed?pb=!1m18!1m12!1m3!1d31434.452774189114!2d76.27904958891955!3d9.991513042837186!2m3!1f0!2f0!3f0!3m2!1i1024!2i768!4f13.1!3m3!1m2!1s0x3b080d13ee1347b1%3A0x89c9267d1aeeaac4!2sKaloor%2C+Kochi%2C+Kerala!5e0!3m2!1sen!2sin!4v1515836941862\\\"  frameborder=\\\"0\\\" style=\\\"border:0\\\" allowfullscreen></iframe>\r\n\r\n</div>'),
(36, 18, 0, '@email;', 'html', '<p>info@domain.com<br />\r\nsales@domain.com</p>\r\n'),
(2344, 58, 0, '@phone;', NULL, '<p>+91-98686626626<br />\r\n+91-2484923263</p>\r\n'),
(2345, 58, 0, '@address;', NULL, 'Athirapilly,<br />\r\nThrissur,<br />\r\nAthirapilly P.O.,<br />\r\nPIN 685456\r\n'),
(2346, 58, 0, '@googleMap;', NULL, '<div class=\\\"embed-responsive embed-responsive-16by9\\\">\r\n\r\n<iframe class=\\\"embed-responsive-item\\\" src=\\\"https://www.google.com/maps/embed?pb=!1m18!1m12!1m3!1d31434.452774189114!2d76.27904958891955!3d9.991513042837186!2m3!1f0!2f0!3f0!3m2!1i1024!2i768!4f13.1!3m3!1m2!1s0x3b080d13ee1347b1%3A0x89c9267d1aeeaac4!2sKaloor%2C+Kochi%2C+Kerala!5e0!3m2!1sen!2sin!4v1515836941862\\\"  frameborder=\\\"0\\\" style=\\\"border:0\\\" allowfullscreen></iframe>\r\n\r\n</div>'),
(43, 18, 0, '@footerLinksHeading_1;', 'text', 'What is Lorem Ipsum?'),
(39, 18, 0, '@footerMenuHeading_2;', 'text', 'Quick Links'),
(40, 18, 0, '@footerRightHeading_1;', 'text', 'Contact Info'),
(41, 18, 0, '@phoneNumber;', 'text', ' +91 986754232'),
(44, 18, 0, '@mainHeading_1;', 'text', 'Konnecty CMS is your Business Solution'),
(2341, 58, 0, '@logo;', NULL, 'Konnecty Waxom'),
(2342, 58, 0, '@contactPageHeading;', NULL, 'CONTACT US'),
(2343, 58, 0, '@contactPageDescription;', NULL, '<p style=\\\"color:#fff\\\">We are Small Team of Creative People working together</p>\r\n'),
(46, 18, 0, '@servicesBoxHeading_1;', 'text', 'Business Solution'),
(47, 18, 0, '@servicesBoxHeading_1;', 'text', 'Business Solution'),
(48, 18, 0, '@servicesBoxHeading_2;', 'text', 'Business Solution'),
(49, 18, 0, '@servicesBoxHeading_3;', 'text', 'Business Solution'),
(50, 18, 0, '@servicesBoxDescription_1;', 'text', 'Lorem ipsum dolor sit amet, consectetur adipisicing elit, sed do eiusmod tempor incididunt'),
(51, 18, 0, '@servicesBoxDescription_2;', 'text', 'Lorem ipsum dolor sit amet, consectetur adipisicing elit, sed do eiusmod tempor incididunt'),
(52, 18, 0, '@servicesBoxDescription_3;', 'text', 'Lorem ipsum dolor sit amet, consectetur adipisicing elit, sed do eiusmod tempor incididunt'),
(53, 18, 0, '@servicesBoxMoreButton_1;', 'html', '<p><a href=\\\"http://google.com\\\">More &gt;&gt; </a></p>\r\n'),
(54, 18, 0, '@servicesBoxMoreButton_2;', 'html', '<p><a href=\\\"http://google.com\\\">More &gt;&gt; </a></p>\r\n'),
(55, 18, 0, '@servicesBoxMoreButton_3;', 'html', '<p><a href=\\\"http://google.com\\\">More &gt;&gt; </a></p>\r\n'),
(56, 18, 0, '@visionBoxHeading_1;', 'text', 'Our Values'),
(59, 18, 0, '@visionBoxDescription_1;', 'html', '<p>Lorem ipsum dolor sit amet, consectetur adipisicing elit, sed do eiusmod tempor incididunt ut labore et dolore magna aliqua. Ut enim ad minim veniam, quis nostrud exercitation ullamco laboris nisi ut aliquip ex ea commodo consequat.</p>'),
(60, 18, 0, '@visionBoxDescription_2;', 'html', '<p>Lorem ipsum dolor sit amet, consectetur adipisicing elit, sed do eiusmod tempor incididunt ut labore et dolore magna aliqua. Ut enim ad minim veniam, quis nostrud exercitation ullamco laboris nisi ut aliquip ex ea commodo consequat.</p>'),
(61, 18, 0, '@visionBoxHeading_2;', 'text', 'Our Philosophy'),
(62, 18, 0, '@visionBoxDescription_3;', 'html', '<p>Lorem ipsum dolor sit amet, consectetur adipisicing elit, sed do eiusmod tempor incididunt ut labore et dolore magna aliqua. Ut enim ad minim veniam, quis nostrud exercitation ullamco laboris nisi ut aliquip ex ea commodo consequat.</p>'),
(63, 18, 0, '@visionBoxHeading_3;', 'text', 'Our Mission'),
(64, 18, 0, '@offerSectionHeading;', 'text', 'What we can offer for you ?'),
(66, 18, 0, '@offerSectionDescription;', 'html', '<p>Lorem ipsum dolor sit amet, consectetur adipisicing elit, sed do eiusmod tempor incididunt</p>'),
(68, 18, 0, '@offerListItemHeading_1;', 'text', '\r\nWeb Design'),
(69, 18, 0, '@offerListItemIcon_1;', 'html', '<i class=\\\"fa fa-user-circle-o\\\" aria-hidden=\\\"true\\\"></i>'),
(70, 18, 0, '@offerListItemIcon_2;', 'html', '<i class=\\\"fa fa-user-circle-o\\\" aria-hidden=\\\"true\\\"></i>'),
(71, 18, 0, '@offerListItemIcon_3;', 'html', '<i class=\\\"fa fa-user-circle-o\\\" aria-hidden=\\\"true\\\"></i>'),
(72, 18, 0, '@offerListItemIcon_4;', 'html', '<i class=\\\"fa fa-user-circle-o\\\" aria-hidden=\\\"true\\\"></i>'),
(73, 18, 0, '@offerListItemIcon_5;', 'html', '<i class=\\\"fa fa-user-circle-o\\\" aria-hidden=\\\"true\\\"></i>'),
(74, 18, 0, '@offerListItemHeading_2;', 'text', '\r\nWeb Design'),
(75, 18, 0, '@offerListItemHeading_3;', 'text', '\r\nWeb Design'),
(76, 18, 0, '@offerListItemHeading_4;', 'text', '\r\nWeb Design'),
(77, 18, 0, '@offerListItemHeading_5;', 'text', '\r\nWeb Design'),
(78, 18, 0, '@offerListItemDescription_1;', 'text', '\r\nWeb Design\r\n\r\nLorem ipsum dolor sit amet, consectetur adipisicing elit, sed do eiusmod tempor incididunt ut labore et dolore magna aliqua.\r\n'),
(79, 18, 0, '@offerListItemDescription_2;', 'text', '\r\nWeb Design\r\n\r\nLorem ipsum dolor sit amet, consectetur adipisicing elit, sed do eiusmod tempor incididunt ut labore et dolore magna aliqua.\r\n'),
(80, 18, 0, '@offerListItemDescription_3;', 'text', '\r\nWeb Design\r\n\r\nLorem ipsum dolor sit amet, consectetur adipisicing elit, sed do eiusmod tempor incididunt ut labore et dolore magna aliqua.\r\n'),
(81, 18, 0, '@offerListItemDescription_4;', 'text', '\r\nWeb Design\r\n\r\nLorem ipsum dolor sit amet, consectetur adipisicing elit, sed do eiusmod tempor incididunt ut labore et dolore magna aliqua.\r\n'),
(82, 18, 0, '@offerListItemDescription_5;', 'text', '\r\nWeb Design\r\n\r\nLorem ipsum dolor sit amet, consectetur adipisicing elit, sed do eiusmod tempor incididunt ut labore et dolore magna aliqua.\r\n'),
(83, 18, 0, '@businessOpSectionHeading;', 'text', 'Our Business Opurtunity'),
(84, 18, 0, '@businessOpSectionDescription;', 'html', '<p>Lorem ipsum dolor sit amet, consectetur adipisicing elit, sed do eiusmod tempor incididunt ut labore et dolore magna aliqua. Ut enim ad minim veniam, quis nostrud exercitation ullamco laboris nisi ut aliquip ex ea commodo consequat. Duis aute irure dolor in reprehenderit in voluptate velit esse cillum dolore eu fugiat nulla pariatur. Excepteur sint occaecat cupidatat non proident, sunt in culpa qui officia deserunt mollit anim id est laborum.</p>'),
(85, 18, 0, '@businessOpBulletPoint_1;', 'text', 'quis nostrud exercitation ullamco laboris'),
(86, 18, 0, '@businessOpBulletPoint_2;', 'text', 'quis nostrud exercitation ullamco laboris'),
(87, 18, 0, '@businessOpBulletPoint_3;', 'text', 'quis nostrud exercitation ullamco laboris'),
(88, 18, 0, '@bottomSectionHeading;', 'text', 'Recent News'),
(89, 18, 0, '@bottomSectionBoxDescription_1;', 'text', '\r\nStandard Blog Post\r\n\r\nExcepteur sint occaecat cupidatat non proident, sunt in culpa qui officia deserunt mollit anim id est laborum.\r\nStandard Blog Post\r\n\r\nExcepteur sint occaecat cupidatat non proident, sunt in culpa qui officia deserunt mollit anim id est laborum.\r\n'),
(90, 18, 0, '@bottomSectionBoxDescription_2;', 'text', '\r\nStandard Blog Post\r\n\r\nExcepteur sint occaecat cupidatat non proident, sunt in culpa qui officia deserunt mollit anim id est laborum.\r\nStandard Blog Post\r\n\r\nExcepteur sint occaecat cupidatat non proident, sunt in culpa qui officia deserunt mollit anim id est laborum.\r\n'),
(91, 18, 0, '@bottomSectionBoxDescription_3;', 'text', '\r\nStandard Blog Post\r\n\r\nExcepteur sint occaecat cupidatat non proident, sunt in culpa qui officia deserunt mollit anim id est laborum.\r\nStandard Blog Post\r\n\r\nExcepteur sint occaecat cupidatat non proident, sunt in culpa qui officia deserunt mollit anim id est laborum.\r\n'),
(93, 18, 0, '@bottomSectionDescription;', 'html', '<p>Lorem ipsum dolor sit amet, consectetur adipisicing elit, sed do eiusmod tempor incididunt ut labore et dolore magna aliqua.</p>'),
(94, 18, 0, '@footerLeftText;', 'html', '<p><em><strong>This is a test contnt</strong></em></p>\r\n'),
(270, 19, 0, '@bottomSectionDescription;', NULL, '<p>Lorem ipsum dolor sit amet, consectetur adipisicing elit, sed do eiusmod tempor incididunt ut labore et dolore magna aliqua.</p>'),
(268, 19, 0, '@bottomSectionBoxDescription_2;', NULL, '\r\nStandard Blog Post\r\n\r\nExcepteur sint occaecat cupidatat non proident, sunt in culpa qui officia deserunt mollit anim id est laborum.\r\nStandard Blog Post\r\n\r\nExcepteur sint occaecat cupidatat non proident, sunt in culpa qui officia deserunt mollit anim id est laborum.\r\n'),
(269, 19, 0, '@bottomSectionBoxDescription_3;', NULL, '\r\nStandard Blog Post\r\n\r\nExcepteur sint occaecat cupidatat non proident, sunt in culpa qui officia deserunt mollit anim id est laborum.\r\nStandard Blog Post\r\n\r\nExcepteur sint occaecat cupidatat non proident, sunt in culpa qui officia deserunt mollit anim id est laborum.\r\n'),
(265, 19, 0, '@businessOpBulletPoint_3;', NULL, 'quis nostrud exercitation ullamco laboris'),
(266, 19, 0, '@bottomSectionHeading;', NULL, 'Recent News'),
(267, 19, 0, '@bottomSectionBoxDescription_1;', NULL, '\r\nStandard Blog Post\r\n\r\nExcepteur sint occaecat cupidatat non proident, sunt in culpa qui officia deserunt mollit anim id est laborum.\r\nStandard Blog Post\r\n\r\nExcepteur sint occaecat cupidatat non proident, sunt in culpa qui officia deserunt mollit anim id est laborum.\r\n'),
(263, 19, 0, '@businessOpBulletPoint_1;', NULL, 'quis nostrud exercitation ullamco laboris'),
(264, 19, 0, '@businessOpBulletPoint_2;', NULL, 'quis nostrud exercitation ullamco laboris'),
(262, 19, 0, '@businessOpSectionDescription;', NULL, '<p>Lorem ipsum dolor sit amet, consectetur adipisicing elit, sed do eiusmod tempor incididunt ut labore et dolore magna aliqua. Ut enim ad minim veniam, quis nostrud exercitation ullamco laboris nisi ut aliquip ex ea commodo consequat. Duis aute irure dolor in reprehenderit in voluptate velit esse cillum dolore eu fugiat nulla pariatur. Excepteur sint occaecat cupidatat non proident, sunt in culpa qui officia deserunt mollit anim id est laborum.</p>'),
(261, 19, 0, '@businessOpSectionHeading;', NULL, 'Our Business Opurtunity'),
(260, 19, 0, '@offerListItemDescription_5;', NULL, '\r\nWeb Design\r\n\r\nLorem ipsum dolor sit amet, consectetur adipisicing elit, sed do eiusmod tempor incididunt ut labore et dolore magna aliqua.\r\n'),
(259, 19, 0, '@offerListItemDescription_4;', NULL, '\r\nWeb Design\r\n\r\nLorem ipsum dolor sit amet, consectetur adipisicing elit, sed do eiusmod tempor incididunt ut labore et dolore magna aliqua.\r\n'),
(258, 19, 0, '@offerListItemDescription_3;', NULL, '\r\nWeb Design\r\n\r\nLorem ipsum dolor sit amet, consectetur adipisicing elit, sed do eiusmod tempor incididunt ut labore et dolore magna aliqua.\r\n'),
(257, 19, 0, '@offerListItemDescription_2;', NULL, '\r\nWeb Design\r\n\r\nLorem ipsum dolor sit amet, consectetur adipisicing elit, sed do eiusmod tempor incididunt ut labore et dolore magna aliqua.\r\n'),
(256, 19, 0, '@offerListItemDescription_1;', NULL, '\r\nWeb Design\r\n\r\nLorem ipsum dolor sit amet, consectetur adipisicing elit, sed do eiusmod tempor incididunt ut labore et dolore magna aliqua.\r\n'),
(252, 19, 0, '@offerListItemHeading_2;', NULL, '\r\nWeb Design'),
(253, 19, 0, '@offerListItemHeading_3;', NULL, '\r\nWeb Design'),
(254, 19, 0, '@offerListItemHeading_4;', NULL, '\r\nWeb Design'),
(255, 19, 0, '@offerListItemHeading_5;', NULL, '\r\nWeb Design'),
(249, 19, 0, '@offerListItemIcon_3;', NULL, '<i class=\\\"fa fa-user-circle-o\\\" aria-hidden=\\\"true\\\"></i>'),
(250, 19, 0, '@offerListItemIcon_4;', NULL, '<i class=\\\"fa fa-user-circle-o\\\" aria-hidden=\\\"true\\\"></i>'),
(251, 19, 0, '@offerListItemIcon_5;', NULL, '<i class=\\\"fa fa-user-circle-o\\\" aria-hidden=\\\"true\\\"></i>'),
(245, 19, 0, '@offerSectionDescription;', NULL, '<p>Lorem ipsum dolor sit amet, consectetur adipisicing elit, sed do eiusmod tempor incididunt</p>'),
(246, 19, 0, '@offerListItemHeading_1;', NULL, '\r\nWeb Design'),
(247, 19, 0, '@offerListItemIcon_1;', NULL, '<i class=\\\"fa fa-user-circle-o\\\" aria-hidden=\\\"true\\\"></i>'),
(248, 19, 0, '@offerListItemIcon_2;', NULL, '<i class=\\\"fa fa-user-circle-o\\\" aria-hidden=\\\"true\\\"></i>'),
(244, 19, 0, '@offerSectionHeading;', NULL, 'What we can offer for you ?'),
(243, 19, 0, '@visionBoxHeading_3;', NULL, 'Our Mission'),
(241, 19, 0, '@visionBoxHeading_2;', NULL, 'Our Philosophy'),
(242, 19, 0, '@visionBoxDescription_3;', NULL, '<p>Lorem ipsum dolor sit amet, consectetur adipisicing elit, sed do eiusmod tempor incididunt ut labore et dolore magna aliqua. Ut enim ad minim veniam, quis nostrud exercitation ullamco laboris nisi ut aliquip ex ea commodo consequat.</p>'),
(240, 19, 0, '@visionBoxDescription_2;', NULL, '<p>Lorem ipsum dolor sit amet, consectetur adipisicing elit, sed do eiusmod tempor incididunt ut labore et dolore magna aliqua. Ut enim ad minim veniam, quis nostrud exercitation ullamco laboris nisi ut aliquip ex ea commodo consequat.</p>'),
(236, 19, 0, '@servicesBoxMoreButton_2;', NULL, '<p><a href=\\\"http://google.com\\\">More &gt;&gt; </a></p>\r\n'),
(233, 19, 0, '@servicesBoxDescription_2;', NULL, 'Lorem ipsum dolor sit amet, consectetur adipisicing elit, sed do eiusmod tempor incididunt'),
(239, 19, 0, '@visionBoxDescription_1;', NULL, '<p>Lorem ipsum dolor sit amet, consectetur adipisicing elit, sed do eiusmod tempor incididunt ut labore et dolore magna aliqua. Ut enim ad minim veniam, quis nostrud exercitation ullamco laboris nisi ut aliquip ex ea commodo consequat.</p>'),
(238, 19, 0, '@visionBoxHeading_1;', NULL, 'Our Values'),
(237, 19, 0, '@servicesBoxMoreButton_3;', NULL, '<p><a href=\\\"http://google.com\\\">More &gt;&gt; </a></p>\r\n'),
(234, 19, 0, '@servicesBoxDescription_3;', NULL, 'Lorem ipsum dolor sit amet, consectetur adipisicing elit, sed do eiusmod tempor incididunt'),
(235, 19, 0, '@servicesBoxMoreButton_1;', NULL, '<p><a href=\\\"http://google.com\\\">More &gt;&gt; </a></p>\r\n'),
(223, 19, 0, '@footerMenuHeading_2;', NULL, 'Quick Links'),
(224, 19, 0, '@footerRightHeading_1;', NULL, 'Contact Info'),
(225, 19, 0, '@phoneNumber;', NULL, ' +91 986754232'),
(226, 19, 0, '@mainHeading_1;', NULL, 'Konnecty CMS is your Business Solution'),
(227, 19, 0, '@mainDescription_1;', NULL, '<p>Lorem ipsum dolor sit amet, consectetur adipisicing elit, sed do eiusmod tempor incididunt</p>'),
(228, 19, 0, '@servicesBoxHeading_1;', NULL, 'Business Solution'),
(229, 19, 0, '@servicesBoxHeading_1;', NULL, 'Business Solution'),
(230, 19, 0, '@servicesBoxHeading_2;', NULL, 'Business Solution'),
(232, 19, 0, '@servicesBoxDescription_1;', NULL, 'Lorem ipsum dolor sit amet, consectetur adipisicing elit, sed do eiusmod tempor incididunt'),
(231, 19, 0, '@servicesBoxHeading_3;', NULL, 'Business Solution'),
(222, 19, 0, '@footerLinksHeading_1;', NULL, 'What is Lorem Ipsum?'),
(220, 19, 0, '@email;', NULL, '<p>info@domain.com<br />\r\nsales@domain.com</p>\r\n'),
(221, 19, 0, '@footerMenu_1;', NULL, '<p><strong>Lorem Ipsum</strong> is simply dummy text of the printing and typesetting industry. Lorem Ipsum has been the industry&#39;s standard dummy text ever since the 1500s, when an unknown printer took a galley of type and scrambled it to make a type specimen book. It has survived not only five centuries, but also the leap into electron</p>\r\n'),
(217, 19, 0, '@phone;', NULL, '<p>+91-98686626626<br />\r\n+91-2484923263</p>\r\n'),
(218, 19, 0, '@address;', NULL, 'Athirapilly,<br />\r\nThrissur,<br />\r\nAthirapilly P.O.,<br />\r\nPIN 685456\r\n'),
(219, 19, 0, '@googleMap;', NULL, '<div class=\\\"embed-responsive embed-responsive-16by9\\\">\r\n\r\n<iframe class=\\\"embed-responsive-item\\\" src=\\\"https://www.google.com/maps/embed?pb=!1m18!1m12!1m3!1d31434.452774189114!2d76.27904958891955!3d9.991513042837186!2m3!1f0!2f0!3f0!3m2!1i1024!2i768!4f13.1!3m3!1m2!1s0x3b080d13ee1347b1%3A0x89c9267d1aeeaac4!2sKaloor%2C+Kochi%2C+Kerala!5e0!3m2!1sen!2sin!4v1515836941862\\\"  frameborder=\\\"0\\\" style=\\\"border:0\\\" allowfullscreen></iframe>\r\n\r\n</div>'),
(215, 19, 0, '@contactPageHeading;', NULL, 'CONTACT US'),
(216, 19, 0, '@contactPageDescription;', NULL, '<p style=\\\"color:#fff\\\">We are Small Team of Creative People working together</p>\r\n'),
(213, 19, 0, '@logo;', NULL, 'Konnecty Waxom'),
(214, 19, 0, '@siteTitle;', NULL, 'Konnecty'),
(271, 19, 0, '@footerLeftText;', NULL, '<p><em><strong>This is a test contnt</strong></em></p>\r\n'),
(272, 23, 0, '@logo;', NULL, 'Konnecty Waxom'),
(273, 23, 0, '@siteTitle;', NULL, 'Konnecty'),
(274, 23, 0, '@contactPageHeading;', NULL, 'CONTACT US'),
(275, 23, 0, '@contactPageDescription;', NULL, '<p style=\\\"color:#fff\\\">We are Small Team of Creative People working together</p>\r\n'),
(276, 23, 0, '@phone;', NULL, '<p>+91-98686626626<br />\r\n+91-2484923263</p>\r\n'),
(277, 23, 0, '@address;', NULL, 'Athirapilly,<br />\r\nThrissur,<br />\r\nAthirapilly P.O.,<br />\r\nPIN 685456\r\n'),
(278, 23, 0, '@googleMap;', NULL, '<div class=\\\"embed-responsive embed-responsive-16by9\\\">\r\n\r\n<iframe class=\\\"embed-responsive-item\\\" src=\\\"https://www.google.com/maps/embed?pb=!1m18!1m12!1m3!1d31434.452774189114!2d76.27904958891955!3d9.991513042837186!2m3!1f0!2f0!3f0!3m2!1i1024!2i768!4f13.1!3m3!1m2!1s0x3b080d13ee1347b1%3A0x89c9267d1aeeaac4!2sKaloor%2C+Kochi%2C+Kerala!5e0!3m2!1sen!2sin!4v1515836941862\\\"  frameborder=\\\"0\\\" style=\\\"border:0\\\" allowfullscreen></iframe>\r\n\r\n</div>'),
(279, 23, 0, '@email;', NULL, '<p>info@domain.com<br />\r\nsales@domain.com</p>\r\n'),
(280, 23, 0, '@footerMenu_1;', NULL, '<p><strong>Lorem Ipsum</strong> is simply dummy text of the printing and typesetting industry. Lorem Ipsum has been the industry&#39;s standard dummy text ever since the 1500s, when an unknown printer took a galley of type and scrambled it to make a type specimen book. It has survived not only five centuries, but also the leap into electron</p>\r\n'),
(281, 23, 0, '@footerLinksHeading_1;', NULL, 'What is Lorem Ipsum?'),
(282, 23, 0, '@footerMenuHeading_2;', NULL, 'Quick Links'),
(283, 23, 0, '@footerRightHeading_1;', NULL, 'Contact Info'),
(284, 23, 0, '@phoneNumber;', NULL, ' +91 986754232'),
(285, 23, 0, '@mainHeading_1;', NULL, 'Konnecty CMS is your Business Solution'),
(286, 23, 0, '@mainDescription_1;', NULL, '<p>Lorem ipsum dolor sit amet, consectetur adipisicing elit, sed do eiusmod tempor incididunt</p>'),
(287, 23, 0, '@servicesBoxHeading_1;', NULL, 'Business Solution'),
(288, 23, 0, '@servicesBoxHeading_1;', NULL, 'Business Solution'),
(289, 23, 0, '@servicesBoxHeading_2;', NULL, 'Business Solution'),
(290, 23, 0, '@servicesBoxHeading_3;', NULL, 'Business Solution'),
(291, 23, 0, '@servicesBoxDescription_1;', NULL, 'Lorem ipsum dolor sit amet, consectetur adipisicing elit, sed do eiusmod tempor incididunt'),
(292, 23, 0, '@servicesBoxDescription_2;', NULL, 'Lorem ipsum dolor sit amet, consectetur adipisicing elit, sed do eiusmod tempor incididunt'),
(293, 23, 0, '@servicesBoxDescription_3;', NULL, 'Lorem ipsum dolor sit amet, consectetur adipisicing elit, sed do eiusmod tempor incididunt'),
(294, 23, 0, '@servicesBoxMoreButton_1;', NULL, '<p><a href=\\\"http://google.com\\\">More &gt;&gt; </a></p>\r\n'),
(295, 23, 0, '@servicesBoxMoreButton_2;', NULL, '<p><a href=\\\"http://google.com\\\">More &gt;&gt; </a></p>\r\n'),
(296, 23, 0, '@servicesBoxMoreButton_3;', NULL, '<p><a href=\\\"http://google.com\\\">More &gt;&gt; </a></p>\r\n'),
(297, 23, 0, '@visionBoxHeading_1;', NULL, 'Our Values'),
(298, 23, 0, '@visionBoxDescription_1;', NULL, '<p>Lorem ipsum dolor sit amet, consectetur adipisicing elit, sed do eiusmod tempor incididunt ut labore et dolore magna aliqua. Ut enim ad minim veniam, quis nostrud exercitation ullamco laboris nisi ut aliquip ex ea commodo consequat.</p>'),
(299, 23, 0, '@visionBoxDescription_2;', NULL, '<p>Lorem ipsum dolor sit amet, consectetur adipisicing elit, sed do eiusmod tempor incididunt ut labore et dolore magna aliqua. Ut enim ad minim veniam, quis nostrud exercitation ullamco laboris nisi ut aliquip ex ea commodo consequat.</p>'),
(300, 23, 0, '@visionBoxHeading_2;', NULL, 'Our Philosophy'),
(301, 23, 0, '@visionBoxDescription_3;', NULL, '<p>Lorem ipsum dolor sit amet, consectetur adipisicing elit, sed do eiusmod tempor incididunt ut labore et dolore magna aliqua. Ut enim ad minim veniam, quis nostrud exercitation ullamco laboris nisi ut aliquip ex ea commodo consequat.</p>'),
(302, 23, 0, '@visionBoxHeading_3;', NULL, 'Our Mission'),
(303, 23, 0, '@offerSectionHeading;', NULL, 'What we can offer for you ?'),
(304, 23, 0, '@offerSectionDescription;', NULL, '<p>Lorem ipsum dolor sit amet, consectetur adipisicing elit, sed do eiusmod tempor incididunt</p>'),
(305, 23, 0, '@offerListItemHeading_1;', NULL, '\r\nWeb Design'),
(306, 23, 0, '@offerListItemIcon_1;', NULL, '<i class=\\\"fa fa-user-circle-o\\\" aria-hidden=\\\"true\\\"></i>'),
(307, 23, 0, '@offerListItemIcon_2;', NULL, '<i class=\\\"fa fa-user-circle-o\\\" aria-hidden=\\\"true\\\"></i>'),
(308, 23, 0, '@offerListItemIcon_3;', NULL, '<i class=\\\"fa fa-user-circle-o\\\" aria-hidden=\\\"true\\\"></i>'),
(309, 23, 0, '@offerListItemIcon_4;', NULL, '<i class=\\\"fa fa-user-circle-o\\\" aria-hidden=\\\"true\\\"></i>'),
(310, 23, 0, '@offerListItemIcon_5;', NULL, '<i class=\\\"fa fa-user-circle-o\\\" aria-hidden=\\\"true\\\"></i>'),
(311, 23, 0, '@offerListItemHeading_2;', NULL, '\r\nWeb Design'),
(312, 23, 0, '@offerListItemHeading_3;', NULL, '\r\nWeb Design'),
(313, 23, 0, '@offerListItemHeading_4;', NULL, '\r\nWeb Design'),
(314, 23, 0, '@offerListItemHeading_5;', NULL, '\r\nWeb Design'),
(315, 23, 0, '@offerListItemDescription_1;', NULL, '\r\nWeb Design\r\n\r\nLorem ipsum dolor sit amet, consectetur adipisicing elit, sed do eiusmod tempor incididunt ut labore et dolore magna aliqua.\r\n'),
(316, 23, 0, '@offerListItemDescription_2;', NULL, '\r\nWeb Design\r\n\r\nLorem ipsum dolor sit amet, consectetur adipisicing elit, sed do eiusmod tempor incididunt ut labore et dolore magna aliqua.\r\n'),
(317, 23, 0, '@offerListItemDescription_3;', NULL, '\r\nWeb Design\r\n\r\nLorem ipsum dolor sit amet, consectetur adipisicing elit, sed do eiusmod tempor incididunt ut labore et dolore magna aliqua.\r\n'),
(318, 23, 0, '@offerListItemDescription_4;', NULL, '\r\nWeb Design\r\n\r\nLorem ipsum dolor sit amet, consectetur adipisicing elit, sed do eiusmod tempor incididunt ut labore et dolore magna aliqua.\r\n'),
(319, 23, 0, '@offerListItemDescription_5;', NULL, '\r\nWeb Design\r\n\r\nLorem ipsum dolor sit amet, consectetur adipisicing elit, sed do eiusmod tempor incididunt ut labore et dolore magna aliqua.\r\n'),
(320, 23, 0, '@businessOpSectionHeading;', NULL, 'Our Business Opurtunity'),
(321, 23, 0, '@businessOpSectionDescription;', NULL, '<p>Lorem ipsum dolor sit amet, consectetur adipisicing elit, sed do eiusmod tempor incididunt ut labore et dolore magna aliqua. Ut enim ad minim veniam, quis nostrud exercitation ullamco laboris nisi ut aliquip ex ea commodo consequat. Duis aute irure dolor in reprehenderit in voluptate velit esse cillum dolore eu fugiat nulla pariatur. Excepteur sint occaecat cupidatat non proident, sunt in culpa qui officia deserunt mollit anim id est laborum.</p>'),
(322, 23, 0, '@businessOpBulletPoint_1;', NULL, 'quis nostrud exercitation ullamco laboris'),
(323, 23, 0, '@businessOpBulletPoint_2;', NULL, 'quis nostrud exercitation ullamco laboris'),
(324, 23, 0, '@businessOpBulletPoint_3;', NULL, 'quis nostrud exercitation ullamco laboris'),
(325, 23, 0, '@bottomSectionHeading;', NULL, 'Recent News'),
(326, 23, 0, '@bottomSectionBoxDescription_1;', NULL, '\r\nStandard Blog Post\r\n\r\nExcepteur sint occaecat cupidatat non proident, sunt in culpa qui officia deserunt mollit anim id est laborum.\r\nStandard Blog Post\r\n\r\nExcepteur sint occaecat cupidatat non proident, sunt in culpa qui officia deserunt mollit anim id est laborum.\r\n'),
(327, 23, 0, '@bottomSectionBoxDescription_2;', NULL, '\r\nStandard Blog Post\r\n\r\nExcepteur sint occaecat cupidatat non proident, sunt in culpa qui officia deserunt mollit anim id est laborum.\r\nStandard Blog Post\r\n\r\nExcepteur sint occaecat cupidatat non proident, sunt in culpa qui officia deserunt mollit anim id est laborum.\r\n'),
(328, 23, 0, '@bottomSectionBoxDescription_3;', NULL, '\r\nStandard Blog Post\r\n\r\nExcepteur sint occaecat cupidatat non proident, sunt in culpa qui officia deserunt mollit anim id est laborum.\r\nStandard Blog Post\r\n\r\nExcepteur sint occaecat cupidatat non proident, sunt in culpa qui officia deserunt mollit anim id est laborum.\r\n'),
(329, 23, 0, '@bottomSectionDescription;', NULL, '<p>Lorem ipsum dolor sit amet, consectetur adipisicing elit, sed do eiusmod tempor incididunt ut labore et dolore magna aliqua.</p>'),
(330, 23, 0, '@footerLeftText;', NULL, '<p><em><strong>This is a test contnt</strong></em></p>\r\n'),
(331, 24, 0, '@logo;', NULL, 'Konnecty Waxom'),
(332, 24, 0, '@siteTitle;', NULL, 'Konnecty'),
(333, 24, 0, '@contactPageHeading;', NULL, 'CONTACT US'),
(334, 24, 0, '@contactPageDescription;', NULL, '<p style=\\\"color:#fff\\\">We are Small Team of Creative People working together</p>\r\n'),
(335, 24, 0, '@phone;', NULL, '<p>+91-98686626626<br />\r\n+91-2484923263</p>\r\n'),
(336, 24, 0, '@address;', NULL, 'Athirapilly,<br />\r\nThrissur,<br />\r\nAthirapilly P.O.,<br />\r\nPIN 685456\r\n'),
(337, 24, 0, '@googleMap;', NULL, '<div class=\\\"embed-responsive embed-responsive-16by9\\\">\r\n\r\n<iframe class=\\\"embed-responsive-item\\\" src=\\\"https://www.google.com/maps/embed?pb=!1m18!1m12!1m3!1d31434.452774189114!2d76.27904958891955!3d9.991513042837186!2m3!1f0!2f0!3f0!3m2!1i1024!2i768!4f13.1!3m3!1m2!1s0x3b080d13ee1347b1%3A0x89c9267d1aeeaac4!2sKaloor%2C+Kochi%2C+Kerala!5e0!3m2!1sen!2sin!4v1515836941862\\\"  frameborder=\\\"0\\\" style=\\\"border:0\\\" allowfullscreen></iframe>\r\n\r\n</div>'),
(338, 24, 0, '@email;', NULL, '<p>info@domain.com<br />\r\nsales@domain.com</p>\r\n'),
(339, 24, 0, '@footerMenu_1;', NULL, '<p><strong>Lorem Ipsum</strong> is simply dummy text of the printing and typesetting industry. Lorem Ipsum has been the industry&#39;s standard dummy text ever since the 1500s, when an unknown printer took a galley of type and scrambled it to make a type specimen book. It has survived not only five centuries, but also the leap into electron</p>\r\n'),
(340, 24, 0, '@footerLinksHeading_1;', NULL, 'What is Lorem Ipsum?'),
(341, 24, 0, '@footerMenuHeading_2;', NULL, 'Quick Links'),
(342, 24, 0, '@footerRightHeading_1;', NULL, 'Contact Info'),
(343, 24, 0, '@phoneNumber;', NULL, ' +91 986754232'),
(344, 24, 0, '@mainHeading_1;', NULL, 'Konnecty CMS is your Business Solution'),
(345, 24, 0, '@mainDescription_1;', NULL, '<p>Lorem ipsum dolor sit amet, consectetur adipisicing elit, sed do eiusmod tempor incididunt</p>'),
(346, 24, 0, '@servicesBoxHeading_1;', NULL, 'Business Solution'),
(347, 24, 0, '@servicesBoxHeading_1;', NULL, 'Business Solution'),
(348, 24, 0, '@servicesBoxHeading_2;', NULL, 'Business Solution'),
(349, 24, 0, '@servicesBoxHeading_3;', NULL, 'Business Solution'),
(350, 24, 0, '@servicesBoxDescription_1;', NULL, 'Lorem ipsum dolor sit amet, consectetur adipisicing elit, sed do eiusmod tempor incididunt'),
(351, 24, 0, '@servicesBoxDescription_2;', NULL, 'Lorem ipsum dolor sit amet, consectetur adipisicing elit, sed do eiusmod tempor incididunt'),
(352, 24, 0, '@servicesBoxDescription_3;', NULL, 'Lorem ipsum dolor sit amet, consectetur adipisicing elit, sed do eiusmod tempor incididunt'),
(353, 24, 0, '@servicesBoxMoreButton_1;', NULL, '<p><a href=\\\"http://google.com\\\">More &gt;&gt; </a></p>\r\n'),
(354, 24, 0, '@servicesBoxMoreButton_2;', NULL, '<p><a href=\\\"http://google.com\\\">More &gt;&gt; </a></p>\r\n'),
(355, 24, 0, '@servicesBoxMoreButton_3;', NULL, '<p><a href=\\\"http://google.com\\\">More &gt;&gt; </a></p>\r\n'),
(356, 24, 0, '@visionBoxHeading_1;', NULL, 'Our Values'),
(357, 24, 0, '@visionBoxDescription_1;', NULL, '<p>Lorem ipsum dolor sit amet, consectetur adipisicing elit, sed do eiusmod tempor incididunt ut labore et dolore magna aliqua. Ut enim ad minim veniam, quis nostrud exercitation ullamco laboris nisi ut aliquip ex ea commodo consequat.</p>'),
(358, 24, 0, '@visionBoxDescription_2;', NULL, '<p>Lorem ipsum dolor sit amet, consectetur adipisicing elit, sed do eiusmod tempor incididunt ut labore et dolore magna aliqua. Ut enim ad minim veniam, quis nostrud exercitation ullamco laboris nisi ut aliquip ex ea commodo consequat.</p>'),
(359, 24, 0, '@visionBoxHeading_2;', NULL, 'Our Philosophy'),
(360, 24, 0, '@visionBoxDescription_3;', NULL, '<p>Lorem ipsum dolor sit amet, consectetur adipisicing elit, sed do eiusmod tempor incididunt ut labore et dolore magna aliqua. Ut enim ad minim veniam, quis nostrud exercitation ullamco laboris nisi ut aliquip ex ea commodo consequat.</p>'),
(361, 24, 0, '@visionBoxHeading_3;', NULL, 'Our Mission'),
(362, 24, 0, '@offerSectionHeading;', NULL, 'What we can offer for you ?'),
(363, 24, 0, '@offerSectionDescription;', NULL, '<p>Lorem ipsum dolor sit amet, consectetur adipisicing elit, sed do eiusmod tempor incididunt</p>'),
(364, 24, 0, '@offerListItemHeading_1;', NULL, '\r\nWeb Design'),
(365, 24, 0, '@offerListItemIcon_1;', NULL, '<i class=\\\"fa fa-user-circle-o\\\" aria-hidden=\\\"true\\\"></i>'),
(366, 24, 0, '@offerListItemIcon_2;', NULL, '<i class=\\\"fa fa-user-circle-o\\\" aria-hidden=\\\"true\\\"></i>'),
(367, 24, 0, '@offerListItemIcon_3;', NULL, '<i class=\\\"fa fa-user-circle-o\\\" aria-hidden=\\\"true\\\"></i>'),
(368, 24, 0, '@offerListItemIcon_4;', NULL, '<i class=\\\"fa fa-user-circle-o\\\" aria-hidden=\\\"true\\\"></i>'),
(369, 24, 0, '@offerListItemIcon_5;', NULL, '<i class=\\\"fa fa-user-circle-o\\\" aria-hidden=\\\"true\\\"></i>'),
(370, 24, 0, '@offerListItemHeading_2;', NULL, '\r\nWeb Design'),
(371, 24, 0, '@offerListItemHeading_3;', NULL, '\r\nWeb Design'),
(372, 24, 0, '@offerListItemHeading_4;', NULL, '\r\nWeb Design'),
(373, 24, 0, '@offerListItemHeading_5;', NULL, '\r\nWeb Design'),
(374, 24, 0, '@offerListItemDescription_1;', NULL, '\r\nWeb Design\r\n\r\nLorem ipsum dolor sit amet, consectetur adipisicing elit, sed do eiusmod tempor incididunt ut labore et dolore magna aliqua.\r\n'),
(375, 24, 0, '@offerListItemDescription_2;', NULL, '\r\nWeb Design\r\n\r\nLorem ipsum dolor sit amet, consectetur adipisicing elit, sed do eiusmod tempor incididunt ut labore et dolore magna aliqua.\r\n'),
(376, 24, 0, '@offerListItemDescription_3;', NULL, '\r\nWeb Design\r\n\r\nLorem ipsum dolor sit amet, consectetur adipisicing elit, sed do eiusmod tempor incididunt ut labore et dolore magna aliqua.\r\n'),
(377, 24, 0, '@offerListItemDescription_4;', NULL, '\r\nWeb Design\r\n\r\nLorem ipsum dolor sit amet, consectetur adipisicing elit, sed do eiusmod tempor incididunt ut labore et dolore magna aliqua.\r\n'),
(378, 24, 0, '@offerListItemDescription_5;', NULL, '\r\nWeb Design\r\n\r\nLorem ipsum dolor sit amet, consectetur adipisicing elit, sed do eiusmod tempor incididunt ut labore et dolore magna aliqua.\r\n'),
(379, 24, 0, '@businessOpSectionHeading;', NULL, 'Our Business Opurtunity'),
(380, 24, 0, '@businessOpSectionDescription;', NULL, '<p>Lorem ipsum dolor sit amet, consectetur adipisicing elit, sed do eiusmod tempor incididunt ut labore et dolore magna aliqua. Ut enim ad minim veniam, quis nostrud exercitation ullamco laboris nisi ut aliquip ex ea commodo consequat. Duis aute irure dolor in reprehenderit in voluptate velit esse cillum dolore eu fugiat nulla pariatur. Excepteur sint occaecat cupidatat non proident, sunt in culpa qui officia deserunt mollit anim id est laborum.</p>'),
(381, 24, 0, '@businessOpBulletPoint_1;', NULL, 'quis nostrud exercitation ullamco laboris'),
(382, 24, 0, '@businessOpBulletPoint_2;', NULL, 'quis nostrud exercitation ullamco laboris'),
(383, 24, 0, '@businessOpBulletPoint_3;', NULL, 'quis nostrud exercitation ullamco laboris'),
(384, 24, 0, '@bottomSectionHeading;', NULL, 'Recent News'),
(385, 24, 0, '@bottomSectionBoxDescription_1;', NULL, '\r\nStandard Blog Post\r\n\r\nExcepteur sint occaecat cupidatat non proident, sunt in culpa qui officia deserunt mollit anim id est laborum.\r\nStandard Blog Post\r\n\r\nExcepteur sint occaecat cupidatat non proident, sunt in culpa qui officia deserunt mollit anim id est laborum.\r\n'),
(386, 24, 0, '@bottomSectionBoxDescription_2;', NULL, '\r\nStandard Blog Post\r\n\r\nExcepteur sint occaecat cupidatat non proident, sunt in culpa qui officia deserunt mollit anim id est laborum.\r\nStandard Blog Post\r\n\r\nExcepteur sint occaecat cupidatat non proident, sunt in culpa qui officia deserunt mollit anim id est laborum.\r\n'),
(387, 24, 0, '@bottomSectionBoxDescription_3;', NULL, '\r\nStandard Blog Post\r\n\r\nExcepteur sint occaecat cupidatat non proident, sunt in culpa qui officia deserunt mollit anim id est laborum.\r\nStandard Blog Post\r\n\r\nExcepteur sint occaecat cupidatat non proident, sunt in culpa qui officia deserunt mollit anim id est laborum.\r\n'),
(388, 24, 0, '@bottomSectionDescription;', NULL, '<p>Lorem ipsum dolor sit amet, consectetur adipisicing elit, sed do eiusmod tempor incididunt ut labore et dolore magna aliqua.</p>'),
(389, 24, 0, '@footerLeftText;', NULL, '<p><em><strong>This is a test contnt</strong></em></p>\r\n'),
(390, 25, 0, '@logo;', NULL, 'Konnecty Waxom'),
(391, 25, 0, '@siteTitle;', NULL, 'Konnecty'),
(392, 25, 0, '@contactPageHeading;', NULL, 'CONTACT US'),
(393, 25, 0, '@contactPageDescription;', NULL, '<p style=\\\"color:#fff\\\">We are Small Team of Creative People working together</p>\r\n'),
(394, 25, 0, '@phone;', NULL, '<p>+91-98686626626<br />\r\n+91-2484923263</p>\r\n'),
(395, 25, 0, '@address;', NULL, 'Athirapilly,<br />\r\nThrissur,<br />\r\nAthirapilly P.O.,<br />\r\nPIN 685456\r\n'),
(396, 25, 0, '@googleMap;', NULL, '<div class=\\\"embed-responsive embed-responsive-16by9\\\">\r\n\r\n<iframe class=\\\"embed-responsive-item\\\" src=\\\"https://www.google.com/maps/embed?pb=!1m18!1m12!1m3!1d31434.452774189114!2d76.27904958891955!3d9.991513042837186!2m3!1f0!2f0!3f0!3m2!1i1024!2i768!4f13.1!3m3!1m2!1s0x3b080d13ee1347b1%3A0x89c9267d1aeeaac4!2sKaloor%2C+Kochi%2C+Kerala!5e0!3m2!1sen!2sin!4v1515836941862\\\"  frameborder=\\\"0\\\" style=\\\"border:0\\\" allowfullscreen></iframe>\r\n\r\n</div>'),
(397, 25, 0, '@email;', NULL, '<p>info@domain.com<br />\r\nsales@domain.com</p>\r\n'),
(398, 25, 0, '@footerMenu_1;', NULL, '<p><strong>Lorem Ipsum</strong> is simply dummy text of the printing and typesetting industry. Lorem Ipsum has been the industry&#39;s standard dummy text ever since the 1500s, when an unknown printer took a galley of type and scrambled it to make a type specimen book. It has survived not only five centuries, but also the leap into electron</p>\r\n'),
(399, 25, 0, '@footerLinksHeading_1;', NULL, 'What is Lorem Ipsum?'),
(400, 25, 0, '@footerMenuHeading_2;', NULL, 'Quick Links'),
(401, 25, 0, '@footerRightHeading_1;', NULL, 'Contact Info'),
(402, 25, 0, '@phoneNumber;', NULL, ' +91 986754232'),
(403, 25, 0, '@mainHeading_1;', NULL, 'Konnecty CMS is your Business Solution'),
(404, 25, 0, '@mainDescription_1;', NULL, '<p>Lorem ipsum dolor sit amet, consectetur adipisicing elit, sed do eiusmod tempor incididunt</p>'),
(405, 25, 0, '@servicesBoxHeading_1;', NULL, 'Business Solution'),
(406, 25, 0, '@servicesBoxHeading_1;', NULL, 'Business Solution'),
(407, 25, 0, '@servicesBoxHeading_2;', NULL, 'Business Solution'),
(408, 25, 0, '@servicesBoxHeading_3;', NULL, 'Business Solution'),
(409, 25, 0, '@servicesBoxDescription_1;', NULL, 'Lorem ipsum dolor sit amet, consectetur adipisicing elit, sed do eiusmod tempor incididunt'),
(410, 25, 0, '@servicesBoxDescription_2;', NULL, 'Lorem ipsum dolor sit amet, consectetur adipisicing elit, sed do eiusmod tempor incididunt'),
(411, 25, 0, '@servicesBoxDescription_3;', NULL, 'Lorem ipsum dolor sit amet, consectetur adipisicing elit, sed do eiusmod tempor incididunt'),
(412, 25, 0, '@servicesBoxMoreButton_1;', NULL, '<p><a href=\\\"http://google.com\\\">More &gt;&gt; </a></p>\r\n'),
(413, 25, 0, '@servicesBoxMoreButton_2;', NULL, '<p><a href=\\\"http://google.com\\\">More &gt;&gt; </a></p>\r\n'),
(414, 25, 0, '@servicesBoxMoreButton_3;', NULL, '<p><a href=\\\"http://google.com\\\">More &gt;&gt; </a></p>\r\n'),
(415, 25, 0, '@visionBoxHeading_1;', NULL, 'Our Values'),
(416, 25, 0, '@visionBoxDescription_1;', NULL, '<p>Lorem ipsum dolor sit amet, consectetur adipisicing elit, sed do eiusmod tempor incididunt ut labore et dolore magna aliqua. Ut enim ad minim veniam, quis nostrud exercitation ullamco laboris nisi ut aliquip ex ea commodo consequat.</p>'),
(417, 25, 0, '@visionBoxDescription_2;', NULL, '<p>Lorem ipsum dolor sit amet, consectetur adipisicing elit, sed do eiusmod tempor incididunt ut labore et dolore magna aliqua. Ut enim ad minim veniam, quis nostrud exercitation ullamco laboris nisi ut aliquip ex ea commodo consequat.</p>'),
(418, 25, 0, '@visionBoxHeading_2;', NULL, 'Our Philosophy'),
(419, 25, 0, '@visionBoxDescription_3;', NULL, '<p>Lorem ipsum dolor sit amet, consectetur adipisicing elit, sed do eiusmod tempor incididunt ut labore et dolore magna aliqua. Ut enim ad minim veniam, quis nostrud exercitation ullamco laboris nisi ut aliquip ex ea commodo consequat.</p>'),
(420, 25, 0, '@visionBoxHeading_3;', NULL, 'Our Mission'),
(421, 25, 0, '@offerSectionHeading;', NULL, 'What we can offer for you ?'),
(422, 25, 0, '@offerSectionDescription;', NULL, '<p>Lorem ipsum dolor sit amet, consectetur adipisicing elit, sed do eiusmod tempor incididunt</p>'),
(423, 25, 0, '@offerListItemHeading_1;', NULL, '\r\nWeb Design'),
(424, 25, 0, '@offerListItemIcon_1;', NULL, '<i class=\\\"fa fa-user-circle-o\\\" aria-hidden=\\\"true\\\"></i>'),
(425, 25, 0, '@offerListItemIcon_2;', NULL, '<i class=\\\"fa fa-user-circle-o\\\" aria-hidden=\\\"true\\\"></i>'),
(426, 25, 0, '@offerListItemIcon_3;', NULL, '<i class=\\\"fa fa-user-circle-o\\\" aria-hidden=\\\"true\\\"></i>'),
(427, 25, 0, '@offerListItemIcon_4;', NULL, '<i class=\\\"fa fa-user-circle-o\\\" aria-hidden=\\\"true\\\"></i>'),
(428, 25, 0, '@offerListItemIcon_5;', NULL, '<i class=\\\"fa fa-user-circle-o\\\" aria-hidden=\\\"true\\\"></i>'),
(429, 25, 0, '@offerListItemHeading_2;', NULL, '\r\nWeb Design');
INSERT INTO `contents` (`id_content`, `id_site`, `id_page`, `component_id`, `content_type`, `content`) VALUES
(430, 25, 0, '@offerListItemHeading_3;', NULL, '\r\nWeb Design'),
(431, 25, 0, '@offerListItemHeading_4;', NULL, '\r\nWeb Design'),
(432, 25, 0, '@offerListItemHeading_5;', NULL, '\r\nWeb Design'),
(433, 25, 0, '@offerListItemDescription_1;', NULL, '\r\nWeb Design\r\n\r\nLorem ipsum dolor sit amet, consectetur adipisicing elit, sed do eiusmod tempor incididunt ut labore et dolore magna aliqua.\r\n'),
(434, 25, 0, '@offerListItemDescription_2;', NULL, '\r\nWeb Design\r\n\r\nLorem ipsum dolor sit amet, consectetur adipisicing elit, sed do eiusmod tempor incididunt ut labore et dolore magna aliqua.\r\n'),
(435, 25, 0, '@offerListItemDescription_3;', NULL, '\r\nWeb Design\r\n\r\nLorem ipsum dolor sit amet, consectetur adipisicing elit, sed do eiusmod tempor incididunt ut labore et dolore magna aliqua.\r\n'),
(436, 25, 0, '@offerListItemDescription_4;', NULL, '\r\nWeb Design\r\n\r\nLorem ipsum dolor sit amet, consectetur adipisicing elit, sed do eiusmod tempor incididunt ut labore et dolore magna aliqua.\r\n'),
(437, 25, 0, '@offerListItemDescription_5;', NULL, '\r\nWeb Design\r\n\r\nLorem ipsum dolor sit amet, consectetur adipisicing elit, sed do eiusmod tempor incididunt ut labore et dolore magna aliqua.\r\n'),
(438, 25, 0, '@businessOpSectionHeading;', NULL, 'Our Business Opurtunity'),
(439, 25, 0, '@businessOpSectionDescription;', NULL, '<p>Lorem ipsum dolor sit amet, consectetur adipisicing elit, sed do eiusmod tempor incididunt ut labore et dolore magna aliqua. Ut enim ad minim veniam, quis nostrud exercitation ullamco laboris nisi ut aliquip ex ea commodo consequat. Duis aute irure dolor in reprehenderit in voluptate velit esse cillum dolore eu fugiat nulla pariatur. Excepteur sint occaecat cupidatat non proident, sunt in culpa qui officia deserunt mollit anim id est laborum.</p>'),
(440, 25, 0, '@businessOpBulletPoint_1;', NULL, 'quis nostrud exercitation ullamco laboris'),
(441, 25, 0, '@businessOpBulletPoint_2;', NULL, 'quis nostrud exercitation ullamco laboris'),
(442, 25, 0, '@businessOpBulletPoint_3;', NULL, 'quis nostrud exercitation ullamco laboris'),
(443, 25, 0, '@bottomSectionHeading;', NULL, 'Recent News'),
(444, 25, 0, '@bottomSectionBoxDescription_1;', NULL, '\r\nStandard Blog Post\r\n\r\nExcepteur sint occaecat cupidatat non proident, sunt in culpa qui officia deserunt mollit anim id est laborum.\r\nStandard Blog Post\r\n\r\nExcepteur sint occaecat cupidatat non proident, sunt in culpa qui officia deserunt mollit anim id est laborum.\r\n'),
(445, 25, 0, '@bottomSectionBoxDescription_2;', NULL, '\r\nStandard Blog Post\r\n\r\nExcepteur sint occaecat cupidatat non proident, sunt in culpa qui officia deserunt mollit anim id est laborum.\r\nStandard Blog Post\r\n\r\nExcepteur sint occaecat cupidatat non proident, sunt in culpa qui officia deserunt mollit anim id est laborum.\r\n'),
(446, 25, 0, '@bottomSectionBoxDescription_3;', NULL, '\r\nStandard Blog Post\r\n\r\nExcepteur sint occaecat cupidatat non proident, sunt in culpa qui officia deserunt mollit anim id est laborum.\r\nStandard Blog Post\r\n\r\nExcepteur sint occaecat cupidatat non proident, sunt in culpa qui officia deserunt mollit anim id est laborum.\r\n'),
(447, 25, 0, '@bottomSectionDescription;', NULL, '<p>Lorem ipsum dolor sit amet, consectetur adipisicing elit, sed do eiusmod tempor incididunt ut labore et dolore magna aliqua.</p>'),
(448, 25, 0, '@footerLeftText;', NULL, '<p><em><strong>This is a test contnt</strong></em></p>\r\n'),
(449, 16, 0, '@contact_form_1;', 'text', 'BIBIN'),
(450, 26, 0, '@logo;', NULL, 'Konnecty Waxom'),
(451, 26, 0, '@siteTitle;', NULL, 'Konnecty'),
(452, 26, 0, '@contactPageHeading;', NULL, 'CONTACT US'),
(453, 26, 0, '@contactPageDescription;', NULL, '<p style=\\\"color:#fff\\\">We are Small Team of Creative People working together</p>\r\n'),
(454, 26, 0, '@phone;', NULL, '<p>+91-98686626626<br />\r\n+91-2484923263</p>\r\n'),
(455, 26, 0, '@address;', NULL, 'Athirapilly,<br />\r\nThrissur,<br />\r\nAthirapilly P.O.,<br />\r\nPIN 685456\r\n'),
(456, 26, 0, '@googleMap;', NULL, '<div class=\\\"embed-responsive embed-responsive-16by9\\\">\r\n\r\n<iframe class=\\\"embed-responsive-item\\\" src=\\\"https://www.google.com/maps/embed?pb=!1m18!1m12!1m3!1d31434.452774189114!2d76.27904958891955!3d9.991513042837186!2m3!1f0!2f0!3f0!3m2!1i1024!2i768!4f13.1!3m3!1m2!1s0x3b080d13ee1347b1%3A0x89c9267d1aeeaac4!2sKaloor%2C+Kochi%2C+Kerala!5e0!3m2!1sen!2sin!4v1515836941862\\\"  frameborder=\\\"0\\\" style=\\\"border:0\\\" allowfullscreen></iframe>\r\n\r\n</div>'),
(457, 26, 0, '@email;', NULL, '<p>info@domain.com<br />\r\nsales@domain.com</p>\r\n'),
(458, 26, 0, '@footerMenu_1;', NULL, '<p><strong>Lorem Ipsum</strong> is simply dummy text of the printing and typesetting industry. Lorem Ipsum has been the industry&#39;s standard dummy text ever since the 1500s, when an unknown printer took a galley of type and scrambled it to make a type specimen book. It has survived not only five centuries, but also the leap into electron</p>\r\n'),
(459, 26, 0, '@footerLinksHeading_1;', NULL, 'What is Lorem Ipsum?'),
(460, 26, 0, '@footerMenuHeading_2;', NULL, 'Quick Links'),
(461, 26, 0, '@footerRightHeading_1;', NULL, 'Contact Info'),
(462, 26, 0, '@phoneNumber;', NULL, ' +91 986754232'),
(463, 26, 0, '@mainHeading_1;', NULL, 'Konnecty CMS is your Business Solution'),
(464, 26, 0, '@mainDescription_1;', NULL, '<p>Lorem ipsum dolor sit amet, consectetur adipisicing elit, sed do eiusmod tempor incididunt</p>'),
(465, 26, 0, '@servicesBoxHeading_1;', NULL, 'Business Solution'),
(466, 26, 0, '@servicesBoxHeading_1;', NULL, 'Business Solution'),
(467, 26, 0, '@servicesBoxHeading_2;', NULL, 'Business Solution'),
(468, 26, 0, '@servicesBoxHeading_3;', NULL, 'Business Solution'),
(469, 26, 0, '@servicesBoxDescription_1;', NULL, 'Lorem ipsum dolor sit amet, consectetur adipisicing elit, sed do eiusmod tempor incididunt'),
(470, 26, 0, '@servicesBoxDescription_2;', NULL, 'Lorem ipsum dolor sit amet, consectetur adipisicing elit, sed do eiusmod tempor incididunt'),
(471, 26, 0, '@servicesBoxDescription_3;', NULL, 'Lorem ipsum dolor sit amet, consectetur adipisicing elit, sed do eiusmod tempor incididunt'),
(472, 26, 0, '@servicesBoxMoreButton_1;', NULL, '<p><a href=\\\"http://google.com\\\">More &gt;&gt; </a></p>\r\n'),
(473, 26, 0, '@servicesBoxMoreButton_2;', NULL, '<p><a href=\\\"http://google.com\\\">More &gt;&gt; </a></p>\r\n'),
(474, 26, 0, '@servicesBoxMoreButton_3;', NULL, '<p><a href=\\\"http://google.com\\\">More &gt;&gt; </a></p>\r\n'),
(475, 26, 0, '@visionBoxHeading_1;', NULL, 'Our Values'),
(476, 26, 0, '@visionBoxDescription_1;', NULL, '<p>Lorem ipsum dolor sit amet, consectetur adipisicing elit, sed do eiusmod tempor incididunt ut labore et dolore magna aliqua. Ut enim ad minim veniam, quis nostrud exercitation ullamco laboris nisi ut aliquip ex ea commodo consequat.</p>'),
(477, 26, 0, '@visionBoxDescription_2;', NULL, '<p>Lorem ipsum dolor sit amet, consectetur adipisicing elit, sed do eiusmod tempor incididunt ut labore et dolore magna aliqua. Ut enim ad minim veniam, quis nostrud exercitation ullamco laboris nisi ut aliquip ex ea commodo consequat.</p>'),
(478, 26, 0, '@visionBoxHeading_2;', NULL, 'Our Philosophy'),
(479, 26, 0, '@visionBoxDescription_3;', NULL, '<p>Lorem ipsum dolor sit amet, consectetur adipisicing elit, sed do eiusmod tempor incididunt ut labore et dolore magna aliqua. Ut enim ad minim veniam, quis nostrud exercitation ullamco laboris nisi ut aliquip ex ea commodo consequat.</p>'),
(480, 26, 0, '@visionBoxHeading_3;', NULL, 'Our Mission'),
(481, 26, 0, '@offerSectionHeading;', NULL, 'What we can offer for you ?'),
(482, 26, 0, '@offerSectionDescription;', NULL, '<p>Lorem ipsum dolor sit amet, consectetur adipisicing elit, sed do eiusmod tempor incididunt</p>'),
(483, 26, 0, '@offerListItemHeading_1;', NULL, '\r\nWeb Design'),
(484, 26, 0, '@offerListItemIcon_1;', NULL, '<i class=\\\"fa fa-user-circle-o\\\" aria-hidden=\\\"true\\\"></i>'),
(485, 26, 0, '@offerListItemIcon_2;', NULL, '<i class=\\\"fa fa-user-circle-o\\\" aria-hidden=\\\"true\\\"></i>'),
(486, 26, 0, '@offerListItemIcon_3;', NULL, '<i class=\\\"fa fa-user-circle-o\\\" aria-hidden=\\\"true\\\"></i>'),
(487, 26, 0, '@offerListItemIcon_4;', NULL, '<i class=\\\"fa fa-user-circle-o\\\" aria-hidden=\\\"true\\\"></i>'),
(488, 26, 0, '@offerListItemIcon_5;', NULL, '<i class=\\\"fa fa-user-circle-o\\\" aria-hidden=\\\"true\\\"></i>'),
(489, 26, 0, '@offerListItemHeading_2;', NULL, '\r\nWeb Design'),
(490, 26, 0, '@offerListItemHeading_3;', NULL, '\r\nWeb Design'),
(491, 26, 0, '@offerListItemHeading_4;', NULL, '\r\nWeb Design'),
(492, 26, 0, '@offerListItemHeading_5;', NULL, '\r\nWeb Design'),
(493, 26, 0, '@offerListItemDescription_1;', NULL, '\r\nWeb Design\r\n\r\nLorem ipsum dolor sit amet, consectetur adipisicing elit, sed do eiusmod tempor incididunt ut labore et dolore magna aliqua.\r\n'),
(494, 26, 0, '@offerListItemDescription_2;', NULL, '\r\nWeb Design\r\n\r\nLorem ipsum dolor sit amet, consectetur adipisicing elit, sed do eiusmod tempor incididunt ut labore et dolore magna aliqua.\r\n'),
(495, 26, 0, '@offerListItemDescription_3;', NULL, '\r\nWeb Design\r\n\r\nLorem ipsum dolor sit amet, consectetur adipisicing elit, sed do eiusmod tempor incididunt ut labore et dolore magna aliqua.\r\n'),
(496, 26, 0, '@offerListItemDescription_4;', NULL, '\r\nWeb Design\r\n\r\nLorem ipsum dolor sit amet, consectetur adipisicing elit, sed do eiusmod tempor incididunt ut labore et dolore magna aliqua.\r\n'),
(497, 26, 0, '@offerListItemDescription_5;', NULL, '\r\nWeb Design\r\n\r\nLorem ipsum dolor sit amet, consectetur adipisicing elit, sed do eiusmod tempor incididunt ut labore et dolore magna aliqua.\r\n'),
(498, 26, 0, '@businessOpSectionHeading;', NULL, 'Our Business Opurtunity'),
(499, 26, 0, '@businessOpSectionDescription;', NULL, '<p>Lorem ipsum dolor sit amet, consectetur adipisicing elit, sed do eiusmod tempor incididunt ut labore et dolore magna aliqua. Ut enim ad minim veniam, quis nostrud exercitation ullamco laboris nisi ut aliquip ex ea commodo consequat. Duis aute irure dolor in reprehenderit in voluptate velit esse cillum dolore eu fugiat nulla pariatur. Excepteur sint occaecat cupidatat non proident, sunt in culpa qui officia deserunt mollit anim id est laborum.</p>'),
(500, 26, 0, '@businessOpBulletPoint_1;', NULL, 'quis nostrud exercitation ullamco laboris'),
(501, 26, 0, '@businessOpBulletPoint_2;', NULL, 'quis nostrud exercitation ullamco laboris'),
(502, 26, 0, '@businessOpBulletPoint_3;', NULL, 'quis nostrud exercitation ullamco laboris'),
(503, 26, 0, '@bottomSectionHeading;', NULL, 'Recent News'),
(504, 26, 0, '@bottomSectionBoxDescription_1;', NULL, '\r\nStandard Blog Post\r\n\r\nExcepteur sint occaecat cupidatat non proident, sunt in culpa qui officia deserunt mollit anim id est laborum.\r\nStandard Blog Post\r\n\r\nExcepteur sint occaecat cupidatat non proident, sunt in culpa qui officia deserunt mollit anim id est laborum.\r\n'),
(505, 26, 0, '@bottomSectionBoxDescription_2;', NULL, '\r\nStandard Blog Post\r\n\r\nExcepteur sint occaecat cupidatat non proident, sunt in culpa qui officia deserunt mollit anim id est laborum.\r\nStandard Blog Post\r\n\r\nExcepteur sint occaecat cupidatat non proident, sunt in culpa qui officia deserunt mollit anim id est laborum.\r\n'),
(506, 26, 0, '@bottomSectionBoxDescription_3;', NULL, '\r\nStandard Blog Post\r\n\r\nExcepteur sint occaecat cupidatat non proident, sunt in culpa qui officia deserunt mollit anim id est laborum.\r\nStandard Blog Post\r\n\r\nExcepteur sint occaecat cupidatat non proident, sunt in culpa qui officia deserunt mollit anim id est laborum.\r\n'),
(507, 26, 0, '@bottomSectionDescription;', NULL, '<p>Lorem ipsum dolor sit amet, consectetur adipisicing elit, sed do eiusmod tempor incididunt ut labore et dolore magna aliqua.</p>'),
(508, 26, 0, '@footerLeftText;', NULL, '<p><em><strong>This is a test contnt</strong></em></p>\r\n'),
(509, 27, 0, '@logo;', NULL, 'Konnecty Waxom'),
(510, 27, 0, '@siteTitle;', NULL, 'Konnecty'),
(511, 27, 0, '@contactPageHeading;', NULL, 'CONTACT US'),
(512, 27, 0, '@contactPageDescription;', NULL, '<p style=\\\"color:#fff\\\">We are Small Team of Creative People working together</p>\r\n'),
(513, 27, 0, '@phone;', NULL, '<p>+91-98686626626<br />\r\n+91-2484923263</p>\r\n'),
(514, 27, 0, '@address;', NULL, 'Athirapilly,<br />\r\nThrissur,<br />\r\nAthirapilly P.O.,<br />\r\nPIN 685456\r\n'),
(515, 27, 0, '@googleMap;', NULL, '<div class=\\\"embed-responsive embed-responsive-16by9\\\">\r\n\r\n<iframe class=\\\"embed-responsive-item\\\" src=\\\"https://www.google.com/maps/embed?pb=!1m18!1m12!1m3!1d31434.452774189114!2d76.27904958891955!3d9.991513042837186!2m3!1f0!2f0!3f0!3m2!1i1024!2i768!4f13.1!3m3!1m2!1s0x3b080d13ee1347b1%3A0x89c9267d1aeeaac4!2sKaloor%2C+Kochi%2C+Kerala!5e0!3m2!1sen!2sin!4v1515836941862\\\"  frameborder=\\\"0\\\" style=\\\"border:0\\\" allowfullscreen></iframe>\r\n\r\n</div>'),
(516, 27, 0, '@email;', NULL, '<p>info@domain.com<br />\r\nsales@domain.com</p>\r\n'),
(517, 27, 0, '@footerMenu_1;', NULL, '<p><strong>Lorem Ipsum</strong> is simply dummy text of the printing and typesetting industry. Lorem Ipsum has been the industry&#39;s standard dummy text ever since the 1500s, when an unknown printer took a galley of type and scrambled it to make a type specimen book. It has survived not only five centuries, but also the leap into electron</p>\r\n'),
(518, 27, 0, '@footerLinksHeading_1;', NULL, 'What is Lorem Ipsum?'),
(519, 27, 0, '@footerMenuHeading_2;', NULL, 'Quick Links'),
(520, 27, 0, '@footerRightHeading_1;', NULL, 'Contact Info'),
(521, 27, 0, '@phoneNumber;', NULL, ' +91 986754232'),
(522, 27, 0, '@mainHeading_1;', NULL, 'Konnecty CMS is your Business Solution'),
(523, 27, 0, '@mainDescription_1;', NULL, '<p>Lorem ipsum dolor sit amet, consectetur adipisicing elit, sed do eiusmod tempor incididunt</p>'),
(524, 27, 0, '@servicesBoxHeading_1;', NULL, 'Business Solution'),
(525, 27, 0, '@servicesBoxHeading_1;', NULL, 'Business Solution'),
(526, 27, 0, '@servicesBoxHeading_2;', NULL, 'Business Solution'),
(527, 27, 0, '@servicesBoxHeading_3;', NULL, 'Business Solution'),
(528, 27, 0, '@servicesBoxDescription_1;', NULL, 'Lorem ipsum dolor sit amet, consectetur adipisicing elit, sed do eiusmod tempor incididunt'),
(529, 27, 0, '@servicesBoxDescription_2;', NULL, 'Lorem ipsum dolor sit amet, consectetur adipisicing elit, sed do eiusmod tempor incididunt'),
(530, 27, 0, '@servicesBoxDescription_3;', NULL, 'Lorem ipsum dolor sit amet, consectetur adipisicing elit, sed do eiusmod tempor incididunt'),
(531, 27, 0, '@servicesBoxMoreButton_1;', NULL, '<p><a href=\\\"http://google.com\\\">More &gt;&gt; </a></p>\r\n'),
(532, 27, 0, '@servicesBoxMoreButton_2;', NULL, '<p><a href=\\\"http://google.com\\\">More &gt;&gt; </a></p>\r\n'),
(533, 27, 0, '@servicesBoxMoreButton_3;', NULL, '<p><a href=\\\"http://google.com\\\">More &gt;&gt; </a></p>\r\n'),
(534, 27, 0, '@visionBoxHeading_1;', NULL, 'Our Values'),
(535, 27, 0, '@visionBoxDescription_1;', NULL, '<p>Lorem ipsum dolor sit amet, consectetur adipisicing elit, sed do eiusmod tempor incididunt ut labore et dolore magna aliqua. Ut enim ad minim veniam, quis nostrud exercitation ullamco laboris nisi ut aliquip ex ea commodo consequat.</p>'),
(536, 27, 0, '@visionBoxDescription_2;', NULL, '<p>Lorem ipsum dolor sit amet, consectetur adipisicing elit, sed do eiusmod tempor incididunt ut labore et dolore magna aliqua. Ut enim ad minim veniam, quis nostrud exercitation ullamco laboris nisi ut aliquip ex ea commodo consequat.</p>'),
(537, 27, 0, '@visionBoxHeading_2;', NULL, 'Our Philosophy'),
(538, 27, 0, '@visionBoxDescription_3;', NULL, '<p>Lorem ipsum dolor sit amet, consectetur adipisicing elit, sed do eiusmod tempor incididunt ut labore et dolore magna aliqua. Ut enim ad minim veniam, quis nostrud exercitation ullamco laboris nisi ut aliquip ex ea commodo consequat.</p>'),
(539, 27, 0, '@visionBoxHeading_3;', NULL, 'Our Mission'),
(540, 27, 0, '@offerSectionHeading;', NULL, 'What we can offer for you ?'),
(541, 27, 0, '@offerSectionDescription;', NULL, '<p>Lorem ipsum dolor sit amet, consectetur adipisicing elit, sed do eiusmod tempor incididunt</p>'),
(542, 27, 0, '@offerListItemHeading_1;', NULL, '\r\nWeb Design'),
(543, 27, 0, '@offerListItemIcon_1;', NULL, '<i class=\\\"fa fa-user-circle-o\\\" aria-hidden=\\\"true\\\"></i>'),
(544, 27, 0, '@offerListItemIcon_2;', NULL, '<i class=\\\"fa fa-user-circle-o\\\" aria-hidden=\\\"true\\\"></i>'),
(545, 27, 0, '@offerListItemIcon_3;', NULL, '<i class=\\\"fa fa-user-circle-o\\\" aria-hidden=\\\"true\\\"></i>'),
(546, 27, 0, '@offerListItemIcon_4;', NULL, '<i class=\\\"fa fa-user-circle-o\\\" aria-hidden=\\\"true\\\"></i>'),
(547, 27, 0, '@offerListItemIcon_5;', NULL, '<i class=\\\"fa fa-user-circle-o\\\" aria-hidden=\\\"true\\\"></i>'),
(548, 27, 0, '@offerListItemHeading_2;', NULL, '\r\nWeb Design'),
(549, 27, 0, '@offerListItemHeading_3;', NULL, '\r\nWeb Design'),
(550, 27, 0, '@offerListItemHeading_4;', NULL, '\r\nWeb Design'),
(551, 27, 0, '@offerListItemHeading_5;', NULL, '\r\nWeb Design'),
(552, 27, 0, '@offerListItemDescription_1;', NULL, '\r\nWeb Design\r\n\r\nLorem ipsum dolor sit amet, consectetur adipisicing elit, sed do eiusmod tempor incididunt ut labore et dolore magna aliqua.\r\n'),
(553, 27, 0, '@offerListItemDescription_2;', NULL, '\r\nWeb Design\r\n\r\nLorem ipsum dolor sit amet, consectetur adipisicing elit, sed do eiusmod tempor incididunt ut labore et dolore magna aliqua.\r\n'),
(554, 27, 0, '@offerListItemDescription_3;', NULL, '\r\nWeb Design\r\n\r\nLorem ipsum dolor sit amet, consectetur adipisicing elit, sed do eiusmod tempor incididunt ut labore et dolore magna aliqua.\r\n'),
(555, 27, 0, '@offerListItemDescription_4;', NULL, '\r\nWeb Design\r\n\r\nLorem ipsum dolor sit amet, consectetur adipisicing elit, sed do eiusmod tempor incididunt ut labore et dolore magna aliqua.\r\n'),
(556, 27, 0, '@offerListItemDescription_5;', NULL, '\r\nWeb Design\r\n\r\nLorem ipsum dolor sit amet, consectetur adipisicing elit, sed do eiusmod tempor incididunt ut labore et dolore magna aliqua.\r\n'),
(557, 27, 0, '@businessOpSectionHeading;', NULL, 'Our Business Opurtunity'),
(558, 27, 0, '@businessOpSectionDescription;', NULL, '<p>Lorem ipsum dolor sit amet, consectetur adipisicing elit, sed do eiusmod tempor incididunt ut labore et dolore magna aliqua. Ut enim ad minim veniam, quis nostrud exercitation ullamco laboris nisi ut aliquip ex ea commodo consequat. Duis aute irure dolor in reprehenderit in voluptate velit esse cillum dolore eu fugiat nulla pariatur. Excepteur sint occaecat cupidatat non proident, sunt in culpa qui officia deserunt mollit anim id est laborum.</p>'),
(559, 27, 0, '@businessOpBulletPoint_1;', NULL, 'quis nostrud exercitation ullamco laboris'),
(560, 27, 0, '@businessOpBulletPoint_2;', NULL, 'quis nostrud exercitation ullamco laboris'),
(561, 27, 0, '@businessOpBulletPoint_3;', NULL, 'quis nostrud exercitation ullamco laboris'),
(562, 27, 0, '@bottomSectionHeading;', NULL, 'Recent News'),
(563, 27, 0, '@bottomSectionBoxDescription_1;', NULL, '\r\nStandard Blog Post\r\n\r\nExcepteur sint occaecat cupidatat non proident, sunt in culpa qui officia deserunt mollit anim id est laborum.\r\nStandard Blog Post\r\n\r\nExcepteur sint occaecat cupidatat non proident, sunt in culpa qui officia deserunt mollit anim id est laborum.\r\n'),
(564, 27, 0, '@bottomSectionBoxDescription_2;', NULL, '\r\nStandard Blog Post\r\n\r\nExcepteur sint occaecat cupidatat non proident, sunt in culpa qui officia deserunt mollit anim id est laborum.\r\nStandard Blog Post\r\n\r\nExcepteur sint occaecat cupidatat non proident, sunt in culpa qui officia deserunt mollit anim id est laborum.\r\n'),
(565, 27, 0, '@bottomSectionBoxDescription_3;', NULL, '\r\nStandard Blog Post\r\n\r\nExcepteur sint occaecat cupidatat non proident, sunt in culpa qui officia deserunt mollit anim id est laborum.\r\nStandard Blog Post\r\n\r\nExcepteur sint occaecat cupidatat non proident, sunt in culpa qui officia deserunt mollit anim id est laborum.\r\n'),
(566, 27, 0, '@bottomSectionDescription;', NULL, '<p>Lorem ipsum dolor sit amet, consectetur adipisicing elit, sed do eiusmod tempor incididunt ut labore et dolore magna aliqua.</p>'),
(567, 27, 0, '@footerLeftText;', NULL, '<p><em><strong>This is a test contnt</strong></em></p>\r\n'),
(568, 28, 0, '@logo;', NULL, 'Konnecty Waxom'),
(569, 28, 0, '@siteTitle;', NULL, 'Konnecty'),
(570, 28, 0, '@contactPageHeading;', NULL, 'CONTACT US'),
(571, 28, 0, '@contactPageDescription;', NULL, '<p style=\\\"color:#fff\\\">We are Small Team of Creative People working together</p>\r\n'),
(572, 28, 0, '@phone;', NULL, '<p>+91-98686626626<br />\r\n+91-2484923263</p>\r\n'),
(573, 28, 0, '@address;', NULL, 'Athirapilly,<br />\r\nThrissur,<br />\r\nAthirapilly P.O.,<br />\r\nPIN 685456\r\n'),
(574, 28, 0, '@googleMap;', NULL, '<div class=\\\"embed-responsive embed-responsive-16by9\\\">\r\n\r\n<iframe class=\\\"embed-responsive-item\\\" src=\\\"https://www.google.com/maps/embed?pb=!1m18!1m12!1m3!1d31434.452774189114!2d76.27904958891955!3d9.991513042837186!2m3!1f0!2f0!3f0!3m2!1i1024!2i768!4f13.1!3m3!1m2!1s0x3b080d13ee1347b1%3A0x89c9267d1aeeaac4!2sKaloor%2C+Kochi%2C+Kerala!5e0!3m2!1sen!2sin!4v1515836941862\\\"  frameborder=\\\"0\\\" style=\\\"border:0\\\" allowfullscreen></iframe>\r\n\r\n</div>'),
(575, 28, 0, '@email;', NULL, '<p>info@domain.com<br />\r\nsales@domain.com</p>\r\n'),
(576, 28, 0, '@footerMenu_1;', NULL, '<p><strong>Lorem Ipsum</strong> is simply dummy text of the printing and typesetting industry. Lorem Ipsum has been the industry&#39;s standard dummy text ever since the 1500s, when an unknown printer took a galley of type and scrambled it to make a type specimen book. It has survived not only five centuries, but also the leap into electron</p>\r\n'),
(577, 28, 0, '@footerLinksHeading_1;', NULL, 'What is Lorem Ipsum?'),
(578, 28, 0, '@footerMenuHeading_2;', NULL, 'Quick Links'),
(579, 28, 0, '@footerRightHeading_1;', NULL, 'Contact Info'),
(580, 28, 0, '@phoneNumber;', NULL, ' +91 986754232'),
(581, 28, 0, '@mainHeading_1;', NULL, 'Konnecty CMS is your Business Solution'),
(582, 28, 0, '@mainDescription_1;', NULL, '<p>Lorem ipsum dolor sit amet, consectetur adipisicing elit, sed do eiusmod tempor incididunt</p>'),
(583, 28, 0, '@servicesBoxHeading_1;', NULL, 'Business Solution'),
(584, 28, 0, '@servicesBoxHeading_1;', NULL, 'Business Solution'),
(585, 28, 0, '@servicesBoxHeading_2;', NULL, 'Business Solution'),
(586, 28, 0, '@servicesBoxHeading_3;', NULL, 'Business Solution'),
(587, 28, 0, '@servicesBoxDescription_1;', NULL, 'Lorem ipsum dolor sit amet, consectetur adipisicing elit, sed do eiusmod tempor incididunt'),
(588, 28, 0, '@servicesBoxDescription_2;', NULL, 'Lorem ipsum dolor sit amet, consectetur adipisicing elit, sed do eiusmod tempor incididunt'),
(589, 28, 0, '@servicesBoxDescription_3;', NULL, 'Lorem ipsum dolor sit amet, consectetur adipisicing elit, sed do eiusmod tempor incididunt'),
(590, 28, 0, '@servicesBoxMoreButton_1;', NULL, '<p><a href=\\\"http://google.com\\\">More &gt;&gt; </a></p>\r\n'),
(591, 28, 0, '@servicesBoxMoreButton_2;', NULL, '<p><a href=\\\"http://google.com\\\">More &gt;&gt; </a></p>\r\n'),
(592, 28, 0, '@servicesBoxMoreButton_3;', NULL, '<p><a href=\\\"http://google.com\\\">More &gt;&gt; </a></p>\r\n'),
(593, 28, 0, '@visionBoxHeading_1;', NULL, 'Our Values'),
(594, 28, 0, '@visionBoxDescription_1;', NULL, '<p>Lorem ipsum dolor sit amet, consectetur adipisicing elit, sed do eiusmod tempor incididunt ut labore et dolore magna aliqua. Ut enim ad minim veniam, quis nostrud exercitation ullamco laboris nisi ut aliquip ex ea commodo consequat.</p>'),
(595, 28, 0, '@visionBoxDescription_2;', NULL, '<p>Lorem ipsum dolor sit amet, consectetur adipisicing elit, sed do eiusmod tempor incididunt ut labore et dolore magna aliqua. Ut enim ad minim veniam, quis nostrud exercitation ullamco laboris nisi ut aliquip ex ea commodo consequat.</p>'),
(596, 28, 0, '@visionBoxHeading_2;', NULL, 'Our Philosophy'),
(597, 28, 0, '@visionBoxDescription_3;', NULL, '<p>Lorem ipsum dolor sit amet, consectetur adipisicing elit, sed do eiusmod tempor incididunt ut labore et dolore magna aliqua. Ut enim ad minim veniam, quis nostrud exercitation ullamco laboris nisi ut aliquip ex ea commodo consequat.</p>'),
(598, 28, 0, '@visionBoxHeading_3;', NULL, 'Our Mission'),
(599, 28, 0, '@offerSectionHeading;', NULL, 'What we can offer for you ?'),
(600, 28, 0, '@offerSectionDescription;', NULL, '<p>Lorem ipsum dolor sit amet, consectetur adipisicing elit, sed do eiusmod tempor incididunt</p>'),
(601, 28, 0, '@offerListItemHeading_1;', NULL, '\r\nWeb Design'),
(602, 28, 0, '@offerListItemIcon_1;', NULL, '<i class=\\\"fa fa-user-circle-o\\\" aria-hidden=\\\"true\\\"></i>'),
(603, 28, 0, '@offerListItemIcon_2;', NULL, '<i class=\\\"fa fa-user-circle-o\\\" aria-hidden=\\\"true\\\"></i>'),
(604, 28, 0, '@offerListItemIcon_3;', NULL, '<i class=\\\"fa fa-user-circle-o\\\" aria-hidden=\\\"true\\\"></i>'),
(605, 28, 0, '@offerListItemIcon_4;', NULL, '<i class=\\\"fa fa-user-circle-o\\\" aria-hidden=\\\"true\\\"></i>'),
(606, 28, 0, '@offerListItemIcon_5;', NULL, '<i class=\\\"fa fa-user-circle-o\\\" aria-hidden=\\\"true\\\"></i>'),
(607, 28, 0, '@offerListItemHeading_2;', NULL, '\r\nWeb Design'),
(608, 28, 0, '@offerListItemHeading_3;', NULL, '\r\nWeb Design'),
(609, 28, 0, '@offerListItemHeading_4;', NULL, '\r\nWeb Design'),
(610, 28, 0, '@offerListItemHeading_5;', NULL, '\r\nWeb Design'),
(611, 28, 0, '@offerListItemDescription_1;', NULL, '\r\nWeb Design\r\n\r\nLorem ipsum dolor sit amet, consectetur adipisicing elit, sed do eiusmod tempor incididunt ut labore et dolore magna aliqua.\r\n'),
(612, 28, 0, '@offerListItemDescription_2;', NULL, '\r\nWeb Design\r\n\r\nLorem ipsum dolor sit amet, consectetur adipisicing elit, sed do eiusmod tempor incididunt ut labore et dolore magna aliqua.\r\n'),
(613, 28, 0, '@offerListItemDescription_3;', NULL, '\r\nWeb Design\r\n\r\nLorem ipsum dolor sit amet, consectetur adipisicing elit, sed do eiusmod tempor incididunt ut labore et dolore magna aliqua.\r\n'),
(614, 28, 0, '@offerListItemDescription_4;', NULL, '\r\nWeb Design\r\n\r\nLorem ipsum dolor sit amet, consectetur adipisicing elit, sed do eiusmod tempor incididunt ut labore et dolore magna aliqua.\r\n'),
(615, 28, 0, '@offerListItemDescription_5;', NULL, '\r\nWeb Design\r\n\r\nLorem ipsum dolor sit amet, consectetur adipisicing elit, sed do eiusmod tempor incididunt ut labore et dolore magna aliqua.\r\n'),
(616, 28, 0, '@businessOpSectionHeading;', NULL, 'Our Business Opurtunity'),
(617, 28, 0, '@businessOpSectionDescription;', NULL, '<p>Lorem ipsum dolor sit amet, consectetur adipisicing elit, sed do eiusmod tempor incididunt ut labore et dolore magna aliqua. Ut enim ad minim veniam, quis nostrud exercitation ullamco laboris nisi ut aliquip ex ea commodo consequat. Duis aute irure dolor in reprehenderit in voluptate velit esse cillum dolore eu fugiat nulla pariatur. Excepteur sint occaecat cupidatat non proident, sunt in culpa qui officia deserunt mollit anim id est laborum.</p>'),
(618, 28, 0, '@businessOpBulletPoint_1;', NULL, 'quis nostrud exercitation ullamco laboris'),
(619, 28, 0, '@businessOpBulletPoint_2;', NULL, 'quis nostrud exercitation ullamco laboris'),
(620, 28, 0, '@businessOpBulletPoint_3;', NULL, 'quis nostrud exercitation ullamco laboris'),
(621, 28, 0, '@bottomSectionHeading;', NULL, 'Recent News'),
(622, 28, 0, '@bottomSectionBoxDescription_1;', NULL, '\r\nStandard Blog Post\r\n\r\nExcepteur sint occaecat cupidatat non proident, sunt in culpa qui officia deserunt mollit anim id est laborum.\r\nStandard Blog Post\r\n\r\nExcepteur sint occaecat cupidatat non proident, sunt in culpa qui officia deserunt mollit anim id est laborum.\r\n'),
(623, 28, 0, '@bottomSectionBoxDescription_2;', NULL, '\r\nStandard Blog Post\r\n\r\nExcepteur sint occaecat cupidatat non proident, sunt in culpa qui officia deserunt mollit anim id est laborum.\r\nStandard Blog Post\r\n\r\nExcepteur sint occaecat cupidatat non proident, sunt in culpa qui officia deserunt mollit anim id est laborum.\r\n'),
(624, 28, 0, '@bottomSectionBoxDescription_3;', NULL, '\r\nStandard Blog Post\r\n\r\nExcepteur sint occaecat cupidatat non proident, sunt in culpa qui officia deserunt mollit anim id est laborum.\r\nStandard Blog Post\r\n\r\nExcepteur sint occaecat cupidatat non proident, sunt in culpa qui officia deserunt mollit anim id est laborum.\r\n'),
(625, 28, 0, '@bottomSectionDescription;', NULL, '<p>Lorem ipsum dolor sit amet, consectetur adipisicing elit, sed do eiusmod tempor incididunt ut labore et dolore magna aliqua.</p>'),
(626, 28, 0, '@footerLeftText;', NULL, '<p><em><strong>This is a test contnt</strong></em></p>\r\n'),
(627, 29, 0, '@logo;', NULL, 'Konnecty Waxom'),
(628, 29, 0, '@siteTitle;', NULL, 'Konnecty'),
(629, 29, 0, '@contactPageHeading;', NULL, 'CONTACT US'),
(630, 29, 0, '@contactPageDescription;', NULL, '<p style=\\\"color:#fff\\\">We are Small Team of Creative People working together</p>\r\n'),
(631, 29, 0, '@phone;', NULL, '<p>+91-98686626626<br />\r\n+91-2484923263</p>\r\n'),
(632, 29, 0, '@address;', NULL, 'Athirapilly,<br />\r\nThrissur,<br />\r\nAthirapilly P.O.,<br />\r\nPIN 685456\r\n'),
(633, 29, 0, '@googleMap;', NULL, '<div class=\\\"embed-responsive embed-responsive-16by9\\\">\r\n\r\n<iframe class=\\\"embed-responsive-item\\\" src=\\\"https://www.google.com/maps/embed?pb=!1m18!1m12!1m3!1d31434.452774189114!2d76.27904958891955!3d9.991513042837186!2m3!1f0!2f0!3f0!3m2!1i1024!2i768!4f13.1!3m3!1m2!1s0x3b080d13ee1347b1%3A0x89c9267d1aeeaac4!2sKaloor%2C+Kochi%2C+Kerala!5e0!3m2!1sen!2sin!4v1515836941862\\\"  frameborder=\\\"0\\\" style=\\\"border:0\\\" allowfullscreen></iframe>\r\n\r\n</div>'),
(634, 29, 0, '@email;', NULL, '<p>info@domain.com<br />\r\nsales@domain.com</p>\r\n'),
(635, 29, 0, '@footerMenu_1;', NULL, '<p><strong>Lorem Ipsum</strong> is simply dummy text of the printing and typesetting industry. Lorem Ipsum has been the industry&#39;s standard dummy text ever since the 1500s, when an unknown printer took a galley of type and scrambled it to make a type specimen book. It has survived not only five centuries, but also the leap into electron</p>\r\n'),
(636, 29, 0, '@footerLinksHeading_1;', NULL, 'What is Lorem Ipsum?'),
(637, 29, 0, '@footerMenuHeading_2;', NULL, 'Quick Links'),
(638, 29, 0, '@footerRightHeading_1;', NULL, 'Contact Info'),
(639, 29, 0, '@phoneNumber;', NULL, ' +91 986754232'),
(640, 29, 0, '@mainHeading_1;', NULL, 'Konnecty CMS is your Business Solution'),
(641, 29, 0, '@mainDescription_1;', NULL, '<p>Lorem ipsum dolor sit amet, consectetur adipisicing elit, sed do eiusmod tempor incididunt</p>'),
(642, 29, 0, '@servicesBoxHeading_1;', NULL, 'Business Solution'),
(643, 29, 0, '@servicesBoxHeading_1;', NULL, 'Business Solution'),
(644, 29, 0, '@servicesBoxHeading_2;', NULL, 'Business Solution'),
(645, 29, 0, '@servicesBoxHeading_3;', NULL, 'Business Solution'),
(646, 29, 0, '@servicesBoxDescription_1;', NULL, 'Lorem ipsum dolor sit amet, consectetur adipisicing elit, sed do eiusmod tempor incididunt'),
(647, 29, 0, '@servicesBoxDescription_2;', NULL, 'Lorem ipsum dolor sit amet, consectetur adipisicing elit, sed do eiusmod tempor incididunt'),
(648, 29, 0, '@servicesBoxDescription_3;', NULL, 'Lorem ipsum dolor sit amet, consectetur adipisicing elit, sed do eiusmod tempor incididunt'),
(649, 29, 0, '@servicesBoxMoreButton_1;', NULL, '<p><a href=\\\"http://google.com\\\">More &gt;&gt; </a></p>\r\n'),
(650, 29, 0, '@servicesBoxMoreButton_2;', NULL, '<p><a href=\\\"http://google.com\\\">More &gt;&gt; </a></p>\r\n'),
(651, 29, 0, '@servicesBoxMoreButton_3;', NULL, '<p><a href=\\\"http://google.com\\\">More &gt;&gt; </a></p>\r\n'),
(652, 29, 0, '@visionBoxHeading_1;', NULL, 'Our Values'),
(653, 29, 0, '@visionBoxDescription_1;', NULL, '<p>Lorem ipsum dolor sit amet, consectetur adipisicing elit, sed do eiusmod tempor incididunt ut labore et dolore magna aliqua. Ut enim ad minim veniam, quis nostrud exercitation ullamco laboris nisi ut aliquip ex ea commodo consequat.</p>'),
(654, 29, 0, '@visionBoxDescription_2;', NULL, '<p>Lorem ipsum dolor sit amet, consectetur adipisicing elit, sed do eiusmod tempor incididunt ut labore et dolore magna aliqua. Ut enim ad minim veniam, quis nostrud exercitation ullamco laboris nisi ut aliquip ex ea commodo consequat.</p>'),
(655, 29, 0, '@visionBoxHeading_2;', NULL, 'Our Philosophy'),
(656, 29, 0, '@visionBoxDescription_3;', NULL, '<p>Lorem ipsum dolor sit amet, consectetur adipisicing elit, sed do eiusmod tempor incididunt ut labore et dolore magna aliqua. Ut enim ad minim veniam, quis nostrud exercitation ullamco laboris nisi ut aliquip ex ea commodo consequat.</p>'),
(657, 29, 0, '@visionBoxHeading_3;', NULL, 'Our Mission'),
(658, 29, 0, '@offerSectionHeading;', NULL, 'What we can offer for you ?'),
(659, 29, 0, '@offerSectionDescription;', NULL, '<p>Lorem ipsum dolor sit amet, consectetur adipisicing elit, sed do eiusmod tempor incididunt</p>'),
(660, 29, 0, '@offerListItemHeading_1;', NULL, '\r\nWeb Design'),
(661, 29, 0, '@offerListItemIcon_1;', NULL, '<i class=\\\"fa fa-user-circle-o\\\" aria-hidden=\\\"true\\\"></i>'),
(662, 29, 0, '@offerListItemIcon_2;', NULL, '<i class=\\\"fa fa-user-circle-o\\\" aria-hidden=\\\"true\\\"></i>'),
(663, 29, 0, '@offerListItemIcon_3;', NULL, '<i class=\\\"fa fa-user-circle-o\\\" aria-hidden=\\\"true\\\"></i>'),
(664, 29, 0, '@offerListItemIcon_4;', NULL, '<i class=\\\"fa fa-user-circle-o\\\" aria-hidden=\\\"true\\\"></i>'),
(665, 29, 0, '@offerListItemIcon_5;', NULL, '<i class=\\\"fa fa-user-circle-o\\\" aria-hidden=\\\"true\\\"></i>'),
(666, 29, 0, '@offerListItemHeading_2;', NULL, '\r\nWeb Design'),
(667, 29, 0, '@offerListItemHeading_3;', NULL, '\r\nWeb Design'),
(668, 29, 0, '@offerListItemHeading_4;', NULL, '\r\nWeb Design'),
(669, 29, 0, '@offerListItemHeading_5;', NULL, '\r\nWeb Design'),
(670, 29, 0, '@offerListItemDescription_1;', NULL, '\r\nWeb Design\r\n\r\nLorem ipsum dolor sit amet, consectetur adipisicing elit, sed do eiusmod tempor incididunt ut labore et dolore magna aliqua.\r\n'),
(671, 29, 0, '@offerListItemDescription_2;', NULL, '\r\nWeb Design\r\n\r\nLorem ipsum dolor sit amet, consectetur adipisicing elit, sed do eiusmod tempor incididunt ut labore et dolore magna aliqua.\r\n'),
(672, 29, 0, '@offerListItemDescription_3;', NULL, '\r\nWeb Design\r\n\r\nLorem ipsum dolor sit amet, consectetur adipisicing elit, sed do eiusmod tempor incididunt ut labore et dolore magna aliqua.\r\n'),
(673, 29, 0, '@offerListItemDescription_4;', NULL, '\r\nWeb Design\r\n\r\nLorem ipsum dolor sit amet, consectetur adipisicing elit, sed do eiusmod tempor incididunt ut labore et dolore magna aliqua.\r\n'),
(674, 29, 0, '@offerListItemDescription_5;', NULL, '\r\nWeb Design\r\n\r\nLorem ipsum dolor sit amet, consectetur adipisicing elit, sed do eiusmod tempor incididunt ut labore et dolore magna aliqua.\r\n'),
(675, 29, 0, '@businessOpSectionHeading;', NULL, 'Our Business Opurtunity'),
(676, 29, 0, '@businessOpSectionDescription;', NULL, '<p>Lorem ipsum dolor sit amet, consectetur adipisicing elit, sed do eiusmod tempor incididunt ut labore et dolore magna aliqua. Ut enim ad minim veniam, quis nostrud exercitation ullamco laboris nisi ut aliquip ex ea commodo consequat. Duis aute irure dolor in reprehenderit in voluptate velit esse cillum dolore eu fugiat nulla pariatur. Excepteur sint occaecat cupidatat non proident, sunt in culpa qui officia deserunt mollit anim id est laborum.</p>'),
(677, 29, 0, '@businessOpBulletPoint_1;', NULL, 'quis nostrud exercitation ullamco laboris'),
(678, 29, 0, '@businessOpBulletPoint_2;', NULL, 'quis nostrud exercitation ullamco laboris'),
(679, 29, 0, '@businessOpBulletPoint_3;', NULL, 'quis nostrud exercitation ullamco laboris'),
(680, 29, 0, '@bottomSectionHeading;', NULL, 'Recent News'),
(681, 29, 0, '@bottomSectionBoxDescription_1;', NULL, '\r\nStandard Blog Post\r\n\r\nExcepteur sint occaecat cupidatat non proident, sunt in culpa qui officia deserunt mollit anim id est laborum.\r\nStandard Blog Post\r\n\r\nExcepteur sint occaecat cupidatat non proident, sunt in culpa qui officia deserunt mollit anim id est laborum.\r\n'),
(682, 29, 0, '@bottomSectionBoxDescription_2;', NULL, '\r\nStandard Blog Post\r\n\r\nExcepteur sint occaecat cupidatat non proident, sunt in culpa qui officia deserunt mollit anim id est laborum.\r\nStandard Blog Post\r\n\r\nExcepteur sint occaecat cupidatat non proident, sunt in culpa qui officia deserunt mollit anim id est laborum.\r\n'),
(683, 29, 0, '@bottomSectionBoxDescription_3;', NULL, '\r\nStandard Blog Post\r\n\r\nExcepteur sint occaecat cupidatat non proident, sunt in culpa qui officia deserunt mollit anim id est laborum.\r\nStandard Blog Post\r\n\r\nExcepteur sint occaecat cupidatat non proident, sunt in culpa qui officia deserunt mollit anim id est laborum.\r\n'),
(684, 29, 0, '@bottomSectionDescription;', NULL, '<p>Lorem ipsum dolor sit amet, consectetur adipisicing elit, sed do eiusmod tempor incididunt ut labore et dolore magna aliqua.</p>'),
(685, 29, 0, '@footerLeftText;', NULL, '<p><em><strong>This is a test contnt</strong></em></p>\r\n'),
(686, 30, 0, '@logo;', NULL, 'Konnecty Waxom'),
(687, 30, 0, '@siteTitle;', NULL, 'Konnecty'),
(688, 30, 0, '@contactPageHeading;', NULL, 'CONTACT US'),
(689, 30, 0, '@contactPageDescription;', NULL, '<p style=\\\"color:#fff\\\">We are Small Team of Creative People working together</p>\r\n'),
(690, 30, 0, '@phone;', NULL, '<p>+91-98686626626<br />\r\n+91-2484923263</p>\r\n'),
(691, 30, 0, '@address;', NULL, 'Athirapilly,<br />\r\nThrissur,<br />\r\nAthirapilly P.O.,<br />\r\nPIN 685456\r\n'),
(692, 30, 0, '@googleMap;', NULL, '<div class=\\\"embed-responsive embed-responsive-16by9\\\">\r\n\r\n<iframe class=\\\"embed-responsive-item\\\" src=\\\"https://www.google.com/maps/embed?pb=!1m18!1m12!1m3!1d31434.452774189114!2d76.27904958891955!3d9.991513042837186!2m3!1f0!2f0!3f0!3m2!1i1024!2i768!4f13.1!3m3!1m2!1s0x3b080d13ee1347b1%3A0x89c9267d1aeeaac4!2sKaloor%2C+Kochi%2C+Kerala!5e0!3m2!1sen!2sin!4v1515836941862\\\"  frameborder=\\\"0\\\" style=\\\"border:0\\\" allowfullscreen></iframe>\r\n\r\n</div>'),
(693, 30, 0, '@email;', NULL, '<p>info@domain.com<br />\r\nsales@domain.com</p>\r\n'),
(694, 30, 0, '@footerMenu_1;', NULL, '<p><strong>Lorem Ipsum</strong> is simply dummy text of the printing and typesetting industry. Lorem Ipsum has been the industry&#39;s standard dummy text ever since the 1500s, when an unknown printer took a galley of type and scrambled it to make a type specimen book. It has survived not only five centuries, but also the leap into electron</p>\r\n'),
(695, 30, 0, '@footerLinksHeading_1;', NULL, 'What is Lorem Ipsum?'),
(696, 30, 0, '@footerMenuHeading_2;', NULL, 'Quick Links'),
(697, 30, 0, '@footerRightHeading_1;', NULL, 'Contact Info'),
(698, 30, 0, '@phoneNumber;', NULL, ' +91 986754232'),
(699, 30, 0, '@mainHeading_1;', NULL, 'Konnecty CMS is your Business Solution'),
(700, 30, 0, '@mainDescription_1;', NULL, '<p>Lorem ipsum dolor sit amet, consectetur adipisicing elit, sed do eiusmod tempor incididunt</p>'),
(701, 30, 0, '@servicesBoxHeading_1;', NULL, 'Business Solution'),
(702, 30, 0, '@servicesBoxHeading_1;', NULL, 'Business Solution'),
(703, 30, 0, '@servicesBoxHeading_2;', NULL, 'Business Solution'),
(704, 30, 0, '@servicesBoxHeading_3;', NULL, 'Business Solution'),
(705, 30, 0, '@servicesBoxDescription_1;', NULL, 'Lorem ipsum dolor sit amet, consectetur adipisicing elit, sed do eiusmod tempor incididunt'),
(706, 30, 0, '@servicesBoxDescription_2;', NULL, 'Lorem ipsum dolor sit amet, consectetur adipisicing elit, sed do eiusmod tempor incididunt'),
(707, 30, 0, '@servicesBoxDescription_3;', NULL, 'Lorem ipsum dolor sit amet, consectetur adipisicing elit, sed do eiusmod tempor incididunt'),
(708, 30, 0, '@servicesBoxMoreButton_1;', NULL, '<p><a href=\\\"http://google.com\\\">More &gt;&gt; </a></p>\r\n'),
(709, 30, 0, '@servicesBoxMoreButton_2;', NULL, '<p><a href=\\\"http://google.com\\\">More &gt;&gt; </a></p>\r\n'),
(710, 30, 0, '@servicesBoxMoreButton_3;', NULL, '<p><a href=\\\"http://google.com\\\">More &gt;&gt; </a></p>\r\n'),
(711, 30, 0, '@visionBoxHeading_1;', NULL, 'Our Values'),
(712, 30, 0, '@visionBoxDescription_1;', NULL, '<p>Lorem ipsum dolor sit amet, consectetur adipisicing elit, sed do eiusmod tempor incididunt ut labore et dolore magna aliqua. Ut enim ad minim veniam, quis nostrud exercitation ullamco laboris nisi ut aliquip ex ea commodo consequat.</p>'),
(713, 30, 0, '@visionBoxDescription_2;', NULL, '<p>Lorem ipsum dolor sit amet, consectetur adipisicing elit, sed do eiusmod tempor incididunt ut labore et dolore magna aliqua. Ut enim ad minim veniam, quis nostrud exercitation ullamco laboris nisi ut aliquip ex ea commodo consequat.</p>'),
(714, 30, 0, '@visionBoxHeading_2;', NULL, 'Our Philosophy'),
(715, 30, 0, '@visionBoxDescription_3;', NULL, '<p>Lorem ipsum dolor sit amet, consectetur adipisicing elit, sed do eiusmod tempor incididunt ut labore et dolore magna aliqua. Ut enim ad minim veniam, quis nostrud exercitation ullamco laboris nisi ut aliquip ex ea commodo consequat.</p>'),
(716, 30, 0, '@visionBoxHeading_3;', NULL, 'Our Mission'),
(717, 30, 0, '@offerSectionHeading;', NULL, 'What we can offer for you ?'),
(718, 30, 0, '@offerSectionDescription;', NULL, '<p>Lorem ipsum dolor sit amet, consectetur adipisicing elit, sed do eiusmod tempor incididunt</p>'),
(719, 30, 0, '@offerListItemHeading_1;', NULL, '\r\nWeb Design'),
(720, 30, 0, '@offerListItemIcon_1;', NULL, '<i class=\\\"fa fa-user-circle-o\\\" aria-hidden=\\\"true\\\"></i>'),
(721, 30, 0, '@offerListItemIcon_2;', NULL, '<i class=\\\"fa fa-user-circle-o\\\" aria-hidden=\\\"true\\\"></i>'),
(722, 30, 0, '@offerListItemIcon_3;', NULL, '<i class=\\\"fa fa-user-circle-o\\\" aria-hidden=\\\"true\\\"></i>'),
(723, 30, 0, '@offerListItemIcon_4;', NULL, '<i class=\\\"fa fa-user-circle-o\\\" aria-hidden=\\\"true\\\"></i>'),
(724, 30, 0, '@offerListItemIcon_5;', NULL, '<i class=\\\"fa fa-user-circle-o\\\" aria-hidden=\\\"true\\\"></i>'),
(725, 30, 0, '@offerListItemHeading_2;', NULL, '\r\nWeb Design'),
(726, 30, 0, '@offerListItemHeading_3;', NULL, '\r\nWeb Design'),
(727, 30, 0, '@offerListItemHeading_4;', NULL, '\r\nWeb Design'),
(728, 30, 0, '@offerListItemHeading_5;', NULL, '\r\nWeb Design'),
(729, 30, 0, '@offerListItemDescription_1;', NULL, '\r\nWeb Design\r\n\r\nLorem ipsum dolor sit amet, consectetur adipisicing elit, sed do eiusmod tempor incididunt ut labore et dolore magna aliqua.\r\n'),
(730, 30, 0, '@offerListItemDescription_2;', NULL, '\r\nWeb Design\r\n\r\nLorem ipsum dolor sit amet, consectetur adipisicing elit, sed do eiusmod tempor incididunt ut labore et dolore magna aliqua.\r\n'),
(731, 30, 0, '@offerListItemDescription_3;', NULL, '\r\nWeb Design\r\n\r\nLorem ipsum dolor sit amet, consectetur adipisicing elit, sed do eiusmod tempor incididunt ut labore et dolore magna aliqua.\r\n'),
(732, 30, 0, '@offerListItemDescription_4;', NULL, '\r\nWeb Design\r\n\r\nLorem ipsum dolor sit amet, consectetur adipisicing elit, sed do eiusmod tempor incididunt ut labore et dolore magna aliqua.\r\n'),
(733, 30, 0, '@offerListItemDescription_5;', NULL, '\r\nWeb Design\r\n\r\nLorem ipsum dolor sit amet, consectetur adipisicing elit, sed do eiusmod tempor incididunt ut labore et dolore magna aliqua.\r\n'),
(734, 30, 0, '@businessOpSectionHeading;', NULL, 'Our Business Opurtunity'),
(735, 30, 0, '@businessOpSectionDescription;', NULL, '<p>Lorem ipsum dolor sit amet, consectetur adipisicing elit, sed do eiusmod tempor incididunt ut labore et dolore magna aliqua. Ut enim ad minim veniam, quis nostrud exercitation ullamco laboris nisi ut aliquip ex ea commodo consequat. Duis aute irure dolor in reprehenderit in voluptate velit esse cillum dolore eu fugiat nulla pariatur. Excepteur sint occaecat cupidatat non proident, sunt in culpa qui officia deserunt mollit anim id est laborum.</p>'),
(736, 30, 0, '@businessOpBulletPoint_1;', NULL, 'quis nostrud exercitation ullamco laboris'),
(737, 30, 0, '@businessOpBulletPoint_2;', NULL, 'quis nostrud exercitation ullamco laboris'),
(738, 30, 0, '@businessOpBulletPoint_3;', NULL, 'quis nostrud exercitation ullamco laboris'),
(739, 30, 0, '@bottomSectionHeading;', NULL, 'Recent News'),
(740, 30, 0, '@bottomSectionBoxDescription_1;', NULL, '\r\nStandard Blog Post\r\n\r\nExcepteur sint occaecat cupidatat non proident, sunt in culpa qui officia deserunt mollit anim id est laborum.\r\nStandard Blog Post\r\n\r\nExcepteur sint occaecat cupidatat non proident, sunt in culpa qui officia deserunt mollit anim id est laborum.\r\n'),
(741, 30, 0, '@bottomSectionBoxDescription_2;', NULL, '\r\nStandard Blog Post\r\n\r\nExcepteur sint occaecat cupidatat non proident, sunt in culpa qui officia deserunt mollit anim id est laborum.\r\nStandard Blog Post\r\n\r\nExcepteur sint occaecat cupidatat non proident, sunt in culpa qui officia deserunt mollit anim id est laborum.\r\n'),
(742, 30, 0, '@bottomSectionBoxDescription_3;', NULL, '\r\nStandard Blog Post\r\n\r\nExcepteur sint occaecat cupidatat non proident, sunt in culpa qui officia deserunt mollit anim id est laborum.\r\nStandard Blog Post\r\n\r\nExcepteur sint occaecat cupidatat non proident, sunt in culpa qui officia deserunt mollit anim id est laborum.\r\n'),
(743, 30, 0, '@bottomSectionDescription;', NULL, '<p>Lorem ipsum dolor sit amet, consectetur adipisicing elit, sed do eiusmod tempor incididunt ut labore et dolore magna aliqua.</p>'),
(744, 30, 0, '@footerLeftText;', NULL, '<p><em><strong>This is a test contnt</strong></em></p>\r\n'),
(745, 31, 0, '@logo;', NULL, 'Konnecty Waxom'),
(746, 31, 0, '@siteTitle;', NULL, 'Konnecty'),
(747, 31, 0, '@contactPageHeading;', NULL, 'CONTACT US'),
(748, 31, 0, '@contactPageDescription;', NULL, '<p style=\\\"color:#fff\\\">We are Small Team of Creative People working together</p>\r\n'),
(749, 31, 0, '@phone;', NULL, '<p>+91-98686626626<br />\r\n+91-2484923263</p>\r\n'),
(750, 31, 0, '@address;', NULL, 'Athirapilly,<br />\r\nThrissur,<br />\r\nAthirapilly P.O.,<br />\r\nPIN 685456\r\n'),
(751, 31, 0, '@googleMap;', NULL, '<div class=\\\"embed-responsive embed-responsive-16by9\\\">\r\n\r\n<iframe class=\\\"embed-responsive-item\\\" src=\\\"https://www.google.com/maps/embed?pb=!1m18!1m12!1m3!1d31434.452774189114!2d76.27904958891955!3d9.991513042837186!2m3!1f0!2f0!3f0!3m2!1i1024!2i768!4f13.1!3m3!1m2!1s0x3b080d13ee1347b1%3A0x89c9267d1aeeaac4!2sKaloor%2C+Kochi%2C+Kerala!5e0!3m2!1sen!2sin!4v1515836941862\\\"  frameborder=\\\"0\\\" style=\\\"border:0\\\" allowfullscreen></iframe>\r\n\r\n</div>'),
(752, 31, 0, '@email;', NULL, '<p>info@domain.com<br />\r\nsales@domain.com</p>\r\n'),
(753, 31, 0, '@footerMenu_1;', NULL, '<p><strong>Lorem Ipsum</strong> is simply dummy text of the printing and typesetting industry. Lorem Ipsum has been the industry&#39;s standard dummy text ever since the 1500s, when an unknown printer took a galley of type and scrambled it to make a type specimen book. It has survived not only five centuries, but also the leap into electron</p>\r\n'),
(754, 31, 0, '@footerLinksHeading_1;', NULL, 'What is Lorem Ipsum?'),
(755, 31, 0, '@footerMenuHeading_2;', NULL, 'Quick Links'),
(756, 31, 0, '@footerRightHeading_1;', NULL, 'Contact Info'),
(757, 31, 0, '@phoneNumber;', NULL, ' +91 986754232'),
(758, 31, 0, '@mainHeading_1;', NULL, 'Konnecty CMS is your Business Solution'),
(759, 31, 0, '@mainDescription_1;', NULL, '<p>Lorem ipsum dolor sit amet, consectetur adipisicing elit, sed do eiusmod tempor incididunt</p>'),
(760, 31, 0, '@servicesBoxHeading_1;', NULL, 'Business Solution'),
(761, 31, 0, '@servicesBoxHeading_1;', NULL, 'Business Solution'),
(762, 31, 0, '@servicesBoxHeading_2;', NULL, 'Business Solution'),
(763, 31, 0, '@servicesBoxHeading_3;', NULL, 'Business Solution'),
(764, 31, 0, '@servicesBoxDescription_1;', NULL, 'Lorem ipsum dolor sit amet, consectetur adipisicing elit, sed do eiusmod tempor incididunt'),
(765, 31, 0, '@servicesBoxDescription_2;', NULL, 'Lorem ipsum dolor sit amet, consectetur adipisicing elit, sed do eiusmod tempor incididunt'),
(766, 31, 0, '@servicesBoxDescription_3;', NULL, 'Lorem ipsum dolor sit amet, consectetur adipisicing elit, sed do eiusmod tempor incididunt'),
(767, 31, 0, '@servicesBoxMoreButton_1;', NULL, '<p><a href=\\\"http://google.com\\\">More &gt;&gt; </a></p>\r\n'),
(768, 31, 0, '@servicesBoxMoreButton_2;', NULL, '<p><a href=\\\"http://google.com\\\">More &gt;&gt; </a></p>\r\n'),
(769, 31, 0, '@servicesBoxMoreButton_3;', NULL, '<p><a href=\\\"http://google.com\\\">More &gt;&gt; </a></p>\r\n'),
(770, 31, 0, '@visionBoxHeading_1;', NULL, 'Our Values'),
(771, 31, 0, '@visionBoxDescription_1;', NULL, '<p>Lorem ipsum dolor sit amet, consectetur adipisicing elit, sed do eiusmod tempor incididunt ut labore et dolore magna aliqua. Ut enim ad minim veniam, quis nostrud exercitation ullamco laboris nisi ut aliquip ex ea commodo consequat.</p>'),
(772, 31, 0, '@visionBoxDescription_2;', NULL, '<p>Lorem ipsum dolor sit amet, consectetur adipisicing elit, sed do eiusmod tempor incididunt ut labore et dolore magna aliqua. Ut enim ad minim veniam, quis nostrud exercitation ullamco laboris nisi ut aliquip ex ea commodo consequat.</p>'),
(773, 31, 0, '@visionBoxHeading_2;', NULL, 'Our Philosophy'),
(774, 31, 0, '@visionBoxDescription_3;', NULL, '<p>Lorem ipsum dolor sit amet, consectetur adipisicing elit, sed do eiusmod tempor incididunt ut labore et dolore magna aliqua. Ut enim ad minim veniam, quis nostrud exercitation ullamco laboris nisi ut aliquip ex ea commodo consequat.</p>'),
(775, 31, 0, '@visionBoxHeading_3;', NULL, 'Our Mission'),
(776, 31, 0, '@offerSectionHeading;', NULL, 'What we can offer for you ?'),
(777, 31, 0, '@offerSectionDescription;', NULL, '<p>Lorem ipsum dolor sit amet, consectetur adipisicing elit, sed do eiusmod tempor incididunt</p>'),
(778, 31, 0, '@offerListItemHeading_1;', NULL, '\r\nWeb Design'),
(779, 31, 0, '@offerListItemIcon_1;', NULL, '<i class=\\\"fa fa-user-circle-o\\\" aria-hidden=\\\"true\\\"></i>'),
(780, 31, 0, '@offerListItemIcon_2;', NULL, '<i class=\\\"fa fa-user-circle-o\\\" aria-hidden=\\\"true\\\"></i>'),
(781, 31, 0, '@offerListItemIcon_3;', NULL, '<i class=\\\"fa fa-user-circle-o\\\" aria-hidden=\\\"true\\\"></i>');
INSERT INTO `contents` (`id_content`, `id_site`, `id_page`, `component_id`, `content_type`, `content`) VALUES
(782, 31, 0, '@offerListItemIcon_4;', NULL, '<i class=\\\"fa fa-user-circle-o\\\" aria-hidden=\\\"true\\\"></i>'),
(783, 31, 0, '@offerListItemIcon_5;', NULL, '<i class=\\\"fa fa-user-circle-o\\\" aria-hidden=\\\"true\\\"></i>'),
(784, 31, 0, '@offerListItemHeading_2;', NULL, '\r\nWeb Design'),
(785, 31, 0, '@offerListItemHeading_3;', NULL, '\r\nWeb Design'),
(786, 31, 0, '@offerListItemHeading_4;', NULL, '\r\nWeb Design'),
(787, 31, 0, '@offerListItemHeading_5;', NULL, '\r\nWeb Design'),
(788, 31, 0, '@offerListItemDescription_1;', NULL, '\r\nWeb Design\r\n\r\nLorem ipsum dolor sit amet, consectetur adipisicing elit, sed do eiusmod tempor incididunt ut labore et dolore magna aliqua.\r\n'),
(789, 31, 0, '@offerListItemDescription_2;', NULL, '\r\nWeb Design\r\n\r\nLorem ipsum dolor sit amet, consectetur adipisicing elit, sed do eiusmod tempor incididunt ut labore et dolore magna aliqua.\r\n'),
(790, 31, 0, '@offerListItemDescription_3;', NULL, '\r\nWeb Design\r\n\r\nLorem ipsum dolor sit amet, consectetur adipisicing elit, sed do eiusmod tempor incididunt ut labore et dolore magna aliqua.\r\n'),
(791, 31, 0, '@offerListItemDescription_4;', NULL, '\r\nWeb Design\r\n\r\nLorem ipsum dolor sit amet, consectetur adipisicing elit, sed do eiusmod tempor incididunt ut labore et dolore magna aliqua.\r\n'),
(792, 31, 0, '@offerListItemDescription_5;', NULL, '\r\nWeb Design\r\n\r\nLorem ipsum dolor sit amet, consectetur adipisicing elit, sed do eiusmod tempor incididunt ut labore et dolore magna aliqua.\r\n'),
(793, 31, 0, '@businessOpSectionHeading;', NULL, 'Our Business Opurtunity'),
(794, 31, 0, '@businessOpSectionDescription;', NULL, '<p>Lorem ipsum dolor sit amet, consectetur adipisicing elit, sed do eiusmod tempor incididunt ut labore et dolore magna aliqua. Ut enim ad minim veniam, quis nostrud exercitation ullamco laboris nisi ut aliquip ex ea commodo consequat. Duis aute irure dolor in reprehenderit in voluptate velit esse cillum dolore eu fugiat nulla pariatur. Excepteur sint occaecat cupidatat non proident, sunt in culpa qui officia deserunt mollit anim id est laborum.</p>'),
(795, 31, 0, '@businessOpBulletPoint_1;', NULL, 'quis nostrud exercitation ullamco laboris'),
(796, 31, 0, '@businessOpBulletPoint_2;', NULL, 'quis nostrud exercitation ullamco laboris'),
(797, 31, 0, '@businessOpBulletPoint_3;', NULL, 'quis nostrud exercitation ullamco laboris'),
(798, 31, 0, '@bottomSectionHeading;', NULL, 'Recent News'),
(799, 31, 0, '@bottomSectionBoxDescription_1;', NULL, '\r\nStandard Blog Post\r\n\r\nExcepteur sint occaecat cupidatat non proident, sunt in culpa qui officia deserunt mollit anim id est laborum.\r\nStandard Blog Post\r\n\r\nExcepteur sint occaecat cupidatat non proident, sunt in culpa qui officia deserunt mollit anim id est laborum.\r\n'),
(800, 31, 0, '@bottomSectionBoxDescription_2;', NULL, '\r\nStandard Blog Post\r\n\r\nExcepteur sint occaecat cupidatat non proident, sunt in culpa qui officia deserunt mollit anim id est laborum.\r\nStandard Blog Post\r\n\r\nExcepteur sint occaecat cupidatat non proident, sunt in culpa qui officia deserunt mollit anim id est laborum.\r\n'),
(801, 31, 0, '@bottomSectionBoxDescription_3;', NULL, '\r\nStandard Blog Post\r\n\r\nExcepteur sint occaecat cupidatat non proident, sunt in culpa qui officia deserunt mollit anim id est laborum.\r\nStandard Blog Post\r\n\r\nExcepteur sint occaecat cupidatat non proident, sunt in culpa qui officia deserunt mollit anim id est laborum.\r\n'),
(802, 31, 0, '@bottomSectionDescription;', NULL, '<p>Lorem ipsum dolor sit amet, consectetur adipisicing elit, sed do eiusmod tempor incididunt ut labore et dolore magna aliqua.</p>'),
(803, 31, 0, '@footerLeftText;', NULL, '<p><em><strong>This is a test contnt</strong></em></p>\r\n'),
(804, 32, 0, '@logo;', NULL, 'Konnecty Waxom'),
(805, 32, 0, '@siteTitle;', NULL, 'Konnecty'),
(806, 32, 0, '@contactPageHeading;', NULL, 'CONTACT US'),
(807, 32, 0, '@contactPageDescription;', NULL, '<p style=\\\"color:#fff\\\">We are Small Team of Creative People working together</p>\r\n'),
(808, 32, 0, '@phone;', NULL, '<p>+91-98686626626<br />\r\n+91-2484923263</p>\r\n'),
(809, 32, 0, '@address;', NULL, 'Athirapilly,<br />\r\nThrissur,<br />\r\nAthirapilly P.O.,<br />\r\nPIN 685456\r\n'),
(810, 32, 0, '@googleMap;', NULL, '<div class=\\\"embed-responsive embed-responsive-16by9\\\">\r\n\r\n<iframe class=\\\"embed-responsive-item\\\" src=\\\"https://www.google.com/maps/embed?pb=!1m18!1m12!1m3!1d31434.452774189114!2d76.27904958891955!3d9.991513042837186!2m3!1f0!2f0!3f0!3m2!1i1024!2i768!4f13.1!3m3!1m2!1s0x3b080d13ee1347b1%3A0x89c9267d1aeeaac4!2sKaloor%2C+Kochi%2C+Kerala!5e0!3m2!1sen!2sin!4v1515836941862\\\"  frameborder=\\\"0\\\" style=\\\"border:0\\\" allowfullscreen></iframe>\r\n\r\n</div>'),
(811, 32, 0, '@email;', NULL, '<p>info@domain.com<br />\r\nsales@domain.com</p>\r\n'),
(812, 32, 0, '@footerMenu_1;', NULL, '<p><strong>Lorem Ipsum</strong> is simply dummy text of the printing and typesetting industry. Lorem Ipsum has been the industry&#39;s standard dummy text ever since the 1500s, when an unknown printer took a galley of type and scrambled it to make a type specimen book. It has survived not only five centuries, but also the leap into electron</p>\r\n'),
(813, 32, 0, '@footerLinksHeading_1;', NULL, 'What is Lorem Ipsum?'),
(814, 32, 0, '@footerMenuHeading_2;', NULL, 'Quick Links'),
(815, 32, 0, '@footerRightHeading_1;', NULL, 'Contact Info'),
(816, 32, 0, '@phoneNumber;', NULL, ' +91 986754232'),
(817, 32, 0, '@mainHeading_1;', NULL, 'Konnecty CMS is your Business Solution'),
(818, 32, 0, '@mainDescription_1;', NULL, '<p>Lorem ipsum dolor sit amet, consectetur adipisicing elit, sed do eiusmod tempor incididunt</p>'),
(819, 32, 0, '@servicesBoxHeading_1;', NULL, 'Business Solution'),
(820, 32, 0, '@servicesBoxHeading_1;', NULL, 'Business Solution'),
(821, 32, 0, '@servicesBoxHeading_2;', NULL, 'Business Solution'),
(822, 32, 0, '@servicesBoxHeading_3;', NULL, 'Business Solution'),
(823, 32, 0, '@servicesBoxDescription_1;', NULL, 'Lorem ipsum dolor sit amet, consectetur adipisicing elit, sed do eiusmod tempor incididunt'),
(824, 32, 0, '@servicesBoxDescription_2;', NULL, 'Lorem ipsum dolor sit amet, consectetur adipisicing elit, sed do eiusmod tempor incididunt'),
(825, 32, 0, '@servicesBoxDescription_3;', NULL, 'Lorem ipsum dolor sit amet, consectetur adipisicing elit, sed do eiusmod tempor incididunt'),
(826, 32, 0, '@servicesBoxMoreButton_1;', NULL, '<p><a href=\\\"http://google.com\\\">More &gt;&gt; </a></p>\r\n'),
(827, 32, 0, '@servicesBoxMoreButton_2;', NULL, '<p><a href=\\\"http://google.com\\\">More &gt;&gt; </a></p>\r\n'),
(828, 32, 0, '@servicesBoxMoreButton_3;', NULL, '<p><a href=\\\"http://google.com\\\">More &gt;&gt; </a></p>\r\n'),
(829, 32, 0, '@visionBoxHeading_1;', NULL, 'Our Values'),
(830, 32, 0, '@visionBoxDescription_1;', NULL, '<p>Lorem ipsum dolor sit amet, consectetur adipisicing elit, sed do eiusmod tempor incididunt ut labore et dolore magna aliqua. Ut enim ad minim veniam, quis nostrud exercitation ullamco laboris nisi ut aliquip ex ea commodo consequat.</p>'),
(831, 32, 0, '@visionBoxDescription_2;', NULL, '<p>Lorem ipsum dolor sit amet, consectetur adipisicing elit, sed do eiusmod tempor incididunt ut labore et dolore magna aliqua. Ut enim ad minim veniam, quis nostrud exercitation ullamco laboris nisi ut aliquip ex ea commodo consequat.</p>'),
(832, 32, 0, '@visionBoxHeading_2;', NULL, 'Our Philosophy'),
(833, 32, 0, '@visionBoxDescription_3;', NULL, '<p>Lorem ipsum dolor sit amet, consectetur adipisicing elit, sed do eiusmod tempor incididunt ut labore et dolore magna aliqua. Ut enim ad minim veniam, quis nostrud exercitation ullamco laboris nisi ut aliquip ex ea commodo consequat.</p>'),
(834, 32, 0, '@visionBoxHeading_3;', NULL, 'Our Mission'),
(835, 32, 0, '@offerSectionHeading;', NULL, 'What we can offer for you ?'),
(836, 32, 0, '@offerSectionDescription;', NULL, '<p>Lorem ipsum dolor sit amet, consectetur adipisicing elit, sed do eiusmod tempor incididunt</p>'),
(837, 32, 0, '@offerListItemHeading_1;', NULL, '\r\nWeb Design'),
(838, 32, 0, '@offerListItemIcon_1;', NULL, '<i class=\\\"fa fa-user-circle-o\\\" aria-hidden=\\\"true\\\"></i>'),
(839, 32, 0, '@offerListItemIcon_2;', NULL, '<i class=\\\"fa fa-user-circle-o\\\" aria-hidden=\\\"true\\\"></i>'),
(840, 32, 0, '@offerListItemIcon_3;', NULL, '<i class=\\\"fa fa-user-circle-o\\\" aria-hidden=\\\"true\\\"></i>'),
(841, 32, 0, '@offerListItemIcon_4;', NULL, '<i class=\\\"fa fa-user-circle-o\\\" aria-hidden=\\\"true\\\"></i>'),
(842, 32, 0, '@offerListItemIcon_5;', NULL, '<i class=\\\"fa fa-user-circle-o\\\" aria-hidden=\\\"true\\\"></i>'),
(843, 32, 0, '@offerListItemHeading_2;', NULL, '\r\nWeb Design'),
(844, 32, 0, '@offerListItemHeading_3;', NULL, '\r\nWeb Design'),
(845, 32, 0, '@offerListItemHeading_4;', NULL, '\r\nWeb Design'),
(846, 32, 0, '@offerListItemHeading_5;', NULL, '\r\nWeb Design'),
(847, 32, 0, '@offerListItemDescription_1;', NULL, '\r\nWeb Design\r\n\r\nLorem ipsum dolor sit amet, consectetur adipisicing elit, sed do eiusmod tempor incididunt ut labore et dolore magna aliqua.\r\n'),
(848, 32, 0, '@offerListItemDescription_2;', NULL, '\r\nWeb Design\r\n\r\nLorem ipsum dolor sit amet, consectetur adipisicing elit, sed do eiusmod tempor incididunt ut labore et dolore magna aliqua.\r\n'),
(849, 32, 0, '@offerListItemDescription_3;', NULL, '\r\nWeb Design\r\n\r\nLorem ipsum dolor sit amet, consectetur adipisicing elit, sed do eiusmod tempor incididunt ut labore et dolore magna aliqua.\r\n'),
(850, 32, 0, '@offerListItemDescription_4;', NULL, '\r\nWeb Design\r\n\r\nLorem ipsum dolor sit amet, consectetur adipisicing elit, sed do eiusmod tempor incididunt ut labore et dolore magna aliqua.\r\n'),
(851, 32, 0, '@offerListItemDescription_5;', NULL, '\r\nWeb Design\r\n\r\nLorem ipsum dolor sit amet, consectetur adipisicing elit, sed do eiusmod tempor incididunt ut labore et dolore magna aliqua.\r\n'),
(852, 32, 0, '@businessOpSectionHeading;', NULL, 'Our Business Opurtunity'),
(853, 32, 0, '@businessOpSectionDescription;', NULL, '<p>Lorem ipsum dolor sit amet, consectetur adipisicing elit, sed do eiusmod tempor incididunt ut labore et dolore magna aliqua. Ut enim ad minim veniam, quis nostrud exercitation ullamco laboris nisi ut aliquip ex ea commodo consequat. Duis aute irure dolor in reprehenderit in voluptate velit esse cillum dolore eu fugiat nulla pariatur. Excepteur sint occaecat cupidatat non proident, sunt in culpa qui officia deserunt mollit anim id est laborum.</p>'),
(854, 32, 0, '@businessOpBulletPoint_1;', NULL, 'quis nostrud exercitation ullamco laboris'),
(855, 32, 0, '@businessOpBulletPoint_2;', NULL, 'quis nostrud exercitation ullamco laboris'),
(856, 32, 0, '@businessOpBulletPoint_3;', NULL, 'quis nostrud exercitation ullamco laboris'),
(857, 32, 0, '@bottomSectionHeading;', NULL, 'Recent News'),
(858, 32, 0, '@bottomSectionBoxDescription_1;', NULL, '\r\nStandard Blog Post\r\n\r\nExcepteur sint occaecat cupidatat non proident, sunt in culpa qui officia deserunt mollit anim id est laborum.\r\nStandard Blog Post\r\n\r\nExcepteur sint occaecat cupidatat non proident, sunt in culpa qui officia deserunt mollit anim id est laborum.\r\n'),
(859, 32, 0, '@bottomSectionBoxDescription_2;', NULL, '\r\nStandard Blog Post\r\n\r\nExcepteur sint occaecat cupidatat non proident, sunt in culpa qui officia deserunt mollit anim id est laborum.\r\nStandard Blog Post\r\n\r\nExcepteur sint occaecat cupidatat non proident, sunt in culpa qui officia deserunt mollit anim id est laborum.\r\n'),
(860, 32, 0, '@bottomSectionBoxDescription_3;', NULL, '\r\nStandard Blog Post\r\n\r\nExcepteur sint occaecat cupidatat non proident, sunt in culpa qui officia deserunt mollit anim id est laborum.\r\nStandard Blog Post\r\n\r\nExcepteur sint occaecat cupidatat non proident, sunt in culpa qui officia deserunt mollit anim id est laborum.\r\n'),
(861, 32, 0, '@bottomSectionDescription;', NULL, '<p>Lorem ipsum dolor sit amet, consectetur adipisicing elit, sed do eiusmod tempor incididunt ut labore et dolore magna aliqua.</p>'),
(862, 32, 0, '@footerLeftText;', NULL, '<p><em><strong>This is a test contnt</strong></em></p>\r\n'),
(863, 33, 0, '@logo;', NULL, 'Konnecty Waxom'),
(864, 33, 0, '@siteTitle;', NULL, 'Konnecty'),
(865, 33, 0, '@contactPageHeading;', NULL, 'CONTACT US'),
(866, 33, 0, '@contactPageDescription;', NULL, '<p style=\\\"color:#fff\\\">We are Small Team of Creative People working together</p>\r\n'),
(867, 33, 0, '@phone;', NULL, '<p>+91-98686626626<br />\r\n+91-2484923263</p>\r\n'),
(868, 33, 0, '@address;', NULL, 'Athirapilly,<br />\r\nThrissur,<br />\r\nAthirapilly P.O.,<br />\r\nPIN 685456\r\n'),
(869, 33, 0, '@googleMap;', NULL, '<div class=\\\"embed-responsive embed-responsive-16by9\\\">\r\n\r\n<iframe class=\\\"embed-responsive-item\\\" src=\\\"https://www.google.com/maps/embed?pb=!1m18!1m12!1m3!1d31434.452774189114!2d76.27904958891955!3d9.991513042837186!2m3!1f0!2f0!3f0!3m2!1i1024!2i768!4f13.1!3m3!1m2!1s0x3b080d13ee1347b1%3A0x89c9267d1aeeaac4!2sKaloor%2C+Kochi%2C+Kerala!5e0!3m2!1sen!2sin!4v1515836941862\\\"  frameborder=\\\"0\\\" style=\\\"border:0\\\" allowfullscreen></iframe>\r\n\r\n</div>'),
(870, 33, 0, '@email;', NULL, '<p>info@domain.com<br />\r\nsales@domain.com</p>\r\n'),
(871, 33, 0, '@footerMenu_1;', NULL, '<p><strong>Lorem Ipsum</strong> is simply dummy text of the printing and typesetting industry. Lorem Ipsum has been the industry&#39;s standard dummy text ever since the 1500s, when an unknown printer took a galley of type and scrambled it to make a type specimen book. It has survived not only five centuries, but also the leap into electron</p>\r\n'),
(872, 33, 0, '@footerLinksHeading_1;', NULL, 'What is Lorem Ipsum?'),
(873, 33, 0, '@footerMenuHeading_2;', NULL, 'Quick Links'),
(874, 33, 0, '@footerRightHeading_1;', NULL, 'Contact Info'),
(875, 33, 0, '@phoneNumber;', NULL, ' +91 986754232'),
(876, 33, 0, '@mainHeading_1;', NULL, 'Konnecty CMS is your Business Solution'),
(877, 33, 0, '@mainDescription_1;', NULL, '<p>Lorem ipsum dolor sit amet, consectetur adipisicing elit, sed do eiusmod tempor incididunt</p>'),
(878, 33, 0, '@servicesBoxHeading_1;', NULL, 'Business Solution'),
(879, 33, 0, '@servicesBoxHeading_1;', NULL, 'Business Solution'),
(880, 33, 0, '@servicesBoxHeading_2;', NULL, 'Business Solution'),
(881, 33, 0, '@servicesBoxHeading_3;', NULL, 'Business Solution'),
(882, 33, 0, '@servicesBoxDescription_1;', NULL, 'Lorem ipsum dolor sit amet, consectetur adipisicing elit, sed do eiusmod tempor incididunt'),
(883, 33, 0, '@servicesBoxDescription_2;', NULL, 'Lorem ipsum dolor sit amet, consectetur adipisicing elit, sed do eiusmod tempor incididunt'),
(884, 33, 0, '@servicesBoxDescription_3;', NULL, 'Lorem ipsum dolor sit amet, consectetur adipisicing elit, sed do eiusmod tempor incididunt'),
(885, 33, 0, '@servicesBoxMoreButton_1;', NULL, '<p><a href=\\\"http://google.com\\\">More &gt;&gt; </a></p>\r\n'),
(886, 33, 0, '@servicesBoxMoreButton_2;', NULL, '<p><a href=\\\"http://google.com\\\">More &gt;&gt; </a></p>\r\n'),
(887, 33, 0, '@servicesBoxMoreButton_3;', NULL, '<p><a href=\\\"http://google.com\\\">More &gt;&gt; </a></p>\r\n'),
(888, 33, 0, '@visionBoxHeading_1;', NULL, 'Our Values'),
(889, 33, 0, '@visionBoxDescription_1;', NULL, '<p>Lorem ipsum dolor sit amet, consectetur adipisicing elit, sed do eiusmod tempor incididunt ut labore et dolore magna aliqua. Ut enim ad minim veniam, quis nostrud exercitation ullamco laboris nisi ut aliquip ex ea commodo consequat.</p>'),
(890, 33, 0, '@visionBoxDescription_2;', NULL, '<p>Lorem ipsum dolor sit amet, consectetur adipisicing elit, sed do eiusmod tempor incididunt ut labore et dolore magna aliqua. Ut enim ad minim veniam, quis nostrud exercitation ullamco laboris nisi ut aliquip ex ea commodo consequat.</p>'),
(891, 33, 0, '@visionBoxHeading_2;', NULL, 'Our Philosophy'),
(892, 33, 0, '@visionBoxDescription_3;', NULL, '<p>Lorem ipsum dolor sit amet, consectetur adipisicing elit, sed do eiusmod tempor incididunt ut labore et dolore magna aliqua. Ut enim ad minim veniam, quis nostrud exercitation ullamco laboris nisi ut aliquip ex ea commodo consequat.</p>'),
(893, 33, 0, '@visionBoxHeading_3;', NULL, 'Our Mission'),
(894, 33, 0, '@offerSectionHeading;', NULL, 'What we can offer for you ?'),
(895, 33, 0, '@offerSectionDescription;', NULL, '<p>Lorem ipsum dolor sit amet, consectetur adipisicing elit, sed do eiusmod tempor incididunt</p>'),
(896, 33, 0, '@offerListItemHeading_1;', NULL, '\r\nWeb Design'),
(897, 33, 0, '@offerListItemIcon_1;', NULL, '<i class=\\\"fa fa-user-circle-o\\\" aria-hidden=\\\"true\\\"></i>'),
(898, 33, 0, '@offerListItemIcon_2;', NULL, '<i class=\\\"fa fa-user-circle-o\\\" aria-hidden=\\\"true\\\"></i>'),
(899, 33, 0, '@offerListItemIcon_3;', NULL, '<i class=\\\"fa fa-user-circle-o\\\" aria-hidden=\\\"true\\\"></i>'),
(900, 33, 0, '@offerListItemIcon_4;', NULL, '<i class=\\\"fa fa-user-circle-o\\\" aria-hidden=\\\"true\\\"></i>'),
(901, 33, 0, '@offerListItemIcon_5;', NULL, '<i class=\\\"fa fa-user-circle-o\\\" aria-hidden=\\\"true\\\"></i>'),
(902, 33, 0, '@offerListItemHeading_2;', NULL, '\r\nWeb Design'),
(903, 33, 0, '@offerListItemHeading_3;', NULL, '\r\nWeb Design'),
(904, 33, 0, '@offerListItemHeading_4;', NULL, '\r\nWeb Design'),
(905, 33, 0, '@offerListItemHeading_5;', NULL, '\r\nWeb Design'),
(906, 33, 0, '@offerListItemDescription_1;', NULL, '\r\nWeb Design\r\n\r\nLorem ipsum dolor sit amet, consectetur adipisicing elit, sed do eiusmod tempor incididunt ut labore et dolore magna aliqua.\r\n'),
(907, 33, 0, '@offerListItemDescription_2;', NULL, '\r\nWeb Design\r\n\r\nLorem ipsum dolor sit amet, consectetur adipisicing elit, sed do eiusmod tempor incididunt ut labore et dolore magna aliqua.\r\n'),
(908, 33, 0, '@offerListItemDescription_3;', NULL, '\r\nWeb Design\r\n\r\nLorem ipsum dolor sit amet, consectetur adipisicing elit, sed do eiusmod tempor incididunt ut labore et dolore magna aliqua.\r\n'),
(909, 33, 0, '@offerListItemDescription_4;', NULL, '\r\nWeb Design\r\n\r\nLorem ipsum dolor sit amet, consectetur adipisicing elit, sed do eiusmod tempor incididunt ut labore et dolore magna aliqua.\r\n'),
(910, 33, 0, '@offerListItemDescription_5;', NULL, '\r\nWeb Design\r\n\r\nLorem ipsum dolor sit amet, consectetur adipisicing elit, sed do eiusmod tempor incididunt ut labore et dolore magna aliqua.\r\n'),
(911, 33, 0, '@businessOpSectionHeading;', NULL, 'Our Business Opurtunity'),
(912, 33, 0, '@businessOpSectionDescription;', NULL, '<p>Lorem ipsum dolor sit amet, consectetur adipisicing elit, sed do eiusmod tempor incididunt ut labore et dolore magna aliqua. Ut enim ad minim veniam, quis nostrud exercitation ullamco laboris nisi ut aliquip ex ea commodo consequat. Duis aute irure dolor in reprehenderit in voluptate velit esse cillum dolore eu fugiat nulla pariatur. Excepteur sint occaecat cupidatat non proident, sunt in culpa qui officia deserunt mollit anim id est laborum.</p>'),
(913, 33, 0, '@businessOpBulletPoint_1;', NULL, 'quis nostrud exercitation ullamco laboris'),
(914, 33, 0, '@businessOpBulletPoint_2;', NULL, 'quis nostrud exercitation ullamco laboris'),
(915, 33, 0, '@businessOpBulletPoint_3;', NULL, 'quis nostrud exercitation ullamco laboris'),
(916, 33, 0, '@bottomSectionHeading;', NULL, 'Recent News'),
(917, 33, 0, '@bottomSectionBoxDescription_1;', NULL, '\r\nStandard Blog Post\r\n\r\nExcepteur sint occaecat cupidatat non proident, sunt in culpa qui officia deserunt mollit anim id est laborum.\r\nStandard Blog Post\r\n\r\nExcepteur sint occaecat cupidatat non proident, sunt in culpa qui officia deserunt mollit anim id est laborum.\r\n'),
(918, 33, 0, '@bottomSectionBoxDescription_2;', NULL, '\r\nStandard Blog Post\r\n\r\nExcepteur sint occaecat cupidatat non proident, sunt in culpa qui officia deserunt mollit anim id est laborum.\r\nStandard Blog Post\r\n\r\nExcepteur sint occaecat cupidatat non proident, sunt in culpa qui officia deserunt mollit anim id est laborum.\r\n'),
(919, 33, 0, '@bottomSectionBoxDescription_3;', NULL, '\r\nStandard Blog Post\r\n\r\nExcepteur sint occaecat cupidatat non proident, sunt in culpa qui officia deserunt mollit anim id est laborum.\r\nStandard Blog Post\r\n\r\nExcepteur sint occaecat cupidatat non proident, sunt in culpa qui officia deserunt mollit anim id est laborum.\r\n'),
(920, 33, 0, '@bottomSectionDescription;', NULL, '<p>Lorem ipsum dolor sit amet, consectetur adipisicing elit, sed do eiusmod tempor incididunt ut labore et dolore magna aliqua.</p>'),
(921, 33, 0, '@footerLeftText;', NULL, '<p><em><strong>This is a test contnt</strong></em></p>\r\n'),
(922, 34, 0, '@logo;', NULL, 'Konnecty Waxom'),
(923, 34, 0, '@siteTitle;', NULL, 'Konnecty'),
(924, 34, 0, '@contactPageHeading;', NULL, 'CONTACT US'),
(925, 34, 0, '@contactPageDescription;', NULL, '<p style=\\\"color:#fff\\\">We are Small Team of Creative People working together</p>\r\n'),
(926, 34, 0, '@phone;', NULL, '<p>+91-98686626626<br />\r\n+91-2484923263</p>\r\n'),
(927, 34, 0, '@address;', NULL, 'Athirapilly,<br />\r\nThrissur,<br />\r\nAthirapilly P.O.,<br />\r\nPIN 685456\r\n'),
(928, 34, 0, '@googleMap;', NULL, '<div class=\\\"embed-responsive embed-responsive-16by9\\\">\r\n\r\n<iframe class=\\\"embed-responsive-item\\\" src=\\\"https://www.google.com/maps/embed?pb=!1m18!1m12!1m3!1d31434.452774189114!2d76.27904958891955!3d9.991513042837186!2m3!1f0!2f0!3f0!3m2!1i1024!2i768!4f13.1!3m3!1m2!1s0x3b080d13ee1347b1%3A0x89c9267d1aeeaac4!2sKaloor%2C+Kochi%2C+Kerala!5e0!3m2!1sen!2sin!4v1515836941862\\\"  frameborder=\\\"0\\\" style=\\\"border:0\\\" allowfullscreen></iframe>\r\n\r\n</div>'),
(929, 34, 0, '@email;', NULL, '<p>info@domain.com<br />\r\nsales@domain.com</p>\r\n'),
(930, 34, 0, '@footerMenu_1;', NULL, '<p><strong>Lorem Ipsum</strong> is simply dummy text of the printing and typesetting industry. Lorem Ipsum has been the industry&#39;s standard dummy text ever since the 1500s, when an unknown printer took a galley of type and scrambled it to make a type specimen book. It has survived not only five centuries, but also the leap into electron</p>\r\n'),
(931, 34, 0, '@footerLinksHeading_1;', NULL, 'What is Lorem Ipsum?'),
(932, 34, 0, '@footerMenuHeading_2;', NULL, 'Quick Links'),
(933, 34, 0, '@footerRightHeading_1;', NULL, 'Contact Info'),
(934, 34, 0, '@phoneNumber;', NULL, ' +91 986754232'),
(935, 34, 0, '@mainHeading_1;', NULL, 'Konnecty CMS is your Business Solution'),
(936, 34, 0, '@mainDescription_1;', NULL, '<p>Lorem ipsum dolor sit amet, consectetur adipisicing elit, sed do eiusmod tempor incididunt</p>'),
(937, 34, 0, '@servicesBoxHeading_1;', NULL, 'Business Solution'),
(938, 34, 0, '@servicesBoxHeading_1;', NULL, 'Business Solution'),
(939, 34, 0, '@servicesBoxHeading_2;', NULL, 'Business Solution'),
(940, 34, 0, '@servicesBoxHeading_3;', NULL, 'Business Solution'),
(941, 34, 0, '@servicesBoxDescription_1;', NULL, 'Lorem ipsum dolor sit amet, consectetur adipisicing elit, sed do eiusmod tempor incididunt'),
(942, 34, 0, '@servicesBoxDescription_2;', NULL, 'Lorem ipsum dolor sit amet, consectetur adipisicing elit, sed do eiusmod tempor incididunt'),
(943, 34, 0, '@servicesBoxDescription_3;', NULL, 'Lorem ipsum dolor sit amet, consectetur adipisicing elit, sed do eiusmod tempor incididunt'),
(944, 34, 0, '@servicesBoxMoreButton_1;', NULL, '<p><a href=\\\"http://google.com\\\">More &gt;&gt; </a></p>\r\n'),
(945, 34, 0, '@servicesBoxMoreButton_2;', NULL, '<p><a href=\\\"http://google.com\\\">More &gt;&gt; </a></p>\r\n'),
(946, 34, 0, '@servicesBoxMoreButton_3;', NULL, '<p><a href=\\\"http://google.com\\\">More &gt;&gt; </a></p>\r\n'),
(947, 34, 0, '@visionBoxHeading_1;', NULL, 'Our Values'),
(948, 34, 0, '@visionBoxDescription_1;', NULL, '<p>Lorem ipsum dolor sit amet, consectetur adipisicing elit, sed do eiusmod tempor incididunt ut labore et dolore magna aliqua. Ut enim ad minim veniam, quis nostrud exercitation ullamco laboris nisi ut aliquip ex ea commodo consequat.</p>'),
(949, 34, 0, '@visionBoxDescription_2;', NULL, '<p>Lorem ipsum dolor sit amet, consectetur adipisicing elit, sed do eiusmod tempor incididunt ut labore et dolore magna aliqua. Ut enim ad minim veniam, quis nostrud exercitation ullamco laboris nisi ut aliquip ex ea commodo consequat.</p>'),
(950, 34, 0, '@visionBoxHeading_2;', NULL, 'Our Philosophy'),
(951, 34, 0, '@visionBoxDescription_3;', NULL, '<p>Lorem ipsum dolor sit amet, consectetur adipisicing elit, sed do eiusmod tempor incididunt ut labore et dolore magna aliqua. Ut enim ad minim veniam, quis nostrud exercitation ullamco laboris nisi ut aliquip ex ea commodo consequat.</p>'),
(952, 34, 0, '@visionBoxHeading_3;', NULL, 'Our Mission'),
(953, 34, 0, '@offerSectionHeading;', NULL, 'What we can offer for you ?'),
(954, 34, 0, '@offerSectionDescription;', NULL, '<p>Lorem ipsum dolor sit amet, consectetur adipisicing elit, sed do eiusmod tempor incididunt</p>'),
(955, 34, 0, '@offerListItemHeading_1;', NULL, '\r\nWeb Design'),
(956, 34, 0, '@offerListItemIcon_1;', NULL, '<i class=\\\"fa fa-user-circle-o\\\" aria-hidden=\\\"true\\\"></i>'),
(957, 34, 0, '@offerListItemIcon_2;', NULL, '<i class=\\\"fa fa-user-circle-o\\\" aria-hidden=\\\"true\\\"></i>'),
(958, 34, 0, '@offerListItemIcon_3;', NULL, '<i class=\\\"fa fa-user-circle-o\\\" aria-hidden=\\\"true\\\"></i>'),
(959, 34, 0, '@offerListItemIcon_4;', NULL, '<i class=\\\"fa fa-user-circle-o\\\" aria-hidden=\\\"true\\\"></i>'),
(960, 34, 0, '@offerListItemIcon_5;', NULL, '<i class=\\\"fa fa-user-circle-o\\\" aria-hidden=\\\"true\\\"></i>'),
(961, 34, 0, '@offerListItemHeading_2;', NULL, '\r\nWeb Design'),
(962, 34, 0, '@offerListItemHeading_3;', NULL, '\r\nWeb Design'),
(963, 34, 0, '@offerListItemHeading_4;', NULL, '\r\nWeb Design'),
(964, 34, 0, '@offerListItemHeading_5;', NULL, '\r\nWeb Design'),
(965, 34, 0, '@offerListItemDescription_1;', NULL, '\r\nWeb Design\r\n\r\nLorem ipsum dolor sit amet, consectetur adipisicing elit, sed do eiusmod tempor incididunt ut labore et dolore magna aliqua.\r\n'),
(966, 34, 0, '@offerListItemDescription_2;', NULL, '\r\nWeb Design\r\n\r\nLorem ipsum dolor sit amet, consectetur adipisicing elit, sed do eiusmod tempor incididunt ut labore et dolore magna aliqua.\r\n'),
(967, 34, 0, '@offerListItemDescription_3;', NULL, '\r\nWeb Design\r\n\r\nLorem ipsum dolor sit amet, consectetur adipisicing elit, sed do eiusmod tempor incididunt ut labore et dolore magna aliqua.\r\n'),
(968, 34, 0, '@offerListItemDescription_4;', NULL, '\r\nWeb Design\r\n\r\nLorem ipsum dolor sit amet, consectetur adipisicing elit, sed do eiusmod tempor incididunt ut labore et dolore magna aliqua.\r\n'),
(969, 34, 0, '@offerListItemDescription_5;', NULL, '\r\nWeb Design\r\n\r\nLorem ipsum dolor sit amet, consectetur adipisicing elit, sed do eiusmod tempor incididunt ut labore et dolore magna aliqua.\r\n'),
(970, 34, 0, '@businessOpSectionHeading;', NULL, 'Our Business Opurtunity'),
(971, 34, 0, '@businessOpSectionDescription;', NULL, '<p>Lorem ipsum dolor sit amet, consectetur adipisicing elit, sed do eiusmod tempor incididunt ut labore et dolore magna aliqua. Ut enim ad minim veniam, quis nostrud exercitation ullamco laboris nisi ut aliquip ex ea commodo consequat. Duis aute irure dolor in reprehenderit in voluptate velit esse cillum dolore eu fugiat nulla pariatur. Excepteur sint occaecat cupidatat non proident, sunt in culpa qui officia deserunt mollit anim id est laborum.</p>'),
(972, 34, 0, '@businessOpBulletPoint_1;', NULL, 'quis nostrud exercitation ullamco laboris'),
(973, 34, 0, '@businessOpBulletPoint_2;', NULL, 'quis nostrud exercitation ullamco laboris'),
(974, 34, 0, '@businessOpBulletPoint_3;', NULL, 'quis nostrud exercitation ullamco laboris'),
(975, 34, 0, '@bottomSectionHeading;', NULL, 'Recent News'),
(976, 34, 0, '@bottomSectionBoxDescription_1;', NULL, '\r\nStandard Blog Post\r\n\r\nExcepteur sint occaecat cupidatat non proident, sunt in culpa qui officia deserunt mollit anim id est laborum.\r\nStandard Blog Post\r\n\r\nExcepteur sint occaecat cupidatat non proident, sunt in culpa qui officia deserunt mollit anim id est laborum.\r\n'),
(977, 34, 0, '@bottomSectionBoxDescription_2;', NULL, '\r\nStandard Blog Post\r\n\r\nExcepteur sint occaecat cupidatat non proident, sunt in culpa qui officia deserunt mollit anim id est laborum.\r\nStandard Blog Post\r\n\r\nExcepteur sint occaecat cupidatat non proident, sunt in culpa qui officia deserunt mollit anim id est laborum.\r\n'),
(978, 34, 0, '@bottomSectionBoxDescription_3;', NULL, '\r\nStandard Blog Post\r\n\r\nExcepteur sint occaecat cupidatat non proident, sunt in culpa qui officia deserunt mollit anim id est laborum.\r\nStandard Blog Post\r\n\r\nExcepteur sint occaecat cupidatat non proident, sunt in culpa qui officia deserunt mollit anim id est laborum.\r\n'),
(979, 34, 0, '@bottomSectionDescription;', NULL, '<p>Lorem ipsum dolor sit amet, consectetur adipisicing elit, sed do eiusmod tempor incididunt ut labore et dolore magna aliqua.</p>'),
(980, 34, 0, '@footerLeftText;', NULL, '<p><em><strong>This is a test contnt</strong></em></p>\r\n'),
(981, 35, 0, '@logo;', NULL, 'Konnecty Waxom'),
(982, 35, 0, '@siteTitle;', NULL, 'Konnecty'),
(983, 35, 0, '@contactPageHeading;', NULL, 'CONTACT US'),
(984, 35, 0, '@contactPageDescription;', NULL, '<p style=\\\"color:#fff\\\">We are Small Team of Creative People working together</p>\r\n'),
(985, 35, 0, '@phone;', NULL, '<p>+91-98686626626<br />\r\n+91-2484923263</p>\r\n'),
(986, 35, 0, '@address;', NULL, 'Athirapilly,<br />\r\nThrissur,<br />\r\nAthirapilly P.O.,<br />\r\nPIN 685456\r\n'),
(987, 35, 0, '@googleMap;', NULL, '<div class=\\\"embed-responsive embed-responsive-16by9\\\">\r\n\r\n<iframe class=\\\"embed-responsive-item\\\" src=\\\"https://www.google.com/maps/embed?pb=!1m18!1m12!1m3!1d31434.452774189114!2d76.27904958891955!3d9.991513042837186!2m3!1f0!2f0!3f0!3m2!1i1024!2i768!4f13.1!3m3!1m2!1s0x3b080d13ee1347b1%3A0x89c9267d1aeeaac4!2sKaloor%2C+Kochi%2C+Kerala!5e0!3m2!1sen!2sin!4v1515836941862\\\"  frameborder=\\\"0\\\" style=\\\"border:0\\\" allowfullscreen></iframe>\r\n\r\n</div>'),
(988, 35, 0, '@email;', NULL, '<p>info@domain.com<br />\r\nsales@domain.com</p>\r\n'),
(989, 35, 0, '@footerMenu_1;', NULL, '<p><strong>Lorem Ipsum</strong> is simply dummy text of the printing and typesetting industry. Lorem Ipsum has been the industry&#39;s standard dummy text ever since the 1500s, when an unknown printer took a galley of type and scrambled it to make a type specimen book. It has survived not only five centuries, but also the leap into electron</p>\r\n'),
(990, 35, 0, '@footerLinksHeading_1;', NULL, 'What is Lorem Ipsum?'),
(991, 35, 0, '@footerMenuHeading_2;', NULL, 'Quick Links'),
(992, 35, 0, '@footerRightHeading_1;', NULL, 'Contact Info'),
(993, 35, 0, '@phoneNumber;', NULL, ' +91 986754232'),
(994, 35, 0, '@mainHeading_1;', NULL, 'Konnecty CMS is your Business Solution'),
(995, 35, 0, '@mainDescription_1;', NULL, '<p>Lorem ipsum dolor sit amet, consectetur adipisicing elit, sed do eiusmod tempor incididunt</p>'),
(996, 35, 0, '@servicesBoxHeading_1;', NULL, 'Business Solution'),
(997, 35, 0, '@servicesBoxHeading_1;', NULL, 'Business Solution'),
(998, 35, 0, '@servicesBoxHeading_2;', NULL, 'Business Solution'),
(999, 35, 0, '@servicesBoxHeading_3;', NULL, 'Business Solution'),
(1000, 35, 0, '@servicesBoxDescription_1;', NULL, 'Lorem ipsum dolor sit amet, consectetur adipisicing elit, sed do eiusmod tempor incididunt'),
(1001, 35, 0, '@servicesBoxDescription_2;', NULL, 'Lorem ipsum dolor sit amet, consectetur adipisicing elit, sed do eiusmod tempor incididunt'),
(1002, 35, 0, '@servicesBoxDescription_3;', NULL, 'Lorem ipsum dolor sit amet, consectetur adipisicing elit, sed do eiusmod tempor incididunt'),
(1003, 35, 0, '@servicesBoxMoreButton_1;', NULL, '<p><a href=\\\"http://google.com\\\">More &gt;&gt; </a></p>\r\n'),
(1004, 35, 0, '@servicesBoxMoreButton_2;', NULL, '<p><a href=\\\"http://google.com\\\">More &gt;&gt; </a></p>\r\n'),
(1005, 35, 0, '@servicesBoxMoreButton_3;', NULL, '<p><a href=\\\"http://google.com\\\">More &gt;&gt; </a></p>\r\n'),
(1006, 35, 0, '@visionBoxHeading_1;', NULL, 'Our Values'),
(1007, 35, 0, '@visionBoxDescription_1;', NULL, '<p>Lorem ipsum dolor sit amet, consectetur adipisicing elit, sed do eiusmod tempor incididunt ut labore et dolore magna aliqua. Ut enim ad minim veniam, quis nostrud exercitation ullamco laboris nisi ut aliquip ex ea commodo consequat.</p>'),
(1008, 35, 0, '@visionBoxDescription_2;', NULL, '<p>Lorem ipsum dolor sit amet, consectetur adipisicing elit, sed do eiusmod tempor incididunt ut labore et dolore magna aliqua. Ut enim ad minim veniam, quis nostrud exercitation ullamco laboris nisi ut aliquip ex ea commodo consequat.</p>'),
(1009, 35, 0, '@visionBoxHeading_2;', NULL, 'Our Philosophy'),
(1010, 35, 0, '@visionBoxDescription_3;', NULL, '<p>Lorem ipsum dolor sit amet, consectetur adipisicing elit, sed do eiusmod tempor incididunt ut labore et dolore magna aliqua. Ut enim ad minim veniam, quis nostrud exercitation ullamco laboris nisi ut aliquip ex ea commodo consequat.</p>'),
(1011, 35, 0, '@visionBoxHeading_3;', NULL, 'Our Mission'),
(1012, 35, 0, '@offerSectionHeading;', NULL, 'What we can offer for you ?'),
(1013, 35, 0, '@offerSectionDescription;', NULL, '<p>Lorem ipsum dolor sit amet, consectetur adipisicing elit, sed do eiusmod tempor incididunt</p>'),
(1014, 35, 0, '@offerListItemHeading_1;', NULL, '\r\nWeb Design'),
(1015, 35, 0, '@offerListItemIcon_1;', NULL, '<i class=\\\"fa fa-user-circle-o\\\" aria-hidden=\\\"true\\\"></i>'),
(1016, 35, 0, '@offerListItemIcon_2;', NULL, '<i class=\\\"fa fa-user-circle-o\\\" aria-hidden=\\\"true\\\"></i>'),
(1017, 35, 0, '@offerListItemIcon_3;', NULL, '<i class=\\\"fa fa-user-circle-o\\\" aria-hidden=\\\"true\\\"></i>'),
(1018, 35, 0, '@offerListItemIcon_4;', NULL, '<i class=\\\"fa fa-user-circle-o\\\" aria-hidden=\\\"true\\\"></i>'),
(1019, 35, 0, '@offerListItemIcon_5;', NULL, '<i class=\\\"fa fa-user-circle-o\\\" aria-hidden=\\\"true\\\"></i>'),
(1020, 35, 0, '@offerListItemHeading_2;', NULL, '\r\nWeb Design'),
(1021, 35, 0, '@offerListItemHeading_3;', NULL, '\r\nWeb Design'),
(1022, 35, 0, '@offerListItemHeading_4;', NULL, '\r\nWeb Design'),
(1023, 35, 0, '@offerListItemHeading_5;', NULL, '\r\nWeb Design'),
(1024, 35, 0, '@offerListItemDescription_1;', NULL, '\r\nWeb Design\r\n\r\nLorem ipsum dolor sit amet, consectetur adipisicing elit, sed do eiusmod tempor incididunt ut labore et dolore magna aliqua.\r\n'),
(1025, 35, 0, '@offerListItemDescription_2;', NULL, '\r\nWeb Design\r\n\r\nLorem ipsum dolor sit amet, consectetur adipisicing elit, sed do eiusmod tempor incididunt ut labore et dolore magna aliqua.\r\n'),
(1026, 35, 0, '@offerListItemDescription_3;', NULL, '\r\nWeb Design\r\n\r\nLorem ipsum dolor sit amet, consectetur adipisicing elit, sed do eiusmod tempor incididunt ut labore et dolore magna aliqua.\r\n'),
(1027, 35, 0, '@offerListItemDescription_4;', NULL, '\r\nWeb Design\r\n\r\nLorem ipsum dolor sit amet, consectetur adipisicing elit, sed do eiusmod tempor incididunt ut labore et dolore magna aliqua.\r\n'),
(1028, 35, 0, '@offerListItemDescription_5;', NULL, '\r\nWeb Design\r\n\r\nLorem ipsum dolor sit amet, consectetur adipisicing elit, sed do eiusmod tempor incididunt ut labore et dolore magna aliqua.\r\n'),
(1029, 35, 0, '@businessOpSectionHeading;', NULL, 'Our Business Opurtunity'),
(1030, 35, 0, '@businessOpSectionDescription;', NULL, '<p>Lorem ipsum dolor sit amet, consectetur adipisicing elit, sed do eiusmod tempor incididunt ut labore et dolore magna aliqua. Ut enim ad minim veniam, quis nostrud exercitation ullamco laboris nisi ut aliquip ex ea commodo consequat. Duis aute irure dolor in reprehenderit in voluptate velit esse cillum dolore eu fugiat nulla pariatur. Excepteur sint occaecat cupidatat non proident, sunt in culpa qui officia deserunt mollit anim id est laborum.</p>'),
(1031, 35, 0, '@businessOpBulletPoint_1;', NULL, 'quis nostrud exercitation ullamco laboris'),
(1032, 35, 0, '@businessOpBulletPoint_2;', NULL, 'quis nostrud exercitation ullamco laboris'),
(1033, 35, 0, '@businessOpBulletPoint_3;', NULL, 'quis nostrud exercitation ullamco laboris'),
(1034, 35, 0, '@bottomSectionHeading;', NULL, 'Recent News'),
(1035, 35, 0, '@bottomSectionBoxDescription_1;', NULL, '\r\nStandard Blog Post\r\n\r\nExcepteur sint occaecat cupidatat non proident, sunt in culpa qui officia deserunt mollit anim id est laborum.\r\nStandard Blog Post\r\n\r\nExcepteur sint occaecat cupidatat non proident, sunt in culpa qui officia deserunt mollit anim id est laborum.\r\n'),
(1036, 35, 0, '@bottomSectionBoxDescription_2;', NULL, '\r\nStandard Blog Post\r\n\r\nExcepteur sint occaecat cupidatat non proident, sunt in culpa qui officia deserunt mollit anim id est laborum.\r\nStandard Blog Post\r\n\r\nExcepteur sint occaecat cupidatat non proident, sunt in culpa qui officia deserunt mollit anim id est laborum.\r\n'),
(1037, 35, 0, '@bottomSectionBoxDescription_3;', NULL, '\r\nStandard Blog Post\r\n\r\nExcepteur sint occaecat cupidatat non proident, sunt in culpa qui officia deserunt mollit anim id est laborum.\r\nStandard Blog Post\r\n\r\nExcepteur sint occaecat cupidatat non proident, sunt in culpa qui officia deserunt mollit anim id est laborum.\r\n'),
(1038, 35, 0, '@bottomSectionDescription;', NULL, '<p>Lorem ipsum dolor sit amet, consectetur adipisicing elit, sed do eiusmod tempor incididunt ut labore et dolore magna aliqua.</p>'),
(1039, 35, 0, '@footerLeftText;', NULL, '<p><em><strong>This is a test contnt</strong></em></p>\r\n'),
(1040, 36, 0, '@logo;', NULL, 'Konnecty Waxom'),
(1041, 36, 0, '@siteTitle;', NULL, 'Konnecty'),
(1042, 36, 0, '@contactPageHeading;', NULL, 'CONTACT US'),
(1043, 36, 0, '@contactPageDescription;', NULL, '<p style=\\\"color:#fff\\\">We are Small Team of Creative People working together</p>\r\n'),
(1044, 36, 0, '@phone;', NULL, '<p>+91-98686626626<br />\r\n+91-2484923263</p>\r\n'),
(1045, 36, 0, '@address;', NULL, 'Athirapilly,<br />\r\nThrissur,<br />\r\nAthirapilly P.O.,<br />\r\nPIN 685456\r\n'),
(1046, 36, 0, '@googleMap;', NULL, '<div class=\\\"embed-responsive embed-responsive-16by9\\\">\r\n\r\n<iframe class=\\\"embed-responsive-item\\\" src=\\\"https://www.google.com/maps/embed?pb=!1m18!1m12!1m3!1d31434.452774189114!2d76.27904958891955!3d9.991513042837186!2m3!1f0!2f0!3f0!3m2!1i1024!2i768!4f13.1!3m3!1m2!1s0x3b080d13ee1347b1%3A0x89c9267d1aeeaac4!2sKaloor%2C+Kochi%2C+Kerala!5e0!3m2!1sen!2sin!4v1515836941862\\\"  frameborder=\\\"0\\\" style=\\\"border:0\\\" allowfullscreen></iframe>\r\n\r\n</div>'),
(1047, 36, 0, '@email;', NULL, '<p>info@domain.com<br />\r\nsales@domain.com</p>\r\n'),
(1048, 36, 0, '@footerMenu_1;', NULL, '<p><strong>Lorem Ipsum</strong> is simply dummy text of the printing and typesetting industry. Lorem Ipsum has been the industry&#39;s standard dummy text ever since the 1500s, when an unknown printer took a galley of type and scrambled it to make a type specimen book. It has survived not only five centuries, but also the leap into electron</p>\r\n'),
(1049, 36, 0, '@footerLinksHeading_1;', NULL, 'What is Lorem Ipsum?'),
(1050, 36, 0, '@footerMenuHeading_2;', NULL, 'Quick Links'),
(1051, 36, 0, '@footerRightHeading_1;', NULL, 'Contact Info'),
(1052, 36, 0, '@phoneNumber;', NULL, ' +91 986754232'),
(1053, 36, 0, '@mainHeading_1;', NULL, 'Konnecty CMS is your Business Solution'),
(1054, 36, 0, '@mainDescription_1;', NULL, '<p>Lorem ipsum dolor sit amet, consectetur adipisicing elit, sed do eiusmod tempor incididunt</p>'),
(1055, 36, 0, '@servicesBoxHeading_1;', NULL, 'Business Solution'),
(1056, 36, 0, '@servicesBoxHeading_1;', NULL, 'Business Solution'),
(1057, 36, 0, '@servicesBoxHeading_2;', NULL, 'Business Solution'),
(1058, 36, 0, '@servicesBoxHeading_3;', NULL, 'Business Solution'),
(1059, 36, 0, '@servicesBoxDescription_1;', NULL, 'Lorem ipsum dolor sit amet, consectetur adipisicing elit, sed do eiusmod tempor incididunt'),
(1060, 36, 0, '@servicesBoxDescription_2;', NULL, 'Lorem ipsum dolor sit amet, consectetur adipisicing elit, sed do eiusmod tempor incididunt'),
(1061, 36, 0, '@servicesBoxDescription_3;', NULL, 'Lorem ipsum dolor sit amet, consectetur adipisicing elit, sed do eiusmod tempor incididunt'),
(1062, 36, 0, '@servicesBoxMoreButton_1;', NULL, '<p><a href=\\\"http://google.com\\\">More &gt;&gt; </a></p>\r\n'),
(1063, 36, 0, '@servicesBoxMoreButton_2;', NULL, '<p><a href=\\\"http://google.com\\\">More &gt;&gt; </a></p>\r\n'),
(1064, 36, 0, '@servicesBoxMoreButton_3;', NULL, '<p><a href=\\\"http://google.com\\\">More &gt;&gt; </a></p>\r\n'),
(1065, 36, 0, '@visionBoxHeading_1;', NULL, 'Our Values'),
(1066, 36, 0, '@visionBoxDescription_1;', NULL, '<p>Lorem ipsum dolor sit amet, consectetur adipisicing elit, sed do eiusmod tempor incididunt ut labore et dolore magna aliqua. Ut enim ad minim veniam, quis nostrud exercitation ullamco laboris nisi ut aliquip ex ea commodo consequat.</p>'),
(1067, 36, 0, '@visionBoxDescription_2;', NULL, '<p>Lorem ipsum dolor sit amet, consectetur adipisicing elit, sed do eiusmod tempor incididunt ut labore et dolore magna aliqua. Ut enim ad minim veniam, quis nostrud exercitation ullamco laboris nisi ut aliquip ex ea commodo consequat.</p>'),
(1068, 36, 0, '@visionBoxHeading_2;', NULL, 'Our Philosophy'),
(1069, 36, 0, '@visionBoxDescription_3;', NULL, '<p>Lorem ipsum dolor sit amet, consectetur adipisicing elit, sed do eiusmod tempor incididunt ut labore et dolore magna aliqua. Ut enim ad minim veniam, quis nostrud exercitation ullamco laboris nisi ut aliquip ex ea commodo consequat.</p>'),
(1070, 36, 0, '@visionBoxHeading_3;', NULL, 'Our Mission'),
(1071, 36, 0, '@offerSectionHeading;', NULL, 'What we can offer for you ?'),
(1072, 36, 0, '@offerSectionDescription;', NULL, '<p>Lorem ipsum dolor sit amet, consectetur adipisicing elit, sed do eiusmod tempor incididunt</p>'),
(1073, 36, 0, '@offerListItemHeading_1;', NULL, '\r\nWeb Design'),
(1074, 36, 0, '@offerListItemIcon_1;', NULL, '<i class=\\\"fa fa-user-circle-o\\\" aria-hidden=\\\"true\\\"></i>'),
(1075, 36, 0, '@offerListItemIcon_2;', NULL, '<i class=\\\"fa fa-user-circle-o\\\" aria-hidden=\\\"true\\\"></i>'),
(1076, 36, 0, '@offerListItemIcon_3;', NULL, '<i class=\\\"fa fa-user-circle-o\\\" aria-hidden=\\\"true\\\"></i>'),
(1077, 36, 0, '@offerListItemIcon_4;', NULL, '<i class=\\\"fa fa-user-circle-o\\\" aria-hidden=\\\"true\\\"></i>'),
(1078, 36, 0, '@offerListItemIcon_5;', NULL, '<i class=\\\"fa fa-user-circle-o\\\" aria-hidden=\\\"true\\\"></i>'),
(1079, 36, 0, '@offerListItemHeading_2;', NULL, '\r\nWeb Design'),
(1080, 36, 0, '@offerListItemHeading_3;', NULL, '\r\nWeb Design'),
(1081, 36, 0, '@offerListItemHeading_4;', NULL, '\r\nWeb Design'),
(1082, 36, 0, '@offerListItemHeading_5;', NULL, '\r\nWeb Design'),
(1083, 36, 0, '@offerListItemDescription_1;', NULL, '\r\nWeb Design\r\n\r\nLorem ipsum dolor sit amet, consectetur adipisicing elit, sed do eiusmod tempor incididunt ut labore et dolore magna aliqua.\r\n'),
(1084, 36, 0, '@offerListItemDescription_2;', NULL, '\r\nWeb Design\r\n\r\nLorem ipsum dolor sit amet, consectetur adipisicing elit, sed do eiusmod tempor incididunt ut labore et dolore magna aliqua.\r\n'),
(1085, 36, 0, '@offerListItemDescription_3;', NULL, '\r\nWeb Design\r\n\r\nLorem ipsum dolor sit amet, consectetur adipisicing elit, sed do eiusmod tempor incididunt ut labore et dolore magna aliqua.\r\n'),
(1086, 36, 0, '@offerListItemDescription_4;', NULL, '\r\nWeb Design\r\n\r\nLorem ipsum dolor sit amet, consectetur adipisicing elit, sed do eiusmod tempor incididunt ut labore et dolore magna aliqua.\r\n'),
(1087, 36, 0, '@offerListItemDescription_5;', NULL, '\r\nWeb Design\r\n\r\nLorem ipsum dolor sit amet, consectetur adipisicing elit, sed do eiusmod tempor incididunt ut labore et dolore magna aliqua.\r\n'),
(1088, 36, 0, '@businessOpSectionHeading;', NULL, 'Our Business Opurtunity'),
(1089, 36, 0, '@businessOpSectionDescription;', NULL, '<p>Lorem ipsum dolor sit amet, consectetur adipisicing elit, sed do eiusmod tempor incididunt ut labore et dolore magna aliqua. Ut enim ad minim veniam, quis nostrud exercitation ullamco laboris nisi ut aliquip ex ea commodo consequat. Duis aute irure dolor in reprehenderit in voluptate velit esse cillum dolore eu fugiat nulla pariatur. Excepteur sint occaecat cupidatat non proident, sunt in culpa qui officia deserunt mollit anim id est laborum.</p>'),
(1090, 36, 0, '@businessOpBulletPoint_1;', NULL, 'quis nostrud exercitation ullamco laboris'),
(1091, 36, 0, '@businessOpBulletPoint_2;', NULL, 'quis nostrud exercitation ullamco laboris'),
(1092, 36, 0, '@businessOpBulletPoint_3;', NULL, 'quis nostrud exercitation ullamco laboris'),
(1093, 36, 0, '@bottomSectionHeading;', NULL, 'Recent News'),
(1094, 36, 0, '@bottomSectionBoxDescription_1;', NULL, '\r\nStandard Blog Post\r\n\r\nExcepteur sint occaecat cupidatat non proident, sunt in culpa qui officia deserunt mollit anim id est laborum.\r\nStandard Blog Post\r\n\r\nExcepteur sint occaecat cupidatat non proident, sunt in culpa qui officia deserunt mollit anim id est laborum.\r\n'),
(1095, 36, 0, '@bottomSectionBoxDescription_2;', NULL, '\r\nStandard Blog Post\r\n\r\nExcepteur sint occaecat cupidatat non proident, sunt in culpa qui officia deserunt mollit anim id est laborum.\r\nStandard Blog Post\r\n\r\nExcepteur sint occaecat cupidatat non proident, sunt in culpa qui officia deserunt mollit anim id est laborum.\r\n'),
(1096, 36, 0, '@bottomSectionBoxDescription_3;', NULL, '\r\nStandard Blog Post\r\n\r\nExcepteur sint occaecat cupidatat non proident, sunt in culpa qui officia deserunt mollit anim id est laborum.\r\nStandard Blog Post\r\n\r\nExcepteur sint occaecat cupidatat non proident, sunt in culpa qui officia deserunt mollit anim id est laborum.\r\n'),
(1097, 36, 0, '@bottomSectionDescription;', NULL, '<p>Lorem ipsum dolor sit amet, consectetur adipisicing elit, sed do eiusmod tempor incididunt ut labore et dolore magna aliqua.</p>'),
(1098, 36, 0, '@footerLeftText;', NULL, '<p><em><strong>This is a test contnt</strong></em></p>\r\n'),
(1099, 37, 0, '@logo;', NULL, 'Konnecty Waxom'),
(1100, 37, 0, '@siteTitle;', NULL, 'Konnecty'),
(1101, 37, 0, '@contactPageHeading;', NULL, 'CONTACT US'),
(1102, 37, 0, '@contactPageDescription;', NULL, '<p style=\\\"color:#fff\\\">We are Small Team of Creative People working together</p>\r\n'),
(1103, 37, 0, '@phone;', NULL, '<p>+91-98686626626<br />\r\n+91-2484923263</p>\r\n'),
(1104, 37, 0, '@address;', NULL, 'Athirapilly,<br />\r\nThrissur,<br />\r\nAthirapilly P.O.,<br />\r\nPIN 685456\r\n'),
(1105, 37, 0, '@googleMap;', NULL, '<div class=\\\"embed-responsive embed-responsive-16by9\\\">\r\n\r\n<iframe class=\\\"embed-responsive-item\\\" src=\\\"https://www.google.com/maps/embed?pb=!1m18!1m12!1m3!1d31434.452774189114!2d76.27904958891955!3d9.991513042837186!2m3!1f0!2f0!3f0!3m2!1i1024!2i768!4f13.1!3m3!1m2!1s0x3b080d13ee1347b1%3A0x89c9267d1aeeaac4!2sKaloor%2C+Kochi%2C+Kerala!5e0!3m2!1sen!2sin!4v1515836941862\\\"  frameborder=\\\"0\\\" style=\\\"border:0\\\" allowfullscreen></iframe>\r\n\r\n</div>'),
(1106, 37, 0, '@email;', NULL, '<p>info@domain.com<br />\r\nsales@domain.com</p>\r\n'),
(1107, 37, 0, '@footerMenu_1;', NULL, '<p><strong>Lorem Ipsum</strong> is simply dummy text of the printing and typesetting industry. Lorem Ipsum has been the industry&#39;s standard dummy text ever since the 1500s, when an unknown printer took a galley of type and scrambled it to make a type specimen book. It has survived not only five centuries, but also the leap into electron</p>\r\n'),
(1108, 37, 0, '@footerLinksHeading_1;', NULL, 'What is Lorem Ipsum?'),
(1109, 37, 0, '@footerMenuHeading_2;', NULL, 'Quick Links'),
(1110, 37, 0, '@footerRightHeading_1;', NULL, 'Contact Info'),
(1111, 37, 0, '@phoneNumber;', NULL, ' +91 986754232'),
(1112, 37, 0, '@mainHeading_1;', NULL, 'Konnecty CMS is your Business Solution'),
(1113, 37, 0, '@mainDescription_1;', NULL, '<p>Lorem ipsum dolor sit amet, consectetur adipisicing elit, sed do eiusmod tempor incididunt</p>'),
(1114, 37, 0, '@servicesBoxHeading_1;', NULL, 'Business Solution'),
(1115, 37, 0, '@servicesBoxHeading_1;', NULL, 'Business Solution'),
(1116, 37, 0, '@servicesBoxHeading_2;', NULL, 'Business Solution'),
(1117, 37, 0, '@servicesBoxHeading_3;', NULL, 'Business Solution'),
(1118, 37, 0, '@servicesBoxDescription_1;', NULL, 'Lorem ipsum dolor sit amet, consectetur adipisicing elit, sed do eiusmod tempor incididunt'),
(1119, 37, 0, '@servicesBoxDescription_2;', NULL, 'Lorem ipsum dolor sit amet, consectetur adipisicing elit, sed do eiusmod tempor incididunt'),
(1120, 37, 0, '@servicesBoxDescription_3;', NULL, 'Lorem ipsum dolor sit amet, consectetur adipisicing elit, sed do eiusmod tempor incididunt'),
(1121, 37, 0, '@servicesBoxMoreButton_1;', NULL, '<p><a href=\\\"http://google.com\\\">More &gt;&gt; </a></p>\r\n'),
(1122, 37, 0, '@servicesBoxMoreButton_2;', NULL, '<p><a href=\\\"http://google.com\\\">More &gt;&gt; </a></p>\r\n'),
(1123, 37, 0, '@servicesBoxMoreButton_3;', NULL, '<p><a href=\\\"http://google.com\\\">More &gt;&gt; </a></p>\r\n'),
(1124, 37, 0, '@visionBoxHeading_1;', NULL, 'Our Values'),
(1125, 37, 0, '@visionBoxDescription_1;', NULL, '<p>Lorem ipsum dolor sit amet, consectetur adipisicing elit, sed do eiusmod tempor incididunt ut labore et dolore magna aliqua. Ut enim ad minim veniam, quis nostrud exercitation ullamco laboris nisi ut aliquip ex ea commodo consequat.</p>'),
(1126, 37, 0, '@visionBoxDescription_2;', NULL, '<p>Lorem ipsum dolor sit amet, consectetur adipisicing elit, sed do eiusmod tempor incididunt ut labore et dolore magna aliqua. Ut enim ad minim veniam, quis nostrud exercitation ullamco laboris nisi ut aliquip ex ea commodo consequat.</p>'),
(1127, 37, 0, '@visionBoxHeading_2;', NULL, 'Our Philosophy'),
(1128, 37, 0, '@visionBoxDescription_3;', NULL, '<p>Lorem ipsum dolor sit amet, consectetur adipisicing elit, sed do eiusmod tempor incididunt ut labore et dolore magna aliqua. Ut enim ad minim veniam, quis nostrud exercitation ullamco laboris nisi ut aliquip ex ea commodo consequat.</p>'),
(1129, 37, 0, '@visionBoxHeading_3;', NULL, 'Our Mission'),
(1130, 37, 0, '@offerSectionHeading;', NULL, 'What we can offer for you ?'),
(1131, 37, 0, '@offerSectionDescription;', NULL, '<p>Lorem ipsum dolor sit amet, consectetur adipisicing elit, sed do eiusmod tempor incididunt</p>');
INSERT INTO `contents` (`id_content`, `id_site`, `id_page`, `component_id`, `content_type`, `content`) VALUES
(1132, 37, 0, '@offerListItemHeading_1;', NULL, '\r\nWeb Design'),
(1133, 37, 0, '@offerListItemIcon_1;', NULL, '<i class=\\\"fa fa-user-circle-o\\\" aria-hidden=\\\"true\\\"></i>'),
(1134, 37, 0, '@offerListItemIcon_2;', NULL, '<i class=\\\"fa fa-user-circle-o\\\" aria-hidden=\\\"true\\\"></i>'),
(1135, 37, 0, '@offerListItemIcon_3;', NULL, '<i class=\\\"fa fa-user-circle-o\\\" aria-hidden=\\\"true\\\"></i>'),
(1136, 37, 0, '@offerListItemIcon_4;', NULL, '<i class=\\\"fa fa-user-circle-o\\\" aria-hidden=\\\"true\\\"></i>'),
(1137, 37, 0, '@offerListItemIcon_5;', NULL, '<i class=\\\"fa fa-user-circle-o\\\" aria-hidden=\\\"true\\\"></i>'),
(1138, 37, 0, '@offerListItemHeading_2;', NULL, '\r\nWeb Design'),
(1139, 37, 0, '@offerListItemHeading_3;', NULL, '\r\nWeb Design'),
(1140, 37, 0, '@offerListItemHeading_4;', NULL, '\r\nWeb Design'),
(1141, 37, 0, '@offerListItemHeading_5;', NULL, '\r\nWeb Design'),
(1142, 37, 0, '@offerListItemDescription_1;', NULL, '\r\nWeb Design\r\n\r\nLorem ipsum dolor sit amet, consectetur adipisicing elit, sed do eiusmod tempor incididunt ut labore et dolore magna aliqua.\r\n'),
(1143, 37, 0, '@offerListItemDescription_2;', NULL, '\r\nWeb Design\r\n\r\nLorem ipsum dolor sit amet, consectetur adipisicing elit, sed do eiusmod tempor incididunt ut labore et dolore magna aliqua.\r\n'),
(1144, 37, 0, '@offerListItemDescription_3;', NULL, '\r\nWeb Design\r\n\r\nLorem ipsum dolor sit amet, consectetur adipisicing elit, sed do eiusmod tempor incididunt ut labore et dolore magna aliqua.\r\n'),
(1145, 37, 0, '@offerListItemDescription_4;', NULL, '\r\nWeb Design\r\n\r\nLorem ipsum dolor sit amet, consectetur adipisicing elit, sed do eiusmod tempor incididunt ut labore et dolore magna aliqua.\r\n'),
(1146, 37, 0, '@offerListItemDescription_5;', NULL, '\r\nWeb Design\r\n\r\nLorem ipsum dolor sit amet, consectetur adipisicing elit, sed do eiusmod tempor incididunt ut labore et dolore magna aliqua.\r\n'),
(1147, 37, 0, '@businessOpSectionHeading;', NULL, 'Our Business Opurtunity'),
(1148, 37, 0, '@businessOpSectionDescription;', NULL, '<p>Lorem ipsum dolor sit amet, consectetur adipisicing elit, sed do eiusmod tempor incididunt ut labore et dolore magna aliqua. Ut enim ad minim veniam, quis nostrud exercitation ullamco laboris nisi ut aliquip ex ea commodo consequat. Duis aute irure dolor in reprehenderit in voluptate velit esse cillum dolore eu fugiat nulla pariatur. Excepteur sint occaecat cupidatat non proident, sunt in culpa qui officia deserunt mollit anim id est laborum.</p>'),
(1149, 37, 0, '@businessOpBulletPoint_1;', NULL, 'quis nostrud exercitation ullamco laboris'),
(1150, 37, 0, '@businessOpBulletPoint_2;', NULL, 'quis nostrud exercitation ullamco laboris'),
(1151, 37, 0, '@businessOpBulletPoint_3;', NULL, 'quis nostrud exercitation ullamco laboris'),
(1152, 37, 0, '@bottomSectionHeading;', NULL, 'Recent News'),
(1153, 37, 0, '@bottomSectionBoxDescription_1;', NULL, '\r\nStandard Blog Post\r\n\r\nExcepteur sint occaecat cupidatat non proident, sunt in culpa qui officia deserunt mollit anim id est laborum.\r\nStandard Blog Post\r\n\r\nExcepteur sint occaecat cupidatat non proident, sunt in culpa qui officia deserunt mollit anim id est laborum.\r\n'),
(1154, 37, 0, '@bottomSectionBoxDescription_2;', NULL, '\r\nStandard Blog Post\r\n\r\nExcepteur sint occaecat cupidatat non proident, sunt in culpa qui officia deserunt mollit anim id est laborum.\r\nStandard Blog Post\r\n\r\nExcepteur sint occaecat cupidatat non proident, sunt in culpa qui officia deserunt mollit anim id est laborum.\r\n'),
(1155, 37, 0, '@bottomSectionBoxDescription_3;', NULL, '\r\nStandard Blog Post\r\n\r\nExcepteur sint occaecat cupidatat non proident, sunt in culpa qui officia deserunt mollit anim id est laborum.\r\nStandard Blog Post\r\n\r\nExcepteur sint occaecat cupidatat non proident, sunt in culpa qui officia deserunt mollit anim id est laborum.\r\n'),
(1156, 37, 0, '@bottomSectionDescription;', NULL, '<p>Lorem ipsum dolor sit amet, consectetur adipisicing elit, sed do eiusmod tempor incididunt ut labore et dolore magna aliqua.</p>'),
(1157, 37, 0, '@footerLeftText;', NULL, '<p><em><strong>This is a test contnt</strong></em></p>\r\n'),
(1158, 38, 0, '@logo;', NULL, 'Konnecty Waxom'),
(1159, 38, 0, '@siteTitle;', NULL, 'Konnecty'),
(1160, 38, 0, '@contactPageHeading;', NULL, 'CONTACT US'),
(1161, 38, 0, '@contactPageDescription;', NULL, '<p style=\\\"color:#fff\\\">We are Small Team of Creative People working together</p>\r\n'),
(1162, 38, 0, '@phone;', NULL, '<p>+91-98686626626<br />\r\n+91-2484923263</p>\r\n'),
(1163, 38, 0, '@address;', NULL, 'Athirapilly,<br />\r\nThrissur,<br />\r\nAthirapilly P.O.,<br />\r\nPIN 685456\r\n'),
(1164, 38, 0, '@googleMap;', NULL, '<div class=\\\"embed-responsive embed-responsive-16by9\\\">\r\n\r\n<iframe class=\\\"embed-responsive-item\\\" src=\\\"https://www.google.com/maps/embed?pb=!1m18!1m12!1m3!1d31434.452774189114!2d76.27904958891955!3d9.991513042837186!2m3!1f0!2f0!3f0!3m2!1i1024!2i768!4f13.1!3m3!1m2!1s0x3b080d13ee1347b1%3A0x89c9267d1aeeaac4!2sKaloor%2C+Kochi%2C+Kerala!5e0!3m2!1sen!2sin!4v1515836941862\\\"  frameborder=\\\"0\\\" style=\\\"border:0\\\" allowfullscreen></iframe>\r\n\r\n</div>'),
(1165, 38, 0, '@email;', NULL, '<p>info@domain.com<br />\r\nsales@domain.com</p>\r\n'),
(1166, 38, 0, '@footerMenu_1;', NULL, '<p><strong>Lorem Ipsum</strong> is simply dummy text of the printing and typesetting industry. Lorem Ipsum has been the industry&#39;s standard dummy text ever since the 1500s, when an unknown printer took a galley of type and scrambled it to make a type specimen book. It has survived not only five centuries, but also the leap into electron</p>\r\n'),
(1167, 38, 0, '@footerLinksHeading_1;', NULL, 'What is Lorem Ipsum?'),
(1168, 38, 0, '@footerMenuHeading_2;', NULL, 'Quick Links'),
(1169, 38, 0, '@footerRightHeading_1;', NULL, 'Contact Info'),
(1170, 38, 0, '@phoneNumber;', NULL, ' +91 986754232'),
(1171, 38, 0, '@mainHeading_1;', NULL, 'Konnecty CMS is your Business Solution'),
(1172, 38, 0, '@mainDescription_1;', NULL, '<p>Lorem ipsum dolor sit amet, consectetur adipisicing elit, sed do eiusmod tempor incididunt</p>'),
(1173, 38, 0, '@servicesBoxHeading_1;', NULL, 'Business Solution'),
(1174, 38, 0, '@servicesBoxHeading_1;', NULL, 'Business Solution'),
(1175, 38, 0, '@servicesBoxHeading_2;', NULL, 'Business Solution'),
(1176, 38, 0, '@servicesBoxHeading_3;', NULL, 'Business Solution'),
(1177, 38, 0, '@servicesBoxDescription_1;', NULL, 'Lorem ipsum dolor sit amet, consectetur adipisicing elit, sed do eiusmod tempor incididunt'),
(1178, 38, 0, '@servicesBoxDescription_2;', NULL, 'Lorem ipsum dolor sit amet, consectetur adipisicing elit, sed do eiusmod tempor incididunt'),
(1179, 38, 0, '@servicesBoxDescription_3;', NULL, 'Lorem ipsum dolor sit amet, consectetur adipisicing elit, sed do eiusmod tempor incididunt'),
(1180, 38, 0, '@servicesBoxMoreButton_1;', NULL, '<p><a href=\\\"http://google.com\\\">More &gt;&gt; </a></p>\r\n'),
(1181, 38, 0, '@servicesBoxMoreButton_2;', NULL, '<p><a href=\\\"http://google.com\\\">More &gt;&gt; </a></p>\r\n'),
(1182, 38, 0, '@servicesBoxMoreButton_3;', NULL, '<p><a href=\\\"http://google.com\\\">More &gt;&gt; </a></p>\r\n'),
(1183, 38, 0, '@visionBoxHeading_1;', NULL, 'Our Values'),
(1184, 38, 0, '@visionBoxDescription_1;', NULL, '<p>Lorem ipsum dolor sit amet, consectetur adipisicing elit, sed do eiusmod tempor incididunt ut labore et dolore magna aliqua. Ut enim ad minim veniam, quis nostrud exercitation ullamco laboris nisi ut aliquip ex ea commodo consequat.</p>'),
(1185, 38, 0, '@visionBoxDescription_2;', NULL, '<p>Lorem ipsum dolor sit amet, consectetur adipisicing elit, sed do eiusmod tempor incididunt ut labore et dolore magna aliqua. Ut enim ad minim veniam, quis nostrud exercitation ullamco laboris nisi ut aliquip ex ea commodo consequat.</p>'),
(1186, 38, 0, '@visionBoxHeading_2;', NULL, 'Our Philosophy'),
(1187, 38, 0, '@visionBoxDescription_3;', NULL, '<p>Lorem ipsum dolor sit amet, consectetur adipisicing elit, sed do eiusmod tempor incididunt ut labore et dolore magna aliqua. Ut enim ad minim veniam, quis nostrud exercitation ullamco laboris nisi ut aliquip ex ea commodo consequat.</p>'),
(1188, 38, 0, '@visionBoxHeading_3;', NULL, 'Our Mission'),
(1189, 38, 0, '@offerSectionHeading;', NULL, 'What we can offer for you ?'),
(1190, 38, 0, '@offerSectionDescription;', NULL, '<p>Lorem ipsum dolor sit amet, consectetur adipisicing elit, sed do eiusmod tempor incididunt</p>'),
(1191, 38, 0, '@offerListItemHeading_1;', NULL, '\r\nWeb Design'),
(1192, 38, 0, '@offerListItemIcon_1;', NULL, '<i class=\\\"fa fa-user-circle-o\\\" aria-hidden=\\\"true\\\"></i>'),
(1193, 38, 0, '@offerListItemIcon_2;', NULL, '<i class=\\\"fa fa-user-circle-o\\\" aria-hidden=\\\"true\\\"></i>'),
(1194, 38, 0, '@offerListItemIcon_3;', NULL, '<i class=\\\"fa fa-user-circle-o\\\" aria-hidden=\\\"true\\\"></i>'),
(1195, 38, 0, '@offerListItemIcon_4;', NULL, '<i class=\\\"fa fa-user-circle-o\\\" aria-hidden=\\\"true\\\"></i>'),
(1196, 38, 0, '@offerListItemIcon_5;', NULL, '<i class=\\\"fa fa-user-circle-o\\\" aria-hidden=\\\"true\\\"></i>'),
(1197, 38, 0, '@offerListItemHeading_2;', NULL, '\r\nWeb Design'),
(1198, 38, 0, '@offerListItemHeading_3;', NULL, '\r\nWeb Design'),
(1199, 38, 0, '@offerListItemHeading_4;', NULL, '\r\nWeb Design'),
(1200, 38, 0, '@offerListItemHeading_5;', NULL, '\r\nWeb Design'),
(1201, 38, 0, '@offerListItemDescription_1;', NULL, '\r\nWeb Design\r\n\r\nLorem ipsum dolor sit amet, consectetur adipisicing elit, sed do eiusmod tempor incididunt ut labore et dolore magna aliqua.\r\n'),
(1202, 38, 0, '@offerListItemDescription_2;', NULL, '\r\nWeb Design\r\n\r\nLorem ipsum dolor sit amet, consectetur adipisicing elit, sed do eiusmod tempor incididunt ut labore et dolore magna aliqua.\r\n'),
(1203, 38, 0, '@offerListItemDescription_3;', NULL, '\r\nWeb Design\r\n\r\nLorem ipsum dolor sit amet, consectetur adipisicing elit, sed do eiusmod tempor incididunt ut labore et dolore magna aliqua.\r\n'),
(1204, 38, 0, '@offerListItemDescription_4;', NULL, '\r\nWeb Design\r\n\r\nLorem ipsum dolor sit amet, consectetur adipisicing elit, sed do eiusmod tempor incididunt ut labore et dolore magna aliqua.\r\n'),
(1205, 38, 0, '@offerListItemDescription_5;', NULL, '\r\nWeb Design\r\n\r\nLorem ipsum dolor sit amet, consectetur adipisicing elit, sed do eiusmod tempor incididunt ut labore et dolore magna aliqua.\r\n'),
(1206, 38, 0, '@businessOpSectionHeading;', NULL, 'Our Business Opurtunity'),
(1207, 38, 0, '@businessOpSectionDescription;', NULL, '<p>Lorem ipsum dolor sit amet, consectetur adipisicing elit, sed do eiusmod tempor incididunt ut labore et dolore magna aliqua. Ut enim ad minim veniam, quis nostrud exercitation ullamco laboris nisi ut aliquip ex ea commodo consequat. Duis aute irure dolor in reprehenderit in voluptate velit esse cillum dolore eu fugiat nulla pariatur. Excepteur sint occaecat cupidatat non proident, sunt in culpa qui officia deserunt mollit anim id est laborum.</p>'),
(1208, 38, 0, '@businessOpBulletPoint_1;', NULL, 'quis nostrud exercitation ullamco laboris'),
(1209, 38, 0, '@businessOpBulletPoint_2;', NULL, 'quis nostrud exercitation ullamco laboris'),
(1210, 38, 0, '@businessOpBulletPoint_3;', NULL, 'quis nostrud exercitation ullamco laboris'),
(1211, 38, 0, '@bottomSectionHeading;', NULL, 'Recent News'),
(1212, 38, 0, '@bottomSectionBoxDescription_1;', NULL, '\r\nStandard Blog Post\r\n\r\nExcepteur sint occaecat cupidatat non proident, sunt in culpa qui officia deserunt mollit anim id est laborum.\r\nStandard Blog Post\r\n\r\nExcepteur sint occaecat cupidatat non proident, sunt in culpa qui officia deserunt mollit anim id est laborum.\r\n'),
(1213, 38, 0, '@bottomSectionBoxDescription_2;', NULL, '\r\nStandard Blog Post\r\n\r\nExcepteur sint occaecat cupidatat non proident, sunt in culpa qui officia deserunt mollit anim id est laborum.\r\nStandard Blog Post\r\n\r\nExcepteur sint occaecat cupidatat non proident, sunt in culpa qui officia deserunt mollit anim id est laborum.\r\n'),
(1214, 38, 0, '@bottomSectionBoxDescription_3;', NULL, '\r\nStandard Blog Post\r\n\r\nExcepteur sint occaecat cupidatat non proident, sunt in culpa qui officia deserunt mollit anim id est laborum.\r\nStandard Blog Post\r\n\r\nExcepteur sint occaecat cupidatat non proident, sunt in culpa qui officia deserunt mollit anim id est laborum.\r\n'),
(1215, 38, 0, '@bottomSectionDescription;', NULL, '<p>Lorem ipsum dolor sit amet, consectetur adipisicing elit, sed do eiusmod tempor incididunt ut labore et dolore magna aliqua.</p>'),
(1216, 38, 0, '@footerLeftText;', NULL, '<p><em><strong>This is a test contnt</strong></em></p>\r\n'),
(1217, 39, 0, '@logo;', NULL, 'Konnecty Waxom'),
(1218, 39, 0, '@siteTitle;', NULL, 'Konnecty'),
(1219, 39, 0, '@contactPageHeading;', NULL, 'CONTACT US'),
(1220, 39, 0, '@contactPageDescription;', NULL, '<p style=\\\"color:#fff\\\">We are Small Team of Creative People working together</p>\r\n'),
(1221, 39, 0, '@phone;', NULL, '<p>+91-98686626626<br />\r\n+91-2484923263</p>\r\n'),
(1222, 39, 0, '@address;', NULL, 'Athirapilly,<br />\r\nThrissur,<br />\r\nAthirapilly P.O.,<br />\r\nPIN 685456\r\n'),
(1223, 39, 0, '@googleMap;', NULL, '<div class=\\\"embed-responsive embed-responsive-16by9\\\">\r\n\r\n<iframe class=\\\"embed-responsive-item\\\" src=\\\"https://www.google.com/maps/embed?pb=!1m18!1m12!1m3!1d31434.452774189114!2d76.27904958891955!3d9.991513042837186!2m3!1f0!2f0!3f0!3m2!1i1024!2i768!4f13.1!3m3!1m2!1s0x3b080d13ee1347b1%3A0x89c9267d1aeeaac4!2sKaloor%2C+Kochi%2C+Kerala!5e0!3m2!1sen!2sin!4v1515836941862\\\"  frameborder=\\\"0\\\" style=\\\"border:0\\\" allowfullscreen></iframe>\r\n\r\n</div>'),
(1224, 39, 0, '@email;', NULL, '<p>info@domain.com<br />\r\nsales@domain.com</p>\r\n'),
(1225, 39, 0, '@footerMenu_1;', NULL, '<p><strong>Lorem Ipsum</strong> is simply dummy text of the printing and typesetting industry. Lorem Ipsum has been the industry&#39;s standard dummy text ever since the 1500s, when an unknown printer took a galley of type and scrambled it to make a type specimen book. It has survived not only five centuries, but also the leap into electron</p>\r\n'),
(1226, 39, 0, '@footerLinksHeading_1;', NULL, 'What is Lorem Ipsum?'),
(1227, 39, 0, '@footerMenuHeading_2;', NULL, 'Quick Links'),
(1228, 39, 0, '@footerRightHeading_1;', NULL, 'Contact Info'),
(1229, 39, 0, '@phoneNumber;', NULL, ' +91 986754232'),
(1230, 39, 0, '@mainHeading_1;', NULL, 'Konnecty CMS is your Business Solution'),
(1231, 39, 0, '@mainDescription_1;', NULL, '<p>Lorem ipsum dolor sit amet, consectetur adipisicing elit, sed do eiusmod tempor incididunt</p>'),
(1232, 39, 0, '@servicesBoxHeading_1;', NULL, 'Business Solution'),
(1233, 39, 0, '@servicesBoxHeading_1;', NULL, 'Business Solution'),
(1234, 39, 0, '@servicesBoxHeading_2;', NULL, 'Business Solution'),
(1235, 39, 0, '@servicesBoxHeading_3;', NULL, 'Business Solution'),
(1236, 39, 0, '@servicesBoxDescription_1;', NULL, 'Lorem ipsum dolor sit amet, consectetur adipisicing elit, sed do eiusmod tempor incididunt'),
(1237, 39, 0, '@servicesBoxDescription_2;', NULL, 'Lorem ipsum dolor sit amet, consectetur adipisicing elit, sed do eiusmod tempor incididunt'),
(1238, 39, 0, '@servicesBoxDescription_3;', NULL, 'Lorem ipsum dolor sit amet, consectetur adipisicing elit, sed do eiusmod tempor incididunt'),
(1239, 39, 0, '@servicesBoxMoreButton_1;', NULL, '<p><a href=\\\"http://google.com\\\">More &gt;&gt; </a></p>\r\n'),
(1240, 39, 0, '@servicesBoxMoreButton_2;', NULL, '<p><a href=\\\"http://google.com\\\">More &gt;&gt; </a></p>\r\n'),
(1241, 39, 0, '@servicesBoxMoreButton_3;', NULL, '<p><a href=\\\"http://google.com\\\">More &gt;&gt; </a></p>\r\n'),
(1242, 39, 0, '@visionBoxHeading_1;', NULL, 'Our Values'),
(1243, 39, 0, '@visionBoxDescription_1;', NULL, '<p>Lorem ipsum dolor sit amet, consectetur adipisicing elit, sed do eiusmod tempor incididunt ut labore et dolore magna aliqua. Ut enim ad minim veniam, quis nostrud exercitation ullamco laboris nisi ut aliquip ex ea commodo consequat.</p>'),
(1244, 39, 0, '@visionBoxDescription_2;', NULL, '<p>Lorem ipsum dolor sit amet, consectetur adipisicing elit, sed do eiusmod tempor incididunt ut labore et dolore magna aliqua. Ut enim ad minim veniam, quis nostrud exercitation ullamco laboris nisi ut aliquip ex ea commodo consequat.</p>'),
(1245, 39, 0, '@visionBoxHeading_2;', NULL, 'Our Philosophy'),
(1246, 39, 0, '@visionBoxDescription_3;', NULL, '<p>Lorem ipsum dolor sit amet, consectetur adipisicing elit, sed do eiusmod tempor incididunt ut labore et dolore magna aliqua. Ut enim ad minim veniam, quis nostrud exercitation ullamco laboris nisi ut aliquip ex ea commodo consequat.</p>'),
(1247, 39, 0, '@visionBoxHeading_3;', NULL, 'Our Mission'),
(1248, 39, 0, '@offerSectionHeading;', NULL, 'What we can offer for you ?'),
(1249, 39, 0, '@offerSectionDescription;', NULL, '<p>Lorem ipsum dolor sit amet, consectetur adipisicing elit, sed do eiusmod tempor incididunt</p>'),
(1250, 39, 0, '@offerListItemHeading_1;', NULL, '\r\nWeb Design'),
(1251, 39, 0, '@offerListItemIcon_1;', NULL, '<i class=\\\"fa fa-user-circle-o\\\" aria-hidden=\\\"true\\\"></i>'),
(1252, 39, 0, '@offerListItemIcon_2;', NULL, '<i class=\\\"fa fa-user-circle-o\\\" aria-hidden=\\\"true\\\"></i>'),
(1253, 39, 0, '@offerListItemIcon_3;', NULL, '<i class=\\\"fa fa-user-circle-o\\\" aria-hidden=\\\"true\\\"></i>'),
(1254, 39, 0, '@offerListItemIcon_4;', NULL, '<i class=\\\"fa fa-user-circle-o\\\" aria-hidden=\\\"true\\\"></i>'),
(1255, 39, 0, '@offerListItemIcon_5;', NULL, '<i class=\\\"fa fa-user-circle-o\\\" aria-hidden=\\\"true\\\"></i>'),
(1256, 39, 0, '@offerListItemHeading_2;', NULL, '\r\nWeb Design'),
(1257, 39, 0, '@offerListItemHeading_3;', NULL, '\r\nWeb Design'),
(1258, 39, 0, '@offerListItemHeading_4;', NULL, '\r\nWeb Design'),
(1259, 39, 0, '@offerListItemHeading_5;', NULL, '\r\nWeb Design'),
(1260, 39, 0, '@offerListItemDescription_1;', NULL, '\r\nWeb Design\r\n\r\nLorem ipsum dolor sit amet, consectetur adipisicing elit, sed do eiusmod tempor incididunt ut labore et dolore magna aliqua.\r\n'),
(1261, 39, 0, '@offerListItemDescription_2;', NULL, '\r\nWeb Design\r\n\r\nLorem ipsum dolor sit amet, consectetur adipisicing elit, sed do eiusmod tempor incididunt ut labore et dolore magna aliqua.\r\n'),
(1262, 39, 0, '@offerListItemDescription_3;', NULL, '\r\nWeb Design\r\n\r\nLorem ipsum dolor sit amet, consectetur adipisicing elit, sed do eiusmod tempor incididunt ut labore et dolore magna aliqua.\r\n'),
(1263, 39, 0, '@offerListItemDescription_4;', NULL, '\r\nWeb Design\r\n\r\nLorem ipsum dolor sit amet, consectetur adipisicing elit, sed do eiusmod tempor incididunt ut labore et dolore magna aliqua.\r\n'),
(1264, 39, 0, '@offerListItemDescription_5;', NULL, '\r\nWeb Design\r\n\r\nLorem ipsum dolor sit amet, consectetur adipisicing elit, sed do eiusmod tempor incididunt ut labore et dolore magna aliqua.\r\n'),
(1265, 39, 0, '@businessOpSectionHeading;', NULL, 'Our Business Opurtunity'),
(1266, 39, 0, '@businessOpSectionDescription;', NULL, '<p>Lorem ipsum dolor sit amet, consectetur adipisicing elit, sed do eiusmod tempor incididunt ut labore et dolore magna aliqua. Ut enim ad minim veniam, quis nostrud exercitation ullamco laboris nisi ut aliquip ex ea commodo consequat. Duis aute irure dolor in reprehenderit in voluptate velit esse cillum dolore eu fugiat nulla pariatur. Excepteur sint occaecat cupidatat non proident, sunt in culpa qui officia deserunt mollit anim id est laborum.</p>'),
(1267, 39, 0, '@businessOpBulletPoint_1;', NULL, 'quis nostrud exercitation ullamco laboris'),
(1268, 39, 0, '@businessOpBulletPoint_2;', NULL, 'quis nostrud exercitation ullamco laboris'),
(1269, 39, 0, '@businessOpBulletPoint_3;', NULL, 'quis nostrud exercitation ullamco laboris'),
(1270, 39, 0, '@bottomSectionHeading;', NULL, 'Recent News'),
(1271, 39, 0, '@bottomSectionBoxDescription_1;', NULL, '\r\nStandard Blog Post\r\n\r\nExcepteur sint occaecat cupidatat non proident, sunt in culpa qui officia deserunt mollit anim id est laborum.\r\nStandard Blog Post\r\n\r\nExcepteur sint occaecat cupidatat non proident, sunt in culpa qui officia deserunt mollit anim id est laborum.\r\n'),
(1272, 39, 0, '@bottomSectionBoxDescription_2;', NULL, '\r\nStandard Blog Post\r\n\r\nExcepteur sint occaecat cupidatat non proident, sunt in culpa qui officia deserunt mollit anim id est laborum.\r\nStandard Blog Post\r\n\r\nExcepteur sint occaecat cupidatat non proident, sunt in culpa qui officia deserunt mollit anim id est laborum.\r\n'),
(1273, 39, 0, '@bottomSectionBoxDescription_3;', NULL, '\r\nStandard Blog Post\r\n\r\nExcepteur sint occaecat cupidatat non proident, sunt in culpa qui officia deserunt mollit anim id est laborum.\r\nStandard Blog Post\r\n\r\nExcepteur sint occaecat cupidatat non proident, sunt in culpa qui officia deserunt mollit anim id est laborum.\r\n'),
(1274, 39, 0, '@bottomSectionDescription;', NULL, '<p>Lorem ipsum dolor sit amet, consectetur adipisicing elit, sed do eiusmod tempor incididunt ut labore et dolore magna aliqua.</p>'),
(1275, 39, 0, '@footerLeftText;', NULL, '<p><em><strong>This is a test contnt</strong></em></p>\r\n'),
(1276, 40, 0, '@logo;', NULL, 'Konnecty Waxom'),
(1277, 40, 0, '@siteTitle;', NULL, 'Konnecty'),
(1278, 40, 0, '@contactPageHeading;', NULL, 'CONTACT US'),
(1279, 40, 0, '@contactPageDescription;', NULL, '<p style=\\\"color:#fff\\\">We are Small Team of Creative People working together</p>\r\n'),
(1280, 40, 0, '@phone;', NULL, '<p>+91-98686626626<br />\r\n+91-2484923263</p>\r\n'),
(1281, 40, 0, '@address;', NULL, 'Athirapilly,<br />\r\nThrissur,<br />\r\nAthirapilly P.O.,<br />\r\nPIN 685456\r\n'),
(1282, 40, 0, '@googleMap;', NULL, '<div class=\\\"embed-responsive embed-responsive-16by9\\\">\r\n\r\n<iframe class=\\\"embed-responsive-item\\\" src=\\\"https://www.google.com/maps/embed?pb=!1m18!1m12!1m3!1d31434.452774189114!2d76.27904958891955!3d9.991513042837186!2m3!1f0!2f0!3f0!3m2!1i1024!2i768!4f13.1!3m3!1m2!1s0x3b080d13ee1347b1%3A0x89c9267d1aeeaac4!2sKaloor%2C+Kochi%2C+Kerala!5e0!3m2!1sen!2sin!4v1515836941862\\\"  frameborder=\\\"0\\\" style=\\\"border:0\\\" allowfullscreen></iframe>\r\n\r\n</div>'),
(1283, 40, 0, '@email;', NULL, '<p>info@domain.com<br />\r\nsales@domain.com</p>\r\n'),
(1284, 40, 0, '@footerMenu_1;', NULL, '<p><strong>Lorem Ipsum</strong> is simply dummy text of the printing and typesetting industry. Lorem Ipsum has been the industry&#39;s standard dummy text ever since the 1500s, when an unknown printer took a galley of type and scrambled it to make a type specimen book. It has survived not only five centuries, but also the leap into electron</p>\r\n'),
(1285, 40, 0, '@footerLinksHeading_1;', NULL, 'What is Lorem Ipsum?'),
(1286, 40, 0, '@footerMenuHeading_2;', NULL, 'Quick Links'),
(1287, 40, 0, '@footerRightHeading_1;', NULL, 'Contact Info'),
(1288, 40, 0, '@phoneNumber;', NULL, ' +91 986754232'),
(1289, 40, 0, '@mainHeading_1;', NULL, 'Konnecty CMS is your Business Solution'),
(1290, 40, 0, '@mainDescription_1;', NULL, '<p>Lorem ipsum dolor sit amet, consectetur adipisicing elit, sed do eiusmod tempor incididunt</p>'),
(1291, 40, 0, '@servicesBoxHeading_1;', NULL, 'Business Solution'),
(1292, 40, 0, '@servicesBoxHeading_1;', NULL, 'Business Solution'),
(1293, 40, 0, '@servicesBoxHeading_2;', NULL, 'Business Solution'),
(1294, 40, 0, '@servicesBoxHeading_3;', NULL, 'Business Solution'),
(1295, 40, 0, '@servicesBoxDescription_1;', NULL, 'Lorem ipsum dolor sit amet, consectetur adipisicing elit, sed do eiusmod tempor incididunt'),
(1296, 40, 0, '@servicesBoxDescription_2;', NULL, 'Lorem ipsum dolor sit amet, consectetur adipisicing elit, sed do eiusmod tempor incididunt'),
(1297, 40, 0, '@servicesBoxDescription_3;', NULL, 'Lorem ipsum dolor sit amet, consectetur adipisicing elit, sed do eiusmod tempor incididunt'),
(1298, 40, 0, '@servicesBoxMoreButton_1;', NULL, '<p><a href=\\\"http://google.com\\\">More &gt;&gt; </a></p>\r\n'),
(1299, 40, 0, '@servicesBoxMoreButton_2;', NULL, '<p><a href=\\\"http://google.com\\\">More &gt;&gt; </a></p>\r\n'),
(1300, 40, 0, '@servicesBoxMoreButton_3;', NULL, '<p><a href=\\\"http://google.com\\\">More &gt;&gt; </a></p>\r\n'),
(1301, 40, 0, '@visionBoxHeading_1;', NULL, 'Our Values'),
(1302, 40, 0, '@visionBoxDescription_1;', NULL, '<p>Lorem ipsum dolor sit amet, consectetur adipisicing elit, sed do eiusmod tempor incididunt ut labore et dolore magna aliqua. Ut enim ad minim veniam, quis nostrud exercitation ullamco laboris nisi ut aliquip ex ea commodo consequat.</p>'),
(1303, 40, 0, '@visionBoxDescription_2;', NULL, '<p>Lorem ipsum dolor sit amet, consectetur adipisicing elit, sed do eiusmod tempor incididunt ut labore et dolore magna aliqua. Ut enim ad minim veniam, quis nostrud exercitation ullamco laboris nisi ut aliquip ex ea commodo consequat.</p>'),
(1304, 40, 0, '@visionBoxHeading_2;', NULL, 'Our Philosophy'),
(1305, 40, 0, '@visionBoxDescription_3;', NULL, '<p>Lorem ipsum dolor sit amet, consectetur adipisicing elit, sed do eiusmod tempor incididunt ut labore et dolore magna aliqua. Ut enim ad minim veniam, quis nostrud exercitation ullamco laboris nisi ut aliquip ex ea commodo consequat.</p>'),
(1306, 40, 0, '@visionBoxHeading_3;', NULL, 'Our Mission'),
(1307, 40, 0, '@offerSectionHeading;', NULL, 'What we can offer for you ?'),
(1308, 40, 0, '@offerSectionDescription;', NULL, '<p>Lorem ipsum dolor sit amet, consectetur adipisicing elit, sed do eiusmod tempor incididunt</p>'),
(1309, 40, 0, '@offerListItemHeading_1;', NULL, '\r\nWeb Design'),
(1310, 40, 0, '@offerListItemIcon_1;', NULL, '<i class=\\\"fa fa-user-circle-o\\\" aria-hidden=\\\"true\\\"></i>'),
(1311, 40, 0, '@offerListItemIcon_2;', NULL, '<i class=\\\"fa fa-user-circle-o\\\" aria-hidden=\\\"true\\\"></i>'),
(1312, 40, 0, '@offerListItemIcon_3;', NULL, '<i class=\\\"fa fa-user-circle-o\\\" aria-hidden=\\\"true\\\"></i>'),
(1313, 40, 0, '@offerListItemIcon_4;', NULL, '<i class=\\\"fa fa-user-circle-o\\\" aria-hidden=\\\"true\\\"></i>'),
(1314, 40, 0, '@offerListItemIcon_5;', NULL, '<i class=\\\"fa fa-user-circle-o\\\" aria-hidden=\\\"true\\\"></i>'),
(1315, 40, 0, '@offerListItemHeading_2;', NULL, '\r\nWeb Design'),
(1316, 40, 0, '@offerListItemHeading_3;', NULL, '\r\nWeb Design'),
(1317, 40, 0, '@offerListItemHeading_4;', NULL, '\r\nWeb Design'),
(1318, 40, 0, '@offerListItemHeading_5;', NULL, '\r\nWeb Design'),
(1319, 40, 0, '@offerListItemDescription_1;', NULL, '\r\nWeb Design\r\n\r\nLorem ipsum dolor sit amet, consectetur adipisicing elit, sed do eiusmod tempor incididunt ut labore et dolore magna aliqua.\r\n'),
(1320, 40, 0, '@offerListItemDescription_2;', NULL, '\r\nWeb Design\r\n\r\nLorem ipsum dolor sit amet, consectetur adipisicing elit, sed do eiusmod tempor incididunt ut labore et dolore magna aliqua.\r\n'),
(1321, 40, 0, '@offerListItemDescription_3;', NULL, '\r\nWeb Design\r\n\r\nLorem ipsum dolor sit amet, consectetur adipisicing elit, sed do eiusmod tempor incididunt ut labore et dolore magna aliqua.\r\n'),
(1322, 40, 0, '@offerListItemDescription_4;', NULL, '\r\nWeb Design\r\n\r\nLorem ipsum dolor sit amet, consectetur adipisicing elit, sed do eiusmod tempor incididunt ut labore et dolore magna aliqua.\r\n'),
(1323, 40, 0, '@offerListItemDescription_5;', NULL, '\r\nWeb Design\r\n\r\nLorem ipsum dolor sit amet, consectetur adipisicing elit, sed do eiusmod tempor incididunt ut labore et dolore magna aliqua.\r\n'),
(1324, 40, 0, '@businessOpSectionHeading;', NULL, 'Our Business Opurtunity'),
(1325, 40, 0, '@businessOpSectionDescription;', NULL, '<p>Lorem ipsum dolor sit amet, consectetur adipisicing elit, sed do eiusmod tempor incididunt ut labore et dolore magna aliqua. Ut enim ad minim veniam, quis nostrud exercitation ullamco laboris nisi ut aliquip ex ea commodo consequat. Duis aute irure dolor in reprehenderit in voluptate velit esse cillum dolore eu fugiat nulla pariatur. Excepteur sint occaecat cupidatat non proident, sunt in culpa qui officia deserunt mollit anim id est laborum.</p>'),
(1326, 40, 0, '@businessOpBulletPoint_1;', NULL, 'quis nostrud exercitation ullamco laboris'),
(1327, 40, 0, '@businessOpBulletPoint_2;', NULL, 'quis nostrud exercitation ullamco laboris'),
(1328, 40, 0, '@businessOpBulletPoint_3;', NULL, 'quis nostrud exercitation ullamco laboris'),
(1329, 40, 0, '@bottomSectionHeading;', NULL, 'Recent News'),
(1330, 40, 0, '@bottomSectionBoxDescription_1;', NULL, '\r\nStandard Blog Post\r\n\r\nExcepteur sint occaecat cupidatat non proident, sunt in culpa qui officia deserunt mollit anim id est laborum.\r\nStandard Blog Post\r\n\r\nExcepteur sint occaecat cupidatat non proident, sunt in culpa qui officia deserunt mollit anim id est laborum.\r\n'),
(1331, 40, 0, '@bottomSectionBoxDescription_2;', NULL, '\r\nStandard Blog Post\r\n\r\nExcepteur sint occaecat cupidatat non proident, sunt in culpa qui officia deserunt mollit anim id est laborum.\r\nStandard Blog Post\r\n\r\nExcepteur sint occaecat cupidatat non proident, sunt in culpa qui officia deserunt mollit anim id est laborum.\r\n'),
(1332, 40, 0, '@bottomSectionBoxDescription_3;', NULL, '\r\nStandard Blog Post\r\n\r\nExcepteur sint occaecat cupidatat non proident, sunt in culpa qui officia deserunt mollit anim id est laborum.\r\nStandard Blog Post\r\n\r\nExcepteur sint occaecat cupidatat non proident, sunt in culpa qui officia deserunt mollit anim id est laborum.\r\n'),
(1333, 40, 0, '@bottomSectionDescription;', NULL, '<p>Lorem ipsum dolor sit amet, consectetur adipisicing elit, sed do eiusmod tempor incididunt ut labore et dolore magna aliqua.</p>'),
(1334, 40, 0, '@footerLeftText;', NULL, '<p><em><strong>This is a test contnt</strong></em></p>\r\n'),
(1335, 41, 0, '@logo;', NULL, 'Konnecty Waxom'),
(1336, 41, 0, '@siteTitle;', NULL, 'Konnecty'),
(1337, 41, 0, '@contactPageHeading;', NULL, 'CONTACT US'),
(1338, 41, 0, '@contactPageDescription;', NULL, '<p style=\\\"color:#fff\\\">We are Small Team of Creative People working together</p>\r\n'),
(1339, 41, 0, '@phone;', NULL, '<p>+91-98686626626<br />\r\n+91-2484923263</p>\r\n'),
(1340, 41, 0, '@address;', NULL, 'Athirapilly,<br />\r\nThrissur,<br />\r\nAthirapilly P.O.,<br />\r\nPIN 685456\r\n'),
(1341, 41, 0, '@googleMap;', NULL, '<div class=\\\"embed-responsive embed-responsive-16by9\\\">\r\n\r\n<iframe class=\\\"embed-responsive-item\\\" src=\\\"https://www.google.com/maps/embed?pb=!1m18!1m12!1m3!1d31434.452774189114!2d76.27904958891955!3d9.991513042837186!2m3!1f0!2f0!3f0!3m2!1i1024!2i768!4f13.1!3m3!1m2!1s0x3b080d13ee1347b1%3A0x89c9267d1aeeaac4!2sKaloor%2C+Kochi%2C+Kerala!5e0!3m2!1sen!2sin!4v1515836941862\\\"  frameborder=\\\"0\\\" style=\\\"border:0\\\" allowfullscreen></iframe>\r\n\r\n</div>'),
(1342, 41, 0, '@email;', NULL, '<p>info@domain.com<br />\r\nsales@domain.com</p>\r\n'),
(1343, 41, 0, '@footerMenu_1;', NULL, '<p><strong>Lorem Ipsum</strong> is simply dummy text of the printing and typesetting industry. Lorem Ipsum has been the industry&#39;s standard dummy text ever since the 1500s, when an unknown printer took a galley of type and scrambled it to make a type specimen book. It has survived not only five centuries, but also the leap into electron</p>\r\n'),
(1344, 41, 0, '@footerLinksHeading_1;', NULL, 'What is Lorem Ipsum?'),
(1345, 41, 0, '@footerMenuHeading_2;', NULL, 'Quick Links'),
(1346, 41, 0, '@footerRightHeading_1;', NULL, 'Contact Info'),
(1347, 41, 0, '@phoneNumber;', NULL, ' +91 986754232'),
(1348, 41, 0, '@mainHeading_1;', NULL, 'Konnecty CMS is your Business Solution'),
(1349, 41, 0, '@mainDescription_1;', NULL, '<p>Lorem ipsum dolor sit amet, consectetur adipisicing elit, sed do eiusmod tempor incididunt</p>'),
(1350, 41, 0, '@servicesBoxHeading_1;', NULL, 'Business Solution'),
(1351, 41, 0, '@servicesBoxHeading_1;', NULL, 'Business Solution'),
(1352, 41, 0, '@servicesBoxHeading_2;', NULL, 'Business Solution'),
(1353, 41, 0, '@servicesBoxHeading_3;', NULL, 'Business Solution'),
(1354, 41, 0, '@servicesBoxDescription_1;', NULL, 'Lorem ipsum dolor sit amet, consectetur adipisicing elit, sed do eiusmod tempor incididunt'),
(1355, 41, 0, '@servicesBoxDescription_2;', NULL, 'Lorem ipsum dolor sit amet, consectetur adipisicing elit, sed do eiusmod tempor incididunt'),
(1356, 41, 0, '@servicesBoxDescription_3;', NULL, 'Lorem ipsum dolor sit amet, consectetur adipisicing elit, sed do eiusmod tempor incididunt'),
(1357, 41, 0, '@servicesBoxMoreButton_1;', NULL, '<p><a href=\\\"http://google.com\\\">More &gt;&gt; </a></p>\r\n'),
(1358, 41, 0, '@servicesBoxMoreButton_2;', NULL, '<p><a href=\\\"http://google.com\\\">More &gt;&gt; </a></p>\r\n'),
(1359, 41, 0, '@servicesBoxMoreButton_3;', NULL, '<p><a href=\\\"http://google.com\\\">More &gt;&gt; </a></p>\r\n'),
(1360, 41, 0, '@visionBoxHeading_1;', NULL, 'Our Values'),
(1361, 41, 0, '@visionBoxDescription_1;', NULL, '<p>Lorem ipsum dolor sit amet, consectetur adipisicing elit, sed do eiusmod tempor incididunt ut labore et dolore magna aliqua. Ut enim ad minim veniam, quis nostrud exercitation ullamco laboris nisi ut aliquip ex ea commodo consequat.</p>'),
(1362, 41, 0, '@visionBoxDescription_2;', NULL, '<p>Lorem ipsum dolor sit amet, consectetur adipisicing elit, sed do eiusmod tempor incididunt ut labore et dolore magna aliqua. Ut enim ad minim veniam, quis nostrud exercitation ullamco laboris nisi ut aliquip ex ea commodo consequat.</p>'),
(1363, 41, 0, '@visionBoxHeading_2;', NULL, 'Our Philosophy'),
(1364, 41, 0, '@visionBoxDescription_3;', NULL, '<p>Lorem ipsum dolor sit amet, consectetur adipisicing elit, sed do eiusmod tempor incididunt ut labore et dolore magna aliqua. Ut enim ad minim veniam, quis nostrud exercitation ullamco laboris nisi ut aliquip ex ea commodo consequat.</p>'),
(1365, 41, 0, '@visionBoxHeading_3;', NULL, 'Our Mission'),
(1366, 41, 0, '@offerSectionHeading;', NULL, 'What we can offer for you ?'),
(1367, 41, 0, '@offerSectionDescription;', NULL, '<p>Lorem ipsum dolor sit amet, consectetur adipisicing elit, sed do eiusmod tempor incididunt</p>'),
(1368, 41, 0, '@offerListItemHeading_1;', NULL, '\r\nWeb Design'),
(1369, 41, 0, '@offerListItemIcon_1;', NULL, '<i class=\\\"fa fa-user-circle-o\\\" aria-hidden=\\\"true\\\"></i>'),
(1370, 41, 0, '@offerListItemIcon_2;', NULL, '<i class=\\\"fa fa-user-circle-o\\\" aria-hidden=\\\"true\\\"></i>'),
(1371, 41, 0, '@offerListItemIcon_3;', NULL, '<i class=\\\"fa fa-user-circle-o\\\" aria-hidden=\\\"true\\\"></i>'),
(1372, 41, 0, '@offerListItemIcon_4;', NULL, '<i class=\\\"fa fa-user-circle-o\\\" aria-hidden=\\\"true\\\"></i>'),
(1373, 41, 0, '@offerListItemIcon_5;', NULL, '<i class=\\\"fa fa-user-circle-o\\\" aria-hidden=\\\"true\\\"></i>'),
(1374, 41, 0, '@offerListItemHeading_2;', NULL, '\r\nWeb Design'),
(1375, 41, 0, '@offerListItemHeading_3;', NULL, '\r\nWeb Design'),
(1376, 41, 0, '@offerListItemHeading_4;', NULL, '\r\nWeb Design'),
(1377, 41, 0, '@offerListItemHeading_5;', NULL, '\r\nWeb Design'),
(1378, 41, 0, '@offerListItemDescription_1;', NULL, '\r\nWeb Design\r\n\r\nLorem ipsum dolor sit amet, consectetur adipisicing elit, sed do eiusmod tempor incididunt ut labore et dolore magna aliqua.\r\n'),
(1379, 41, 0, '@offerListItemDescription_2;', NULL, '\r\nWeb Design\r\n\r\nLorem ipsum dolor sit amet, consectetur adipisicing elit, sed do eiusmod tempor incididunt ut labore et dolore magna aliqua.\r\n'),
(1380, 41, 0, '@offerListItemDescription_3;', NULL, '\r\nWeb Design\r\n\r\nLorem ipsum dolor sit amet, consectetur adipisicing elit, sed do eiusmod tempor incididunt ut labore et dolore magna aliqua.\r\n'),
(1381, 41, 0, '@offerListItemDescription_4;', NULL, '\r\nWeb Design\r\n\r\nLorem ipsum dolor sit amet, consectetur adipisicing elit, sed do eiusmod tempor incididunt ut labore et dolore magna aliqua.\r\n'),
(1382, 41, 0, '@offerListItemDescription_5;', NULL, '\r\nWeb Design\r\n\r\nLorem ipsum dolor sit amet, consectetur adipisicing elit, sed do eiusmod tempor incididunt ut labore et dolore magna aliqua.\r\n'),
(1383, 41, 0, '@businessOpSectionHeading;', NULL, 'Our Business Opurtunity'),
(1384, 41, 0, '@businessOpSectionDescription;', NULL, '<p>Lorem ipsum dolor sit amet, consectetur adipisicing elit, sed do eiusmod tempor incididunt ut labore et dolore magna aliqua. Ut enim ad minim veniam, quis nostrud exercitation ullamco laboris nisi ut aliquip ex ea commodo consequat. Duis aute irure dolor in reprehenderit in voluptate velit esse cillum dolore eu fugiat nulla pariatur. Excepteur sint occaecat cupidatat non proident, sunt in culpa qui officia deserunt mollit anim id est laborum.</p>'),
(1385, 41, 0, '@businessOpBulletPoint_1;', NULL, 'quis nostrud exercitation ullamco laboris'),
(1386, 41, 0, '@businessOpBulletPoint_2;', NULL, 'quis nostrud exercitation ullamco laboris'),
(1387, 41, 0, '@businessOpBulletPoint_3;', NULL, 'quis nostrud exercitation ullamco laboris'),
(1388, 41, 0, '@bottomSectionHeading;', NULL, 'Recent News'),
(1389, 41, 0, '@bottomSectionBoxDescription_1;', NULL, '\r\nStandard Blog Post\r\n\r\nExcepteur sint occaecat cupidatat non proident, sunt in culpa qui officia deserunt mollit anim id est laborum.\r\nStandard Blog Post\r\n\r\nExcepteur sint occaecat cupidatat non proident, sunt in culpa qui officia deserunt mollit anim id est laborum.\r\n'),
(1390, 41, 0, '@bottomSectionBoxDescription_2;', NULL, '\r\nStandard Blog Post\r\n\r\nExcepteur sint occaecat cupidatat non proident, sunt in culpa qui officia deserunt mollit anim id est laborum.\r\nStandard Blog Post\r\n\r\nExcepteur sint occaecat cupidatat non proident, sunt in culpa qui officia deserunt mollit anim id est laborum.\r\n'),
(1391, 41, 0, '@bottomSectionBoxDescription_3;', NULL, '\r\nStandard Blog Post\r\n\r\nExcepteur sint occaecat cupidatat non proident, sunt in culpa qui officia deserunt mollit anim id est laborum.\r\nStandard Blog Post\r\n\r\nExcepteur sint occaecat cupidatat non proident, sunt in culpa qui officia deserunt mollit anim id est laborum.\r\n'),
(1392, 41, 0, '@bottomSectionDescription;', NULL, '<p>Lorem ipsum dolor sit amet, consectetur adipisicing elit, sed do eiusmod tempor incididunt ut labore et dolore magna aliqua.</p>'),
(1393, 41, 0, '@footerLeftText;', NULL, '<p><em><strong>This is a test contnt</strong></em></p>\r\n'),
(1394, 42, 0, '@logo;', NULL, 'Konnecty Waxom'),
(1395, 42, 0, '@siteTitle;', NULL, 'Konnecty'),
(1396, 42, 0, '@contactPageHeading;', NULL, 'CONTACT US'),
(1397, 42, 0, '@contactPageDescription;', NULL, '<p style=\\\"color:#fff\\\">We are Small Team of Creative People working together</p>\r\n'),
(1398, 42, 0, '@phone;', NULL, '<p>+91-98686626626<br />\r\n+91-2484923263</p>\r\n'),
(1399, 42, 0, '@address;', NULL, 'Athirapilly,<br />\r\nThrissur,<br />\r\nAthirapilly P.O.,<br />\r\nPIN 685456\r\n'),
(1400, 42, 0, '@googleMap;', NULL, '<div class=\\\"embed-responsive embed-responsive-16by9\\\">\r\n\r\n<iframe class=\\\"embed-responsive-item\\\" src=\\\"https://www.google.com/maps/embed?pb=!1m18!1m12!1m3!1d31434.452774189114!2d76.27904958891955!3d9.991513042837186!2m3!1f0!2f0!3f0!3m2!1i1024!2i768!4f13.1!3m3!1m2!1s0x3b080d13ee1347b1%3A0x89c9267d1aeeaac4!2sKaloor%2C+Kochi%2C+Kerala!5e0!3m2!1sen!2sin!4v1515836941862\\\"  frameborder=\\\"0\\\" style=\\\"border:0\\\" allowfullscreen></iframe>\r\n\r\n</div>'),
(1401, 42, 0, '@email;', NULL, '<p>info@domain.com<br />\r\nsales@domain.com</p>\r\n'),
(1402, 42, 0, '@footerMenu_1;', NULL, '<p><strong>Lorem Ipsum</strong> is simply dummy text of the printing and typesetting industry. Lorem Ipsum has been the industry&#39;s standard dummy text ever since the 1500s, when an unknown printer took a galley of type and scrambled it to make a type specimen book. It has survived not only five centuries, but also the leap into electron</p>\r\n'),
(1403, 42, 0, '@footerLinksHeading_1;', NULL, 'What is Lorem Ipsum?'),
(1404, 42, 0, '@footerMenuHeading_2;', NULL, 'Quick Links'),
(1405, 42, 0, '@footerRightHeading_1;', NULL, 'Contact Info'),
(1406, 42, 0, '@phoneNumber;', NULL, ' +91 986754232'),
(1407, 42, 0, '@mainHeading_1;', NULL, 'Konnecty CMS is your Business Solution'),
(1408, 42, 0, '@mainDescription_1;', NULL, '<p>Lorem ipsum dolor sit amet, consectetur adipisicing elit, sed do eiusmod tempor incididunt</p>'),
(1409, 42, 0, '@servicesBoxHeading_1;', NULL, 'Business Solution'),
(1410, 42, 0, '@servicesBoxHeading_1;', NULL, 'Business Solution'),
(1411, 42, 0, '@servicesBoxHeading_2;', NULL, 'Business Solution'),
(1412, 42, 0, '@servicesBoxHeading_3;', NULL, 'Business Solution'),
(1413, 42, 0, '@servicesBoxDescription_1;', NULL, 'Lorem ipsum dolor sit amet, consectetur adipisicing elit, sed do eiusmod tempor incididunt'),
(1414, 42, 0, '@servicesBoxDescription_2;', NULL, 'Lorem ipsum dolor sit amet, consectetur adipisicing elit, sed do eiusmod tempor incididunt'),
(1415, 42, 0, '@servicesBoxDescription_3;', NULL, 'Lorem ipsum dolor sit amet, consectetur adipisicing elit, sed do eiusmod tempor incididunt'),
(1416, 42, 0, '@servicesBoxMoreButton_1;', NULL, '<p><a href=\\\"http://google.com\\\">More &gt;&gt; </a></p>\r\n'),
(1417, 42, 0, '@servicesBoxMoreButton_2;', NULL, '<p><a href=\\\"http://google.com\\\">More &gt;&gt; </a></p>\r\n'),
(1418, 42, 0, '@servicesBoxMoreButton_3;', NULL, '<p><a href=\\\"http://google.com\\\">More &gt;&gt; </a></p>\r\n'),
(1419, 42, 0, '@visionBoxHeading_1;', NULL, 'Our Values'),
(1420, 42, 0, '@visionBoxDescription_1;', NULL, '<p>Lorem ipsum dolor sit amet, consectetur adipisicing elit, sed do eiusmod tempor incididunt ut labore et dolore magna aliqua. Ut enim ad minim veniam, quis nostrud exercitation ullamco laboris nisi ut aliquip ex ea commodo consequat.</p>'),
(1421, 42, 0, '@visionBoxDescription_2;', NULL, '<p>Lorem ipsum dolor sit amet, consectetur adipisicing elit, sed do eiusmod tempor incididunt ut labore et dolore magna aliqua. Ut enim ad minim veniam, quis nostrud exercitation ullamco laboris nisi ut aliquip ex ea commodo consequat.</p>'),
(1422, 42, 0, '@visionBoxHeading_2;', NULL, 'Our Philosophy'),
(1423, 42, 0, '@visionBoxDescription_3;', NULL, '<p>Lorem ipsum dolor sit amet, consectetur adipisicing elit, sed do eiusmod tempor incididunt ut labore et dolore magna aliqua. Ut enim ad minim veniam, quis nostrud exercitation ullamco laboris nisi ut aliquip ex ea commodo consequat.</p>'),
(1424, 42, 0, '@visionBoxHeading_3;', NULL, 'Our Mission'),
(1425, 42, 0, '@offerSectionHeading;', NULL, 'What we can offer for you ?'),
(1426, 42, 0, '@offerSectionDescription;', NULL, '<p>Lorem ipsum dolor sit amet, consectetur adipisicing elit, sed do eiusmod tempor incididunt</p>'),
(1427, 42, 0, '@offerListItemHeading_1;', NULL, '\r\nWeb Design'),
(1428, 42, 0, '@offerListItemIcon_1;', NULL, '<i class=\\\"fa fa-user-circle-o\\\" aria-hidden=\\\"true\\\"></i>'),
(1429, 42, 0, '@offerListItemIcon_2;', NULL, '<i class=\\\"fa fa-user-circle-o\\\" aria-hidden=\\\"true\\\"></i>'),
(1430, 42, 0, '@offerListItemIcon_3;', NULL, '<i class=\\\"fa fa-user-circle-o\\\" aria-hidden=\\\"true\\\"></i>'),
(1431, 42, 0, '@offerListItemIcon_4;', NULL, '<i class=\\\"fa fa-user-circle-o\\\" aria-hidden=\\\"true\\\"></i>'),
(1432, 42, 0, '@offerListItemIcon_5;', NULL, '<i class=\\\"fa fa-user-circle-o\\\" aria-hidden=\\\"true\\\"></i>'),
(1433, 42, 0, '@offerListItemHeading_2;', NULL, '\r\nWeb Design'),
(1434, 42, 0, '@offerListItemHeading_3;', NULL, '\r\nWeb Design'),
(1435, 42, 0, '@offerListItemHeading_4;', NULL, '\r\nWeb Design'),
(1436, 42, 0, '@offerListItemHeading_5;', NULL, '\r\nWeb Design'),
(1437, 42, 0, '@offerListItemDescription_1;', NULL, '\r\nWeb Design\r\n\r\nLorem ipsum dolor sit amet, consectetur adipisicing elit, sed do eiusmod tempor incididunt ut labore et dolore magna aliqua.\r\n'),
(1438, 42, 0, '@offerListItemDescription_2;', NULL, '\r\nWeb Design\r\n\r\nLorem ipsum dolor sit amet, consectetur adipisicing elit, sed do eiusmod tempor incididunt ut labore et dolore magna aliqua.\r\n'),
(1439, 42, 0, '@offerListItemDescription_3;', NULL, '\r\nWeb Design\r\n\r\nLorem ipsum dolor sit amet, consectetur adipisicing elit, sed do eiusmod tempor incididunt ut labore et dolore magna aliqua.\r\n'),
(1440, 42, 0, '@offerListItemDescription_4;', NULL, '\r\nWeb Design\r\n\r\nLorem ipsum dolor sit amet, consectetur adipisicing elit, sed do eiusmod tempor incididunt ut labore et dolore magna aliqua.\r\n'),
(1441, 42, 0, '@offerListItemDescription_5;', NULL, '\r\nWeb Design\r\n\r\nLorem ipsum dolor sit amet, consectetur adipisicing elit, sed do eiusmod tempor incididunt ut labore et dolore magna aliqua.\r\n'),
(1442, 42, 0, '@businessOpSectionHeading;', NULL, 'Our Business Opurtunity'),
(1443, 42, 0, '@businessOpSectionDescription;', NULL, '<p>Lorem ipsum dolor sit amet, consectetur adipisicing elit, sed do eiusmod tempor incididunt ut labore et dolore magna aliqua. Ut enim ad minim veniam, quis nostrud exercitation ullamco laboris nisi ut aliquip ex ea commodo consequat. Duis aute irure dolor in reprehenderit in voluptate velit esse cillum dolore eu fugiat nulla pariatur. Excepteur sint occaecat cupidatat non proident, sunt in culpa qui officia deserunt mollit anim id est laborum.</p>'),
(1444, 42, 0, '@businessOpBulletPoint_1;', NULL, 'quis nostrud exercitation ullamco laboris'),
(1445, 42, 0, '@businessOpBulletPoint_2;', NULL, 'quis nostrud exercitation ullamco laboris'),
(1446, 42, 0, '@businessOpBulletPoint_3;', NULL, 'quis nostrud exercitation ullamco laboris'),
(1447, 42, 0, '@bottomSectionHeading;', NULL, 'Recent News'),
(1448, 42, 0, '@bottomSectionBoxDescription_1;', NULL, '\r\nStandard Blog Post\r\n\r\nExcepteur sint occaecat cupidatat non proident, sunt in culpa qui officia deserunt mollit anim id est laborum.\r\nStandard Blog Post\r\n\r\nExcepteur sint occaecat cupidatat non proident, sunt in culpa qui officia deserunt mollit anim id est laborum.\r\n'),
(1449, 42, 0, '@bottomSectionBoxDescription_2;', NULL, '\r\nStandard Blog Post\r\n\r\nExcepteur sint occaecat cupidatat non proident, sunt in culpa qui officia deserunt mollit anim id est laborum.\r\nStandard Blog Post\r\n\r\nExcepteur sint occaecat cupidatat non proident, sunt in culpa qui officia deserunt mollit anim id est laborum.\r\n'),
(1450, 42, 0, '@bottomSectionBoxDescription_3;', NULL, '\r\nStandard Blog Post\r\n\r\nExcepteur sint occaecat cupidatat non proident, sunt in culpa qui officia deserunt mollit anim id est laborum.\r\nStandard Blog Post\r\n\r\nExcepteur sint occaecat cupidatat non proident, sunt in culpa qui officia deserunt mollit anim id est laborum.\r\n'),
(1451, 42, 0, '@bottomSectionDescription;', NULL, '<p>Lorem ipsum dolor sit amet, consectetur adipisicing elit, sed do eiusmod tempor incididunt ut labore et dolore magna aliqua.</p>'),
(1452, 42, 0, '@footerLeftText;', NULL, '<p><em><strong>This is a test contnt</strong></em></p>\r\n'),
(1453, 43, 0, '@logo;', NULL, 'Konnecty Waxom'),
(1454, 43, 0, '@siteTitle;', NULL, 'Konnecty'),
(1455, 43, 0, '@contactPageHeading;', NULL, 'CONTACT US'),
(1456, 43, 0, '@contactPageDescription;', NULL, '<p style=\\\"color:#fff\\\">We are Small Team of Creative People working together</p>\r\n'),
(1457, 43, 0, '@phone;', NULL, '<p>+91-98686626626<br />\r\n+91-2484923263</p>\r\n'),
(1458, 43, 0, '@address;', NULL, 'Athirapilly,<br />\r\nThrissur,<br />\r\nAthirapilly P.O.,<br />\r\nPIN 685456\r\n'),
(1459, 43, 0, '@googleMap;', NULL, '<div class=\\\"embed-responsive embed-responsive-16by9\\\">\r\n\r\n<iframe class=\\\"embed-responsive-item\\\" src=\\\"https://www.google.com/maps/embed?pb=!1m18!1m12!1m3!1d31434.452774189114!2d76.27904958891955!3d9.991513042837186!2m3!1f0!2f0!3f0!3m2!1i1024!2i768!4f13.1!3m3!1m2!1s0x3b080d13ee1347b1%3A0x89c9267d1aeeaac4!2sKaloor%2C+Kochi%2C+Kerala!5e0!3m2!1sen!2sin!4v1515836941862\\\"  frameborder=\\\"0\\\" style=\\\"border:0\\\" allowfullscreen></iframe>\r\n\r\n</div>'),
(1460, 43, 0, '@email;', NULL, '<p>info@domain.com<br />\r\nsales@domain.com</p>\r\n'),
(1461, 43, 0, '@footerMenu_1;', NULL, '<p><strong>Lorem Ipsum</strong> is simply dummy text of the printing and typesetting industry. Lorem Ipsum has been the industry&#39;s standard dummy text ever since the 1500s, when an unknown printer took a galley of type and scrambled it to make a type specimen book. It has survived not only five centuries, but also the leap into electron</p>\r\n'),
(1462, 43, 0, '@footerLinksHeading_1;', NULL, 'What is Lorem Ipsum?'),
(1463, 43, 0, '@footerMenuHeading_2;', NULL, 'Quick Links'),
(1464, 43, 0, '@footerRightHeading_1;', NULL, 'Contact Info'),
(1465, 43, 0, '@phoneNumber;', NULL, ' +91 986754232'),
(1466, 43, 0, '@mainHeading_1;', NULL, 'Konnecty CMS is your Business Solution'),
(1467, 43, 0, '@mainDescription_1;', NULL, '<p>Lorem ipsum dolor sit amet, consectetur adipisicing elit, sed do eiusmod tempor incididunt</p>'),
(1468, 43, 0, '@servicesBoxHeading_1;', NULL, 'Business Solution'),
(1469, 43, 0, '@servicesBoxHeading_1;', NULL, 'Business Solution'),
(1470, 43, 0, '@servicesBoxHeading_2;', NULL, 'Business Solution'),
(1471, 43, 0, '@servicesBoxHeading_3;', NULL, 'Business Solution'),
(1472, 43, 0, '@servicesBoxDescription_1;', NULL, 'Lorem ipsum dolor sit amet, consectetur adipisicing elit, sed do eiusmod tempor incididunt'),
(1473, 43, 0, '@servicesBoxDescription_2;', NULL, 'Lorem ipsum dolor sit amet, consectetur adipisicing elit, sed do eiusmod tempor incididunt'),
(1474, 43, 0, '@servicesBoxDescription_3;', NULL, 'Lorem ipsum dolor sit amet, consectetur adipisicing elit, sed do eiusmod tempor incididunt'),
(1475, 43, 0, '@servicesBoxMoreButton_1;', NULL, '<p><a href=\\\"http://google.com\\\">More &gt;&gt; </a></p>\r\n'),
(1476, 43, 0, '@servicesBoxMoreButton_2;', NULL, '<p><a href=\\\"http://google.com\\\">More &gt;&gt; </a></p>\r\n'),
(1477, 43, 0, '@servicesBoxMoreButton_3;', NULL, '<p><a href=\\\"http://google.com\\\">More &gt;&gt; </a></p>\r\n'),
(1478, 43, 0, '@visionBoxHeading_1;', NULL, 'Our Values'),
(1479, 43, 0, '@visionBoxDescription_1;', NULL, '<p>Lorem ipsum dolor sit amet, consectetur adipisicing elit, sed do eiusmod tempor incididunt ut labore et dolore magna aliqua. Ut enim ad minim veniam, quis nostrud exercitation ullamco laboris nisi ut aliquip ex ea commodo consequat.</p>'),
(1480, 43, 0, '@visionBoxDescription_2;', NULL, '<p>Lorem ipsum dolor sit amet, consectetur adipisicing elit, sed do eiusmod tempor incididunt ut labore et dolore magna aliqua. Ut enim ad minim veniam, quis nostrud exercitation ullamco laboris nisi ut aliquip ex ea commodo consequat.</p>'),
(1481, 43, 0, '@visionBoxHeading_2;', NULL, 'Our Philosophy');
INSERT INTO `contents` (`id_content`, `id_site`, `id_page`, `component_id`, `content_type`, `content`) VALUES
(1482, 43, 0, '@visionBoxDescription_3;', NULL, '<p>Lorem ipsum dolor sit amet, consectetur adipisicing elit, sed do eiusmod tempor incididunt ut labore et dolore magna aliqua. Ut enim ad minim veniam, quis nostrud exercitation ullamco laboris nisi ut aliquip ex ea commodo consequat.</p>'),
(1483, 43, 0, '@visionBoxHeading_3;', NULL, 'Our Mission'),
(1484, 43, 0, '@offerSectionHeading;', NULL, 'What we can offer for you ?'),
(1485, 43, 0, '@offerSectionDescription;', NULL, '<p>Lorem ipsum dolor sit amet, consectetur adipisicing elit, sed do eiusmod tempor incididunt</p>'),
(1486, 43, 0, '@offerListItemHeading_1;', NULL, '\r\nWeb Design'),
(1487, 43, 0, '@offerListItemIcon_1;', NULL, '<i class=\\\"fa fa-user-circle-o\\\" aria-hidden=\\\"true\\\"></i>'),
(1488, 43, 0, '@offerListItemIcon_2;', NULL, '<i class=\\\"fa fa-user-circle-o\\\" aria-hidden=\\\"true\\\"></i>'),
(1489, 43, 0, '@offerListItemIcon_3;', NULL, '<i class=\\\"fa fa-user-circle-o\\\" aria-hidden=\\\"true\\\"></i>'),
(1490, 43, 0, '@offerListItemIcon_4;', NULL, '<i class=\\\"fa fa-user-circle-o\\\" aria-hidden=\\\"true\\\"></i>'),
(1491, 43, 0, '@offerListItemIcon_5;', NULL, '<i class=\\\"fa fa-user-circle-o\\\" aria-hidden=\\\"true\\\"></i>'),
(1492, 43, 0, '@offerListItemHeading_2;', NULL, '\r\nWeb Design'),
(1493, 43, 0, '@offerListItemHeading_3;', NULL, '\r\nWeb Design'),
(1494, 43, 0, '@offerListItemHeading_4;', NULL, '\r\nWeb Design'),
(1495, 43, 0, '@offerListItemHeading_5;', NULL, '\r\nWeb Design'),
(1496, 43, 0, '@offerListItemDescription_1;', NULL, '\r\nWeb Design\r\n\r\nLorem ipsum dolor sit amet, consectetur adipisicing elit, sed do eiusmod tempor incididunt ut labore et dolore magna aliqua.\r\n'),
(1497, 43, 0, '@offerListItemDescription_2;', NULL, '\r\nWeb Design\r\n\r\nLorem ipsum dolor sit amet, consectetur adipisicing elit, sed do eiusmod tempor incididunt ut labore et dolore magna aliqua.\r\n'),
(1498, 43, 0, '@offerListItemDescription_3;', NULL, '\r\nWeb Design\r\n\r\nLorem ipsum dolor sit amet, consectetur adipisicing elit, sed do eiusmod tempor incididunt ut labore et dolore magna aliqua.\r\n'),
(1499, 43, 0, '@offerListItemDescription_4;', NULL, '\r\nWeb Design\r\n\r\nLorem ipsum dolor sit amet, consectetur adipisicing elit, sed do eiusmod tempor incididunt ut labore et dolore magna aliqua.\r\n'),
(1500, 43, 0, '@offerListItemDescription_5;', NULL, '\r\nWeb Design\r\n\r\nLorem ipsum dolor sit amet, consectetur adipisicing elit, sed do eiusmod tempor incididunt ut labore et dolore magna aliqua.\r\n'),
(1501, 43, 0, '@businessOpSectionHeading;', NULL, 'Our Business Opurtunity'),
(1502, 43, 0, '@businessOpSectionDescription;', NULL, '<p>Lorem ipsum dolor sit amet, consectetur adipisicing elit, sed do eiusmod tempor incididunt ut labore et dolore magna aliqua. Ut enim ad minim veniam, quis nostrud exercitation ullamco laboris nisi ut aliquip ex ea commodo consequat. Duis aute irure dolor in reprehenderit in voluptate velit esse cillum dolore eu fugiat nulla pariatur. Excepteur sint occaecat cupidatat non proident, sunt in culpa qui officia deserunt mollit anim id est laborum.</p>'),
(1503, 43, 0, '@businessOpBulletPoint_1;', NULL, 'quis nostrud exercitation ullamco laboris'),
(1504, 43, 0, '@businessOpBulletPoint_2;', NULL, 'quis nostrud exercitation ullamco laboris'),
(1505, 43, 0, '@businessOpBulletPoint_3;', NULL, 'quis nostrud exercitation ullamco laboris'),
(1506, 43, 0, '@bottomSectionHeading;', NULL, 'Recent News'),
(1507, 43, 0, '@bottomSectionBoxDescription_1;', NULL, '\r\nStandard Blog Post\r\n\r\nExcepteur sint occaecat cupidatat non proident, sunt in culpa qui officia deserunt mollit anim id est laborum.\r\nStandard Blog Post\r\n\r\nExcepteur sint occaecat cupidatat non proident, sunt in culpa qui officia deserunt mollit anim id est laborum.\r\n'),
(1508, 43, 0, '@bottomSectionBoxDescription_2;', NULL, '\r\nStandard Blog Post\r\n\r\nExcepteur sint occaecat cupidatat non proident, sunt in culpa qui officia deserunt mollit anim id est laborum.\r\nStandard Blog Post\r\n\r\nExcepteur sint occaecat cupidatat non proident, sunt in culpa qui officia deserunt mollit anim id est laborum.\r\n'),
(1509, 43, 0, '@bottomSectionBoxDescription_3;', NULL, '\r\nStandard Blog Post\r\n\r\nExcepteur sint occaecat cupidatat non proident, sunt in culpa qui officia deserunt mollit anim id est laborum.\r\nStandard Blog Post\r\n\r\nExcepteur sint occaecat cupidatat non proident, sunt in culpa qui officia deserunt mollit anim id est laborum.\r\n'),
(1510, 43, 0, '@bottomSectionDescription;', NULL, '<p>Lorem ipsum dolor sit amet, consectetur adipisicing elit, sed do eiusmod tempor incididunt ut labore et dolore magna aliqua.</p>'),
(1511, 43, 0, '@footerLeftText;', NULL, '<p><em><strong>This is a test contnt</strong></em></p>\r\n'),
(1512, 44, 0, '@logo;', NULL, 'Konnecty Waxom'),
(1513, 44, 0, '@siteTitle;', NULL, 'Konnecty'),
(1514, 44, 0, '@contactPageHeading;', NULL, 'CONTACT US'),
(1515, 44, 0, '@contactPageDescription;', NULL, '<p style=\\\"color:#fff\\\">We are Small Team of Creative People working together</p>\r\n'),
(1516, 44, 0, '@phone;', NULL, '<p>+91-98686626626<br />\r\n+91-2484923263</p>\r\n'),
(1517, 44, 0, '@address;', NULL, 'Athirapilly,<br />\r\nThrissur,<br />\r\nAthirapilly P.O.,<br />\r\nPIN 685456\r\n'),
(1518, 44, 0, '@googleMap;', NULL, '<div class=\\\"embed-responsive embed-responsive-16by9\\\">\r\n\r\n<iframe class=\\\"embed-responsive-item\\\" src=\\\"https://www.google.com/maps/embed?pb=!1m18!1m12!1m3!1d31434.452774189114!2d76.27904958891955!3d9.991513042837186!2m3!1f0!2f0!3f0!3m2!1i1024!2i768!4f13.1!3m3!1m2!1s0x3b080d13ee1347b1%3A0x89c9267d1aeeaac4!2sKaloor%2C+Kochi%2C+Kerala!5e0!3m2!1sen!2sin!4v1515836941862\\\"  frameborder=\\\"0\\\" style=\\\"border:0\\\" allowfullscreen></iframe>\r\n\r\n</div>'),
(1519, 44, 0, '@email;', NULL, '<p>info@domain.com<br />\r\nsales@domain.com</p>\r\n'),
(1520, 44, 0, '@footerMenu_1;', NULL, '<p><strong>Lorem Ipsum</strong> is simply dummy text of the printing and typesetting industry. Lorem Ipsum has been the industry&#39;s standard dummy text ever since the 1500s, when an unknown printer took a galley of type and scrambled it to make a type specimen book. It has survived not only five centuries, but also the leap into electron</p>\r\n'),
(1521, 44, 0, '@footerLinksHeading_1;', NULL, 'What is Lorem Ipsum?'),
(1522, 44, 0, '@footerMenuHeading_2;', NULL, 'Quick Links'),
(1523, 44, 0, '@footerRightHeading_1;', NULL, 'Contact Info'),
(1524, 44, 0, '@phoneNumber;', NULL, ' +91 986754232'),
(1525, 44, 0, '@mainHeading_1;', NULL, 'Konnecty CMS is your Business Solution'),
(1526, 44, 0, '@mainDescription_1;', NULL, '<p>Lorem ipsum dolor sit amet, consectetur adipisicing elit, sed do eiusmod tempor incididunt</p>'),
(1527, 44, 0, '@servicesBoxHeading_1;', NULL, 'Business Solution'),
(1528, 44, 0, '@servicesBoxHeading_1;', NULL, 'Business Solution'),
(1529, 44, 0, '@servicesBoxHeading_2;', NULL, 'Business Solution'),
(1530, 44, 0, '@servicesBoxHeading_3;', NULL, 'Business Solution'),
(1531, 44, 0, '@servicesBoxDescription_1;', NULL, 'Lorem ipsum dolor sit amet, consectetur adipisicing elit, sed do eiusmod tempor incididunt'),
(1532, 44, 0, '@servicesBoxDescription_2;', NULL, 'Lorem ipsum dolor sit amet, consectetur adipisicing elit, sed do eiusmod tempor incididunt'),
(1533, 44, 0, '@servicesBoxDescription_3;', NULL, 'Lorem ipsum dolor sit amet, consectetur adipisicing elit, sed do eiusmod tempor incididunt'),
(1534, 44, 0, '@servicesBoxMoreButton_1;', NULL, '<p><a href=\\\"http://google.com\\\">More &gt;&gt; </a></p>\r\n'),
(1535, 44, 0, '@servicesBoxMoreButton_2;', NULL, '<p><a href=\\\"http://google.com\\\">More &gt;&gt; </a></p>\r\n'),
(1536, 44, 0, '@servicesBoxMoreButton_3;', NULL, '<p><a href=\\\"http://google.com\\\">More &gt;&gt; </a></p>\r\n'),
(1537, 44, 0, '@visionBoxHeading_1;', NULL, 'Our Values'),
(1538, 44, 0, '@visionBoxDescription_1;', NULL, '<p>Lorem ipsum dolor sit amet, consectetur adipisicing elit, sed do eiusmod tempor incididunt ut labore et dolore magna aliqua. Ut enim ad minim veniam, quis nostrud exercitation ullamco laboris nisi ut aliquip ex ea commodo consequat.</p>'),
(1539, 44, 0, '@visionBoxDescription_2;', NULL, '<p>Lorem ipsum dolor sit amet, consectetur adipisicing elit, sed do eiusmod tempor incididunt ut labore et dolore magna aliqua. Ut enim ad minim veniam, quis nostrud exercitation ullamco laboris nisi ut aliquip ex ea commodo consequat.</p>'),
(1540, 44, 0, '@visionBoxHeading_2;', NULL, 'Our Philosophy'),
(1541, 44, 0, '@visionBoxDescription_3;', NULL, '<p>Lorem ipsum dolor sit amet, consectetur adipisicing elit, sed do eiusmod tempor incididunt ut labore et dolore magna aliqua. Ut enim ad minim veniam, quis nostrud exercitation ullamco laboris nisi ut aliquip ex ea commodo consequat.</p>'),
(1542, 44, 0, '@visionBoxHeading_3;', NULL, 'Our Mission'),
(1543, 44, 0, '@offerSectionHeading;', NULL, 'What we can offer for you ?'),
(1544, 44, 0, '@offerSectionDescription;', NULL, '<p>Lorem ipsum dolor sit amet, consectetur adipisicing elit, sed do eiusmod tempor incididunt</p>'),
(1545, 44, 0, '@offerListItemHeading_1;', NULL, '\r\nWeb Design'),
(1546, 44, 0, '@offerListItemIcon_1;', NULL, '<i class=\\\"fa fa-user-circle-o\\\" aria-hidden=\\\"true\\\"></i>'),
(1547, 44, 0, '@offerListItemIcon_2;', NULL, '<i class=\\\"fa fa-user-circle-o\\\" aria-hidden=\\\"true\\\"></i>'),
(1548, 44, 0, '@offerListItemIcon_3;', NULL, '<i class=\\\"fa fa-user-circle-o\\\" aria-hidden=\\\"true\\\"></i>'),
(1549, 44, 0, '@offerListItemIcon_4;', NULL, '<i class=\\\"fa fa-user-circle-o\\\" aria-hidden=\\\"true\\\"></i>'),
(1550, 44, 0, '@offerListItemIcon_5;', NULL, '<i class=\\\"fa fa-user-circle-o\\\" aria-hidden=\\\"true\\\"></i>'),
(1551, 44, 0, '@offerListItemHeading_2;', NULL, '\r\nWeb Design'),
(1552, 44, 0, '@offerListItemHeading_3;', NULL, '\r\nWeb Design'),
(1553, 44, 0, '@offerListItemHeading_4;', NULL, '\r\nWeb Design'),
(1554, 44, 0, '@offerListItemHeading_5;', NULL, '\r\nWeb Design'),
(1555, 44, 0, '@offerListItemDescription_1;', NULL, '\r\nWeb Design\r\n\r\nLorem ipsum dolor sit amet, consectetur adipisicing elit, sed do eiusmod tempor incididunt ut labore et dolore magna aliqua.\r\n'),
(1556, 44, 0, '@offerListItemDescription_2;', NULL, '\r\nWeb Design\r\n\r\nLorem ipsum dolor sit amet, consectetur adipisicing elit, sed do eiusmod tempor incididunt ut labore et dolore magna aliqua.\r\n'),
(1557, 44, 0, '@offerListItemDescription_3;', NULL, '\r\nWeb Design\r\n\r\nLorem ipsum dolor sit amet, consectetur adipisicing elit, sed do eiusmod tempor incididunt ut labore et dolore magna aliqua.\r\n'),
(1558, 44, 0, '@offerListItemDescription_4;', NULL, '\r\nWeb Design\r\n\r\nLorem ipsum dolor sit amet, consectetur adipisicing elit, sed do eiusmod tempor incididunt ut labore et dolore magna aliqua.\r\n'),
(1559, 44, 0, '@offerListItemDescription_5;', NULL, '\r\nWeb Design\r\n\r\nLorem ipsum dolor sit amet, consectetur adipisicing elit, sed do eiusmod tempor incididunt ut labore et dolore magna aliqua.\r\n'),
(1560, 44, 0, '@businessOpSectionHeading;', NULL, 'Our Business Opurtunity'),
(1561, 44, 0, '@businessOpSectionDescription;', NULL, '<p>Lorem ipsum dolor sit amet, consectetur adipisicing elit, sed do eiusmod tempor incididunt ut labore et dolore magna aliqua. Ut enim ad minim veniam, quis nostrud exercitation ullamco laboris nisi ut aliquip ex ea commodo consequat. Duis aute irure dolor in reprehenderit in voluptate velit esse cillum dolore eu fugiat nulla pariatur. Excepteur sint occaecat cupidatat non proident, sunt in culpa qui officia deserunt mollit anim id est laborum.</p>'),
(1562, 44, 0, '@businessOpBulletPoint_1;', NULL, 'quis nostrud exercitation ullamco laboris'),
(1563, 44, 0, '@businessOpBulletPoint_2;', NULL, 'quis nostrud exercitation ullamco laboris'),
(1564, 44, 0, '@businessOpBulletPoint_3;', NULL, 'quis nostrud exercitation ullamco laboris'),
(1565, 44, 0, '@bottomSectionHeading;', NULL, 'Recent News'),
(1566, 44, 0, '@bottomSectionBoxDescription_1;', NULL, '\r\nStandard Blog Post\r\n\r\nExcepteur sint occaecat cupidatat non proident, sunt in culpa qui officia deserunt mollit anim id est laborum.\r\nStandard Blog Post\r\n\r\nExcepteur sint occaecat cupidatat non proident, sunt in culpa qui officia deserunt mollit anim id est laborum.\r\n'),
(1567, 44, 0, '@bottomSectionBoxDescription_2;', NULL, '\r\nStandard Blog Post\r\n\r\nExcepteur sint occaecat cupidatat non proident, sunt in culpa qui officia deserunt mollit anim id est laborum.\r\nStandard Blog Post\r\n\r\nExcepteur sint occaecat cupidatat non proident, sunt in culpa qui officia deserunt mollit anim id est laborum.\r\n'),
(1568, 44, 0, '@bottomSectionBoxDescription_3;', NULL, '\r\nStandard Blog Post\r\n\r\nExcepteur sint occaecat cupidatat non proident, sunt in culpa qui officia deserunt mollit anim id est laborum.\r\nStandard Blog Post\r\n\r\nExcepteur sint occaecat cupidatat non proident, sunt in culpa qui officia deserunt mollit anim id est laborum.\r\n'),
(1569, 44, 0, '@bottomSectionDescription;', NULL, '<p>Lorem ipsum dolor sit amet, consectetur adipisicing elit, sed do eiusmod tempor incididunt ut labore et dolore magna aliqua.</p>'),
(1570, 44, 0, '@footerLeftText;', NULL, '<p><em><strong>This is a test contnt</strong></em></p>\r\n'),
(1571, 45, 0, '@logo;', NULL, 'Konnecty Waxom'),
(1572, 45, 0, '@siteTitle;', NULL, 'Konnecty'),
(1573, 45, 0, '@contactPageHeading;', NULL, 'CONTACT US'),
(1574, 45, 0, '@contactPageDescription;', NULL, '<p style=\\\"color:#fff\\\">We are Small Team of Creative People working together</p>\r\n'),
(1575, 45, 0, '@phone;', NULL, '<p>+91-98686626626<br />\r\n+91-2484923263</p>\r\n'),
(1576, 45, 0, '@address;', NULL, 'Athirapilly,<br />\r\nThrissur,<br />\r\nAthirapilly P.O.,<br />\r\nPIN 685456\r\n'),
(1577, 45, 0, '@googleMap;', NULL, '<div class=\\\"embed-responsive embed-responsive-16by9\\\">\r\n\r\n<iframe class=\\\"embed-responsive-item\\\" src=\\\"https://www.google.com/maps/embed?pb=!1m18!1m12!1m3!1d31434.452774189114!2d76.27904958891955!3d9.991513042837186!2m3!1f0!2f0!3f0!3m2!1i1024!2i768!4f13.1!3m3!1m2!1s0x3b080d13ee1347b1%3A0x89c9267d1aeeaac4!2sKaloor%2C+Kochi%2C+Kerala!5e0!3m2!1sen!2sin!4v1515836941862\\\"  frameborder=\\\"0\\\" style=\\\"border:0\\\" allowfullscreen></iframe>\r\n\r\n</div>'),
(1578, 45, 0, '@email;', NULL, '<p>info@domain.com<br />\r\nsales@domain.com</p>\r\n'),
(1579, 45, 0, '@footerMenu_1;', NULL, '<p><strong>Lorem Ipsum</strong> is simply dummy text of the printing and typesetting industry. Lorem Ipsum has been the industry&#39;s standard dummy text ever since the 1500s, when an unknown printer took a galley of type and scrambled it to make a type specimen book. It has survived not only five centuries, but also the leap into electron</p>\r\n'),
(1580, 45, 0, '@footerLinksHeading_1;', NULL, 'What is Lorem Ipsum?'),
(1581, 45, 0, '@footerMenuHeading_2;', NULL, 'Quick Links'),
(1582, 45, 0, '@footerRightHeading_1;', NULL, 'Contact Info'),
(1583, 45, 0, '@phoneNumber;', NULL, ' +91 986754232'),
(1584, 45, 0, '@mainHeading_1;', NULL, 'Konnecty CMS is your Business Solution'),
(1585, 45, 0, '@mainDescription_1;', NULL, '<p>Lorem ipsum dolor sit amet, consectetur adipisicing elit, sed do eiusmod tempor incididunt</p>'),
(1586, 45, 0, '@servicesBoxHeading_1;', NULL, 'Business Solution'),
(1587, 45, 0, '@servicesBoxHeading_1;', NULL, 'Business Solution'),
(1588, 45, 0, '@servicesBoxHeading_2;', NULL, 'Business Solution'),
(1589, 45, 0, '@servicesBoxHeading_3;', NULL, 'Business Solution'),
(1590, 45, 0, '@servicesBoxDescription_1;', NULL, 'Lorem ipsum dolor sit amet, consectetur adipisicing elit, sed do eiusmod tempor incididunt'),
(1591, 45, 0, '@servicesBoxDescription_2;', NULL, 'Lorem ipsum dolor sit amet, consectetur adipisicing elit, sed do eiusmod tempor incididunt'),
(1592, 45, 0, '@servicesBoxDescription_3;', NULL, 'Lorem ipsum dolor sit amet, consectetur adipisicing elit, sed do eiusmod tempor incididunt'),
(1593, 45, 0, '@servicesBoxMoreButton_1;', NULL, '<p><a href=\\\"http://google.com\\\">More &gt;&gt; </a></p>\r\n'),
(1594, 45, 0, '@servicesBoxMoreButton_2;', NULL, '<p><a href=\\\"http://google.com\\\">More &gt;&gt; </a></p>\r\n'),
(1595, 45, 0, '@servicesBoxMoreButton_3;', NULL, '<p><a href=\\\"http://google.com\\\">More &gt;&gt; </a></p>\r\n'),
(1596, 45, 0, '@visionBoxHeading_1;', NULL, 'Our Values'),
(1597, 45, 0, '@visionBoxDescription_1;', NULL, '<p>Lorem ipsum dolor sit amet, consectetur adipisicing elit, sed do eiusmod tempor incididunt ut labore et dolore magna aliqua. Ut enim ad minim veniam, quis nostrud exercitation ullamco laboris nisi ut aliquip ex ea commodo consequat.</p>'),
(1598, 45, 0, '@visionBoxDescription_2;', NULL, '<p>Lorem ipsum dolor sit amet, consectetur adipisicing elit, sed do eiusmod tempor incididunt ut labore et dolore magna aliqua. Ut enim ad minim veniam, quis nostrud exercitation ullamco laboris nisi ut aliquip ex ea commodo consequat.</p>'),
(1599, 45, 0, '@visionBoxHeading_2;', NULL, 'Our Philosophy'),
(1600, 45, 0, '@visionBoxDescription_3;', NULL, '<p>Lorem ipsum dolor sit amet, consectetur adipisicing elit, sed do eiusmod tempor incididunt ut labore et dolore magna aliqua. Ut enim ad minim veniam, quis nostrud exercitation ullamco laboris nisi ut aliquip ex ea commodo consequat.</p>'),
(1601, 45, 0, '@visionBoxHeading_3;', NULL, 'Our Mission'),
(1602, 45, 0, '@offerSectionHeading;', NULL, 'What we can offer for you ?'),
(1603, 45, 0, '@offerSectionDescription;', NULL, '<p>Lorem ipsum dolor sit amet, consectetur adipisicing elit, sed do eiusmod tempor incididunt</p>'),
(1604, 45, 0, '@offerListItemHeading_1;', NULL, '\r\nWeb Design'),
(1605, 45, 0, '@offerListItemIcon_1;', NULL, '<i class=\\\"fa fa-user-circle-o\\\" aria-hidden=\\\"true\\\"></i>'),
(1606, 45, 0, '@offerListItemIcon_2;', NULL, '<i class=\\\"fa fa-user-circle-o\\\" aria-hidden=\\\"true\\\"></i>'),
(1607, 45, 0, '@offerListItemIcon_3;', NULL, '<i class=\\\"fa fa-user-circle-o\\\" aria-hidden=\\\"true\\\"></i>'),
(1608, 45, 0, '@offerListItemIcon_4;', NULL, '<i class=\\\"fa fa-user-circle-o\\\" aria-hidden=\\\"true\\\"></i>'),
(1609, 45, 0, '@offerListItemIcon_5;', NULL, '<i class=\\\"fa fa-user-circle-o\\\" aria-hidden=\\\"true\\\"></i>'),
(1610, 45, 0, '@offerListItemHeading_2;', NULL, '\r\nWeb Design'),
(1611, 45, 0, '@offerListItemHeading_3;', NULL, '\r\nWeb Design'),
(1612, 45, 0, '@offerListItemHeading_4;', NULL, '\r\nWeb Design'),
(1613, 45, 0, '@offerListItemHeading_5;', NULL, '\r\nWeb Design'),
(1614, 45, 0, '@offerListItemDescription_1;', NULL, '\r\nWeb Design\r\n\r\nLorem ipsum dolor sit amet, consectetur adipisicing elit, sed do eiusmod tempor incididunt ut labore et dolore magna aliqua.\r\n'),
(1615, 45, 0, '@offerListItemDescription_2;', NULL, '\r\nWeb Design\r\n\r\nLorem ipsum dolor sit amet, consectetur adipisicing elit, sed do eiusmod tempor incididunt ut labore et dolore magna aliqua.\r\n'),
(1616, 45, 0, '@offerListItemDescription_3;', NULL, '\r\nWeb Design\r\n\r\nLorem ipsum dolor sit amet, consectetur adipisicing elit, sed do eiusmod tempor incididunt ut labore et dolore magna aliqua.\r\n'),
(1617, 45, 0, '@offerListItemDescription_4;', NULL, '\r\nWeb Design\r\n\r\nLorem ipsum dolor sit amet, consectetur adipisicing elit, sed do eiusmod tempor incididunt ut labore et dolore magna aliqua.\r\n'),
(1618, 45, 0, '@offerListItemDescription_5;', NULL, '\r\nWeb Design\r\n\r\nLorem ipsum dolor sit amet, consectetur adipisicing elit, sed do eiusmod tempor incididunt ut labore et dolore magna aliqua.\r\n'),
(1619, 45, 0, '@businessOpSectionHeading;', NULL, 'Our Business Opurtunity'),
(1620, 45, 0, '@businessOpSectionDescription;', NULL, '<p>Lorem ipsum dolor sit amet, consectetur adipisicing elit, sed do eiusmod tempor incididunt ut labore et dolore magna aliqua. Ut enim ad minim veniam, quis nostrud exercitation ullamco laboris nisi ut aliquip ex ea commodo consequat. Duis aute irure dolor in reprehenderit in voluptate velit esse cillum dolore eu fugiat nulla pariatur. Excepteur sint occaecat cupidatat non proident, sunt in culpa qui officia deserunt mollit anim id est laborum.</p>'),
(1621, 45, 0, '@businessOpBulletPoint_1;', NULL, 'quis nostrud exercitation ullamco laboris'),
(1622, 45, 0, '@businessOpBulletPoint_2;', NULL, 'quis nostrud exercitation ullamco laboris'),
(1623, 45, 0, '@businessOpBulletPoint_3;', NULL, 'quis nostrud exercitation ullamco laboris'),
(1624, 45, 0, '@bottomSectionHeading;', NULL, 'Recent News'),
(1625, 45, 0, '@bottomSectionBoxDescription_1;', NULL, '\r\nStandard Blog Post\r\n\r\nExcepteur sint occaecat cupidatat non proident, sunt in culpa qui officia deserunt mollit anim id est laborum.\r\nStandard Blog Post\r\n\r\nExcepteur sint occaecat cupidatat non proident, sunt in culpa qui officia deserunt mollit anim id est laborum.\r\n'),
(1626, 45, 0, '@bottomSectionBoxDescription_2;', NULL, '\r\nStandard Blog Post\r\n\r\nExcepteur sint occaecat cupidatat non proident, sunt in culpa qui officia deserunt mollit anim id est laborum.\r\nStandard Blog Post\r\n\r\nExcepteur sint occaecat cupidatat non proident, sunt in culpa qui officia deserunt mollit anim id est laborum.\r\n'),
(1627, 45, 0, '@bottomSectionBoxDescription_3;', NULL, '\r\nStandard Blog Post\r\n\r\nExcepteur sint occaecat cupidatat non proident, sunt in culpa qui officia deserunt mollit anim id est laborum.\r\nStandard Blog Post\r\n\r\nExcepteur sint occaecat cupidatat non proident, sunt in culpa qui officia deserunt mollit anim id est laborum.\r\n'),
(1628, 45, 0, '@bottomSectionDescription;', NULL, '<p>Lorem ipsum dolor sit amet, consectetur adipisicing elit, sed do eiusmod tempor incididunt ut labore et dolore magna aliqua.</p>'),
(1629, 45, 0, '@footerLeftText;', NULL, '<p><em><strong>This is a test contnt</strong></em></p>\r\n'),
(1630, 46, 0, '@logo;', NULL, 'Konnecty Waxom'),
(1631, 46, 0, '@siteTitle;', NULL, 'Konnecty'),
(1632, 46, 0, '@contactPageHeading;', NULL, 'CONTACT US'),
(1633, 46, 0, '@contactPageDescription;', NULL, '<p style=\\\"color:#fff\\\">We are Small Team of Creative People working together</p>\r\n'),
(1634, 46, 0, '@phone;', NULL, '<p>+91-98686626626<br />\r\n+91-2484923263</p>\r\n'),
(1635, 46, 0, '@address;', NULL, 'Athirapilly,<br />\r\nThrissur,<br />\r\nAthirapilly P.O.,<br />\r\nPIN 685456\r\n'),
(1636, 46, 0, '@googleMap;', NULL, '<div class=\\\"embed-responsive embed-responsive-16by9\\\">\r\n\r\n<iframe class=\\\"embed-responsive-item\\\" src=\\\"https://www.google.com/maps/embed?pb=!1m18!1m12!1m3!1d31434.452774189114!2d76.27904958891955!3d9.991513042837186!2m3!1f0!2f0!3f0!3m2!1i1024!2i768!4f13.1!3m3!1m2!1s0x3b080d13ee1347b1%3A0x89c9267d1aeeaac4!2sKaloor%2C+Kochi%2C+Kerala!5e0!3m2!1sen!2sin!4v1515836941862\\\"  frameborder=\\\"0\\\" style=\\\"border:0\\\" allowfullscreen></iframe>\r\n\r\n</div>'),
(1637, 46, 0, '@email;', NULL, '<p>info@domain.com<br />\r\nsales@domain.com</p>\r\n'),
(1638, 46, 0, '@footerMenu_1;', NULL, '<p><strong>Lorem Ipsum</strong> is simply dummy text of the printing and typesetting industry. Lorem Ipsum has been the industry&#39;s standard dummy text ever since the 1500s, when an unknown printer took a galley of type and scrambled it to make a type specimen book. It has survived not only five centuries, but also the leap into electron</p>\r\n'),
(1639, 46, 0, '@footerLinksHeading_1;', NULL, 'What is Lorem Ipsum?'),
(1640, 46, 0, '@footerMenuHeading_2;', NULL, 'Quick Links'),
(1641, 46, 0, '@footerRightHeading_1;', NULL, 'Contact Info'),
(1642, 46, 0, '@phoneNumber;', NULL, ' +91 986754232'),
(1643, 46, 0, '@mainHeading_1;', NULL, 'Konnecty CMS is your Business Solution'),
(1644, 46, 0, '@mainDescription_1;', NULL, '<p>Lorem ipsum dolor sit amet, consectetur adipisicing elit, sed do eiusmod tempor incididunt</p>'),
(1645, 46, 0, '@servicesBoxHeading_1;', NULL, 'Business Solution'),
(1646, 46, 0, '@servicesBoxHeading_1;', NULL, 'Business Solution'),
(1647, 46, 0, '@servicesBoxHeading_2;', NULL, 'Business Solution'),
(1648, 46, 0, '@servicesBoxHeading_3;', NULL, 'Business Solution'),
(1649, 46, 0, '@servicesBoxDescription_1;', NULL, 'Lorem ipsum dolor sit amet, consectetur adipisicing elit, sed do eiusmod tempor incididunt'),
(1650, 46, 0, '@servicesBoxDescription_2;', NULL, 'Lorem ipsum dolor sit amet, consectetur adipisicing elit, sed do eiusmod tempor incididunt'),
(1651, 46, 0, '@servicesBoxDescription_3;', NULL, 'Lorem ipsum dolor sit amet, consectetur adipisicing elit, sed do eiusmod tempor incididunt'),
(1652, 46, 0, '@servicesBoxMoreButton_1;', NULL, '<p><a href=\\\"http://google.com\\\">More &gt;&gt; </a></p>\r\n'),
(1653, 46, 0, '@servicesBoxMoreButton_2;', NULL, '<p><a href=\\\"http://google.com\\\">More &gt;&gt; </a></p>\r\n'),
(1654, 46, 0, '@servicesBoxMoreButton_3;', NULL, '<p><a href=\\\"http://google.com\\\">More &gt;&gt; </a></p>\r\n'),
(1655, 46, 0, '@visionBoxHeading_1;', NULL, 'Our Values'),
(1656, 46, 0, '@visionBoxDescription_1;', NULL, '<p>Lorem ipsum dolor sit amet, consectetur adipisicing elit, sed do eiusmod tempor incididunt ut labore et dolore magna aliqua. Ut enim ad minim veniam, quis nostrud exercitation ullamco laboris nisi ut aliquip ex ea commodo consequat.</p>'),
(1657, 46, 0, '@visionBoxDescription_2;', NULL, '<p>Lorem ipsum dolor sit amet, consectetur adipisicing elit, sed do eiusmod tempor incididunt ut labore et dolore magna aliqua. Ut enim ad minim veniam, quis nostrud exercitation ullamco laboris nisi ut aliquip ex ea commodo consequat.</p>'),
(1658, 46, 0, '@visionBoxHeading_2;', NULL, 'Our Philosophy'),
(1659, 46, 0, '@visionBoxDescription_3;', NULL, '<p>Lorem ipsum dolor sit amet, consectetur adipisicing elit, sed do eiusmod tempor incididunt ut labore et dolore magna aliqua. Ut enim ad minim veniam, quis nostrud exercitation ullamco laboris nisi ut aliquip ex ea commodo consequat.</p>'),
(1660, 46, 0, '@visionBoxHeading_3;', NULL, 'Our Mission'),
(1661, 46, 0, '@offerSectionHeading;', NULL, 'What we can offer for you ?'),
(1662, 46, 0, '@offerSectionDescription;', NULL, '<p>Lorem ipsum dolor sit amet, consectetur adipisicing elit, sed do eiusmod tempor incididunt</p>'),
(1663, 46, 0, '@offerListItemHeading_1;', NULL, '\r\nWeb Design'),
(1664, 46, 0, '@offerListItemIcon_1;', NULL, '<i class=\\\"fa fa-user-circle-o\\\" aria-hidden=\\\"true\\\"></i>'),
(1665, 46, 0, '@offerListItemIcon_2;', NULL, '<i class=\\\"fa fa-user-circle-o\\\" aria-hidden=\\\"true\\\"></i>'),
(1666, 46, 0, '@offerListItemIcon_3;', NULL, '<i class=\\\"fa fa-user-circle-o\\\" aria-hidden=\\\"true\\\"></i>'),
(1667, 46, 0, '@offerListItemIcon_4;', NULL, '<i class=\\\"fa fa-user-circle-o\\\" aria-hidden=\\\"true\\\"></i>'),
(1668, 46, 0, '@offerListItemIcon_5;', NULL, '<i class=\\\"fa fa-user-circle-o\\\" aria-hidden=\\\"true\\\"></i>'),
(1669, 46, 0, '@offerListItemHeading_2;', NULL, '\r\nWeb Design'),
(1670, 46, 0, '@offerListItemHeading_3;', NULL, '\r\nWeb Design'),
(1671, 46, 0, '@offerListItemHeading_4;', NULL, '\r\nWeb Design'),
(1672, 46, 0, '@offerListItemHeading_5;', NULL, '\r\nWeb Design'),
(1673, 46, 0, '@offerListItemDescription_1;', NULL, '\r\nWeb Design\r\n\r\nLorem ipsum dolor sit amet, consectetur adipisicing elit, sed do eiusmod tempor incididunt ut labore et dolore magna aliqua.\r\n'),
(1674, 46, 0, '@offerListItemDescription_2;', NULL, '\r\nWeb Design\r\n\r\nLorem ipsum dolor sit amet, consectetur adipisicing elit, sed do eiusmod tempor incididunt ut labore et dolore magna aliqua.\r\n'),
(1675, 46, 0, '@offerListItemDescription_3;', NULL, '\r\nWeb Design\r\n\r\nLorem ipsum dolor sit amet, consectetur adipisicing elit, sed do eiusmod tempor incididunt ut labore et dolore magna aliqua.\r\n'),
(1676, 46, 0, '@offerListItemDescription_4;', NULL, '\r\nWeb Design\r\n\r\nLorem ipsum dolor sit amet, consectetur adipisicing elit, sed do eiusmod tempor incididunt ut labore et dolore magna aliqua.\r\n'),
(1677, 46, 0, '@offerListItemDescription_5;', NULL, '\r\nWeb Design\r\n\r\nLorem ipsum dolor sit amet, consectetur adipisicing elit, sed do eiusmod tempor incididunt ut labore et dolore magna aliqua.\r\n'),
(1678, 46, 0, '@businessOpSectionHeading;', NULL, 'Our Business Opurtunity'),
(1679, 46, 0, '@businessOpSectionDescription;', NULL, '<p>Lorem ipsum dolor sit amet, consectetur adipisicing elit, sed do eiusmod tempor incididunt ut labore et dolore magna aliqua. Ut enim ad minim veniam, quis nostrud exercitation ullamco laboris nisi ut aliquip ex ea commodo consequat. Duis aute irure dolor in reprehenderit in voluptate velit esse cillum dolore eu fugiat nulla pariatur. Excepteur sint occaecat cupidatat non proident, sunt in culpa qui officia deserunt mollit anim id est laborum.</p>'),
(1680, 46, 0, '@businessOpBulletPoint_1;', NULL, 'quis nostrud exercitation ullamco laboris'),
(1681, 46, 0, '@businessOpBulletPoint_2;', NULL, 'quis nostrud exercitation ullamco laboris'),
(1682, 46, 0, '@businessOpBulletPoint_3;', NULL, 'quis nostrud exercitation ullamco laboris'),
(1683, 46, 0, '@bottomSectionHeading;', NULL, 'Recent News'),
(1684, 46, 0, '@bottomSectionBoxDescription_1;', NULL, '\r\nStandard Blog Post\r\n\r\nExcepteur sint occaecat cupidatat non proident, sunt in culpa qui officia deserunt mollit anim id est laborum.\r\nStandard Blog Post\r\n\r\nExcepteur sint occaecat cupidatat non proident, sunt in culpa qui officia deserunt mollit anim id est laborum.\r\n'),
(1685, 46, 0, '@bottomSectionBoxDescription_2;', NULL, '\r\nStandard Blog Post\r\n\r\nExcepteur sint occaecat cupidatat non proident, sunt in culpa qui officia deserunt mollit anim id est laborum.\r\nStandard Blog Post\r\n\r\nExcepteur sint occaecat cupidatat non proident, sunt in culpa qui officia deserunt mollit anim id est laborum.\r\n'),
(1686, 46, 0, '@bottomSectionBoxDescription_3;', NULL, '\r\nStandard Blog Post\r\n\r\nExcepteur sint occaecat cupidatat non proident, sunt in culpa qui officia deserunt mollit anim id est laborum.\r\nStandard Blog Post\r\n\r\nExcepteur sint occaecat cupidatat non proident, sunt in culpa qui officia deserunt mollit anim id est laborum.\r\n'),
(1687, 46, 0, '@bottomSectionDescription;', NULL, '<p>Lorem ipsum dolor sit amet, consectetur adipisicing elit, sed do eiusmod tempor incididunt ut labore et dolore magna aliqua.</p>'),
(1688, 46, 0, '@footerLeftText;', NULL, '<p><em><strong>This is a test contnt</strong></em></p>\r\n'),
(1689, 47, 0, '@logo;', NULL, 'Konnecty Waxom'),
(1690, 47, 0, '@siteTitle;', NULL, 'Konnecty'),
(1691, 47, 0, '@contactPageHeading;', NULL, 'CONTACT US'),
(1692, 47, 0, '@contactPageDescription;', NULL, '<p style=\\\"color:#fff\\\">We are Small Team of Creative People working together</p>\r\n'),
(1693, 47, 0, '@phone;', NULL, '<p>+91-98686626626<br />\r\n+91-2484923263</p>\r\n'),
(1694, 47, 0, '@address;', NULL, 'Athirapilly,<br />\r\nThrissur,<br />\r\nAthirapilly P.O.,<br />\r\nPIN 685456\r\n'),
(1695, 47, 0, '@googleMap;', NULL, '<div class=\\\"embed-responsive embed-responsive-16by9\\\">\r\n\r\n<iframe class=\\\"embed-responsive-item\\\" src=\\\"https://www.google.com/maps/embed?pb=!1m18!1m12!1m3!1d31434.452774189114!2d76.27904958891955!3d9.991513042837186!2m3!1f0!2f0!3f0!3m2!1i1024!2i768!4f13.1!3m3!1m2!1s0x3b080d13ee1347b1%3A0x89c9267d1aeeaac4!2sKaloor%2C+Kochi%2C+Kerala!5e0!3m2!1sen!2sin!4v1515836941862\\\"  frameborder=\\\"0\\\" style=\\\"border:0\\\" allowfullscreen></iframe>\r\n\r\n</div>'),
(1696, 47, 0, '@email;', NULL, '<p>info@domain.com<br />\r\nsales@domain.com</p>\r\n'),
(1697, 47, 0, '@footerMenu_1;', NULL, '<p><strong>Lorem Ipsum</strong> is simply dummy text of the printing and typesetting industry. Lorem Ipsum has been the industry&#39;s standard dummy text ever since the 1500s, when an unknown printer took a galley of type and scrambled it to make a type specimen book. It has survived not only five centuries, but also the leap into electron</p>\r\n'),
(1698, 47, 0, '@footerLinksHeading_1;', NULL, 'What is Lorem Ipsum?'),
(1699, 47, 0, '@footerMenuHeading_2;', NULL, 'Quick Links'),
(1700, 47, 0, '@footerRightHeading_1;', NULL, 'Contact Info'),
(1701, 47, 0, '@phoneNumber;', NULL, ' +91 986754232'),
(1702, 47, 0, '@mainHeading_1;', NULL, 'Konnecty CMS is your Business Solution'),
(1703, 47, 0, '@mainDescription_1;', NULL, '<p>Lorem ipsum dolor sit amet, consectetur adipisicing elit, sed do eiusmod tempor incididunt</p>'),
(1704, 47, 0, '@servicesBoxHeading_1;', NULL, 'Business Solution'),
(1705, 47, 0, '@servicesBoxHeading_1;', NULL, 'Business Solution'),
(1706, 47, 0, '@servicesBoxHeading_2;', NULL, 'Business Solution'),
(1707, 47, 0, '@servicesBoxHeading_3;', NULL, 'Business Solution'),
(1708, 47, 0, '@servicesBoxDescription_1;', NULL, 'Lorem ipsum dolor sit amet, consectetur adipisicing elit, sed do eiusmod tempor incididunt'),
(1709, 47, 0, '@servicesBoxDescription_2;', NULL, 'Lorem ipsum dolor sit amet, consectetur adipisicing elit, sed do eiusmod tempor incididunt'),
(1710, 47, 0, '@servicesBoxDescription_3;', NULL, 'Lorem ipsum dolor sit amet, consectetur adipisicing elit, sed do eiusmod tempor incididunt'),
(1711, 47, 0, '@servicesBoxMoreButton_1;', NULL, '<p><a href=\\\"http://google.com\\\">More &gt;&gt; </a></p>\r\n'),
(1712, 47, 0, '@servicesBoxMoreButton_2;', NULL, '<p><a href=\\\"http://google.com\\\">More &gt;&gt; </a></p>\r\n'),
(1713, 47, 0, '@servicesBoxMoreButton_3;', NULL, '<p><a href=\\\"http://google.com\\\">More &gt;&gt; </a></p>\r\n'),
(1714, 47, 0, '@visionBoxHeading_1;', NULL, 'Our Values'),
(1715, 47, 0, '@visionBoxDescription_1;', NULL, '<p>Lorem ipsum dolor sit amet, consectetur adipisicing elit, sed do eiusmod tempor incididunt ut labore et dolore magna aliqua. Ut enim ad minim veniam, quis nostrud exercitation ullamco laboris nisi ut aliquip ex ea commodo consequat.</p>'),
(1716, 47, 0, '@visionBoxDescription_2;', NULL, '<p>Lorem ipsum dolor sit amet, consectetur adipisicing elit, sed do eiusmod tempor incididunt ut labore et dolore magna aliqua. Ut enim ad minim veniam, quis nostrud exercitation ullamco laboris nisi ut aliquip ex ea commodo consequat.</p>'),
(1717, 47, 0, '@visionBoxHeading_2;', NULL, 'Our Philosophy'),
(1718, 47, 0, '@visionBoxDescription_3;', NULL, '<p>Lorem ipsum dolor sit amet, consectetur adipisicing elit, sed do eiusmod tempor incididunt ut labore et dolore magna aliqua. Ut enim ad minim veniam, quis nostrud exercitation ullamco laboris nisi ut aliquip ex ea commodo consequat.</p>'),
(1719, 47, 0, '@visionBoxHeading_3;', NULL, 'Our Mission'),
(1720, 47, 0, '@offerSectionHeading;', NULL, 'What we can offer for you ?'),
(1721, 47, 0, '@offerSectionDescription;', NULL, '<p>Lorem ipsum dolor sit amet, consectetur adipisicing elit, sed do eiusmod tempor incididunt</p>'),
(1722, 47, 0, '@offerListItemHeading_1;', NULL, '\r\nWeb Design'),
(1723, 47, 0, '@offerListItemIcon_1;', NULL, '<i class=\\\"fa fa-user-circle-o\\\" aria-hidden=\\\"true\\\"></i>'),
(1724, 47, 0, '@offerListItemIcon_2;', NULL, '<i class=\\\"fa fa-user-circle-o\\\" aria-hidden=\\\"true\\\"></i>'),
(1725, 47, 0, '@offerListItemIcon_3;', NULL, '<i class=\\\"fa fa-user-circle-o\\\" aria-hidden=\\\"true\\\"></i>'),
(1726, 47, 0, '@offerListItemIcon_4;', NULL, '<i class=\\\"fa fa-user-circle-o\\\" aria-hidden=\\\"true\\\"></i>'),
(1727, 47, 0, '@offerListItemIcon_5;', NULL, '<i class=\\\"fa fa-user-circle-o\\\" aria-hidden=\\\"true\\\"></i>'),
(1728, 47, 0, '@offerListItemHeading_2;', NULL, '\r\nWeb Design'),
(1729, 47, 0, '@offerListItemHeading_3;', NULL, '\r\nWeb Design'),
(1730, 47, 0, '@offerListItemHeading_4;', NULL, '\r\nWeb Design'),
(1731, 47, 0, '@offerListItemHeading_5;', NULL, '\r\nWeb Design'),
(1732, 47, 0, '@offerListItemDescription_1;', NULL, '\r\nWeb Design\r\n\r\nLorem ipsum dolor sit amet, consectetur adipisicing elit, sed do eiusmod tempor incididunt ut labore et dolore magna aliqua.\r\n'),
(1733, 47, 0, '@offerListItemDescription_2;', NULL, '\r\nWeb Design\r\n\r\nLorem ipsum dolor sit amet, consectetur adipisicing elit, sed do eiusmod tempor incididunt ut labore et dolore magna aliqua.\r\n'),
(1734, 47, 0, '@offerListItemDescription_3;', NULL, '\r\nWeb Design\r\n\r\nLorem ipsum dolor sit amet, consectetur adipisicing elit, sed do eiusmod tempor incididunt ut labore et dolore magna aliqua.\r\n'),
(1735, 47, 0, '@offerListItemDescription_4;', NULL, '\r\nWeb Design\r\n\r\nLorem ipsum dolor sit amet, consectetur adipisicing elit, sed do eiusmod tempor incididunt ut labore et dolore magna aliqua.\r\n'),
(1736, 47, 0, '@offerListItemDescription_5;', NULL, '\r\nWeb Design\r\n\r\nLorem ipsum dolor sit amet, consectetur adipisicing elit, sed do eiusmod tempor incididunt ut labore et dolore magna aliqua.\r\n'),
(1737, 47, 0, '@businessOpSectionHeading;', NULL, 'Our Business Opurtunity'),
(1738, 47, 0, '@businessOpSectionDescription;', NULL, '<p>Lorem ipsum dolor sit amet, consectetur adipisicing elit, sed do eiusmod tempor incididunt ut labore et dolore magna aliqua. Ut enim ad minim veniam, quis nostrud exercitation ullamco laboris nisi ut aliquip ex ea commodo consequat. Duis aute irure dolor in reprehenderit in voluptate velit esse cillum dolore eu fugiat nulla pariatur. Excepteur sint occaecat cupidatat non proident, sunt in culpa qui officia deserunt mollit anim id est laborum.</p>'),
(1739, 47, 0, '@businessOpBulletPoint_1;', NULL, 'quis nostrud exercitation ullamco laboris'),
(1740, 47, 0, '@businessOpBulletPoint_2;', NULL, 'quis nostrud exercitation ullamco laboris'),
(1741, 47, 0, '@businessOpBulletPoint_3;', NULL, 'quis nostrud exercitation ullamco laboris'),
(1742, 47, 0, '@bottomSectionHeading;', NULL, 'Recent News'),
(1743, 47, 0, '@bottomSectionBoxDescription_1;', NULL, '\r\nStandard Blog Post\r\n\r\nExcepteur sint occaecat cupidatat non proident, sunt in culpa qui officia deserunt mollit anim id est laborum.\r\nStandard Blog Post\r\n\r\nExcepteur sint occaecat cupidatat non proident, sunt in culpa qui officia deserunt mollit anim id est laborum.\r\n'),
(1744, 47, 0, '@bottomSectionBoxDescription_2;', NULL, '\r\nStandard Blog Post\r\n\r\nExcepteur sint occaecat cupidatat non proident, sunt in culpa qui officia deserunt mollit anim id est laborum.\r\nStandard Blog Post\r\n\r\nExcepteur sint occaecat cupidatat non proident, sunt in culpa qui officia deserunt mollit anim id est laborum.\r\n'),
(1745, 47, 0, '@bottomSectionBoxDescription_3;', NULL, '\r\nStandard Blog Post\r\n\r\nExcepteur sint occaecat cupidatat non proident, sunt in culpa qui officia deserunt mollit anim id est laborum.\r\nStandard Blog Post\r\n\r\nExcepteur sint occaecat cupidatat non proident, sunt in culpa qui officia deserunt mollit anim id est laborum.\r\n'),
(1746, 47, 0, '@bottomSectionDescription;', NULL, '<p>Lorem ipsum dolor sit amet, consectetur adipisicing elit, sed do eiusmod tempor incididunt ut labore et dolore magna aliqua.</p>'),
(1747, 47, 0, '@footerLeftText;', NULL, '<p><em><strong>This is a test contnt</strong></em></p>\r\n'),
(1748, 48, 0, '@logo;', NULL, 'Konnecty Waxom'),
(1749, 48, 0, '@siteTitle;', NULL, 'Konnecty'),
(1750, 48, 0, '@contactPageHeading;', NULL, 'CONTACT US'),
(1751, 48, 0, '@contactPageDescription;', NULL, '<p style=\\\"color:#fff\\\">We are Small Team of Creative People working together</p>\r\n'),
(1752, 48, 0, '@phone;', NULL, '<p>+91-98686626626<br />\r\n+91-2484923263</p>\r\n'),
(1753, 48, 0, '@address;', NULL, 'Athirapilly,<br />\r\nThrissur,<br />\r\nAthirapilly P.O.,<br />\r\nPIN 685456\r\n'),
(1754, 48, 0, '@googleMap;', NULL, '<div class=\\\"embed-responsive embed-responsive-16by9\\\">\r\n\r\n<iframe class=\\\"embed-responsive-item\\\" src=\\\"https://www.google.com/maps/embed?pb=!1m18!1m12!1m3!1d31434.452774189114!2d76.27904958891955!3d9.991513042837186!2m3!1f0!2f0!3f0!3m2!1i1024!2i768!4f13.1!3m3!1m2!1s0x3b080d13ee1347b1%3A0x89c9267d1aeeaac4!2sKaloor%2C+Kochi%2C+Kerala!5e0!3m2!1sen!2sin!4v1515836941862\\\"  frameborder=\\\"0\\\" style=\\\"border:0\\\" allowfullscreen></iframe>\r\n\r\n</div>'),
(1755, 48, 0, '@email;', NULL, '<p>info@domain.com<br />\r\nsales@domain.com</p>\r\n'),
(1756, 48, 0, '@footerMenu_1;', NULL, '<p><strong>Lorem Ipsum</strong> is simply dummy text of the printing and typesetting industry. Lorem Ipsum has been the industry&#39;s standard dummy text ever since the 1500s, when an unknown printer took a galley of type and scrambled it to make a type specimen book. It has survived not only five centuries, but also the leap into electron</p>\r\n'),
(1757, 48, 0, '@footerLinksHeading_1;', NULL, 'What is Lorem Ipsum?'),
(1758, 48, 0, '@footerMenuHeading_2;', NULL, 'Quick Links'),
(1759, 48, 0, '@footerRightHeading_1;', NULL, 'Contact Info'),
(1760, 48, 0, '@phoneNumber;', NULL, ' +91 986754232'),
(1761, 48, 0, '@mainHeading_1;', NULL, 'Konnecty CMS is your Business Solution'),
(1762, 48, 0, '@mainDescription_1;', NULL, '<p>Lorem ipsum dolor sit amet, consectetur adipisicing elit, sed do eiusmod tempor incididunt</p>'),
(1763, 48, 0, '@servicesBoxHeading_1;', NULL, 'Business Solution'),
(1764, 48, 0, '@servicesBoxHeading_1;', NULL, 'Business Solution'),
(1765, 48, 0, '@servicesBoxHeading_2;', NULL, 'Business Solution'),
(1766, 48, 0, '@servicesBoxHeading_3;', NULL, 'Business Solution'),
(1767, 48, 0, '@servicesBoxDescription_1;', NULL, 'Lorem ipsum dolor sit amet, consectetur adipisicing elit, sed do eiusmod tempor incididunt'),
(1768, 48, 0, '@servicesBoxDescription_2;', NULL, 'Lorem ipsum dolor sit amet, consectetur adipisicing elit, sed do eiusmod tempor incididunt'),
(1769, 48, 0, '@servicesBoxDescription_3;', NULL, 'Lorem ipsum dolor sit amet, consectetur adipisicing elit, sed do eiusmod tempor incididunt'),
(1770, 48, 0, '@servicesBoxMoreButton_1;', NULL, '<p><a href=\\\"http://google.com\\\">More &gt;&gt; </a></p>\r\n'),
(1771, 48, 0, '@servicesBoxMoreButton_2;', NULL, '<p><a href=\\\"http://google.com\\\">More &gt;&gt; </a></p>\r\n'),
(1772, 48, 0, '@servicesBoxMoreButton_3;', NULL, '<p><a href=\\\"http://google.com\\\">More &gt;&gt; </a></p>\r\n'),
(1773, 48, 0, '@visionBoxHeading_1;', NULL, 'Our Values'),
(1774, 48, 0, '@visionBoxDescription_1;', NULL, '<p>Lorem ipsum dolor sit amet, consectetur adipisicing elit, sed do eiusmod tempor incididunt ut labore et dolore magna aliqua. Ut enim ad minim veniam, quis nostrud exercitation ullamco laboris nisi ut aliquip ex ea commodo consequat.</p>'),
(1775, 48, 0, '@visionBoxDescription_2;', NULL, '<p>Lorem ipsum dolor sit amet, consectetur adipisicing elit, sed do eiusmod tempor incididunt ut labore et dolore magna aliqua. Ut enim ad minim veniam, quis nostrud exercitation ullamco laboris nisi ut aliquip ex ea commodo consequat.</p>'),
(1776, 48, 0, '@visionBoxHeading_2;', NULL, 'Our Philosophy'),
(1777, 48, 0, '@visionBoxDescription_3;', NULL, '<p>Lorem ipsum dolor sit amet, consectetur adipisicing elit, sed do eiusmod tempor incididunt ut labore et dolore magna aliqua. Ut enim ad minim veniam, quis nostrud exercitation ullamco laboris nisi ut aliquip ex ea commodo consequat.</p>'),
(1778, 48, 0, '@visionBoxHeading_3;', NULL, 'Our Mission'),
(1779, 48, 0, '@offerSectionHeading;', NULL, 'What we can offer for you ?'),
(1780, 48, 0, '@offerSectionDescription;', NULL, '<p>Lorem ipsum dolor sit amet, consectetur adipisicing elit, sed do eiusmod tempor incididunt</p>'),
(1781, 48, 0, '@offerListItemHeading_1;', NULL, '\r\nWeb Design'),
(1782, 48, 0, '@offerListItemIcon_1;', NULL, '<i class=\\\"fa fa-user-circle-o\\\" aria-hidden=\\\"true\\\"></i>'),
(1783, 48, 0, '@offerListItemIcon_2;', NULL, '<i class=\\\"fa fa-user-circle-o\\\" aria-hidden=\\\"true\\\"></i>'),
(1784, 48, 0, '@offerListItemIcon_3;', NULL, '<i class=\\\"fa fa-user-circle-o\\\" aria-hidden=\\\"true\\\"></i>'),
(1785, 48, 0, '@offerListItemIcon_4;', NULL, '<i class=\\\"fa fa-user-circle-o\\\" aria-hidden=\\\"true\\\"></i>'),
(1786, 48, 0, '@offerListItemIcon_5;', NULL, '<i class=\\\"fa fa-user-circle-o\\\" aria-hidden=\\\"true\\\"></i>'),
(1787, 48, 0, '@offerListItemHeading_2;', NULL, '\r\nWeb Design'),
(1788, 48, 0, '@offerListItemHeading_3;', NULL, '\r\nWeb Design'),
(1789, 48, 0, '@offerListItemHeading_4;', NULL, '\r\nWeb Design'),
(1790, 48, 0, '@offerListItemHeading_5;', NULL, '\r\nWeb Design'),
(1791, 48, 0, '@offerListItemDescription_1;', NULL, '\r\nWeb Design\r\n\r\nLorem ipsum dolor sit amet, consectetur adipisicing elit, sed do eiusmod tempor incididunt ut labore et dolore magna aliqua.\r\n'),
(1792, 48, 0, '@offerListItemDescription_2;', NULL, '\r\nWeb Design\r\n\r\nLorem ipsum dolor sit amet, consectetur adipisicing elit, sed do eiusmod tempor incididunt ut labore et dolore magna aliqua.\r\n'),
(1793, 48, 0, '@offerListItemDescription_3;', NULL, '\r\nWeb Design\r\n\r\nLorem ipsum dolor sit amet, consectetur adipisicing elit, sed do eiusmod tempor incididunt ut labore et dolore magna aliqua.\r\n'),
(1794, 48, 0, '@offerListItemDescription_4;', NULL, '\r\nWeb Design\r\n\r\nLorem ipsum dolor sit amet, consectetur adipisicing elit, sed do eiusmod tempor incididunt ut labore et dolore magna aliqua.\r\n'),
(1795, 48, 0, '@offerListItemDescription_5;', NULL, '\r\nWeb Design\r\n\r\nLorem ipsum dolor sit amet, consectetur adipisicing elit, sed do eiusmod tempor incididunt ut labore et dolore magna aliqua.\r\n'),
(1796, 48, 0, '@businessOpSectionHeading;', NULL, 'Our Business Opurtunity'),
(1797, 48, 0, '@businessOpSectionDescription;', NULL, '<p>Lorem ipsum dolor sit amet, consectetur adipisicing elit, sed do eiusmod tempor incididunt ut labore et dolore magna aliqua. Ut enim ad minim veniam, quis nostrud exercitation ullamco laboris nisi ut aliquip ex ea commodo consequat. Duis aute irure dolor in reprehenderit in voluptate velit esse cillum dolore eu fugiat nulla pariatur. Excepteur sint occaecat cupidatat non proident, sunt in culpa qui officia deserunt mollit anim id est laborum.</p>'),
(1798, 48, 0, '@businessOpBulletPoint_1;', NULL, 'quis nostrud exercitation ullamco laboris'),
(1799, 48, 0, '@businessOpBulletPoint_2;', NULL, 'quis nostrud exercitation ullamco laboris'),
(1800, 48, 0, '@businessOpBulletPoint_3;', NULL, 'quis nostrud exercitation ullamco laboris'),
(1801, 48, 0, '@bottomSectionHeading;', NULL, 'Recent News'),
(1802, 48, 0, '@bottomSectionBoxDescription_1;', NULL, '\r\nStandard Blog Post\r\n\r\nExcepteur sint occaecat cupidatat non proident, sunt in culpa qui officia deserunt mollit anim id est laborum.\r\nStandard Blog Post\r\n\r\nExcepteur sint occaecat cupidatat non proident, sunt in culpa qui officia deserunt mollit anim id est laborum.\r\n'),
(1803, 48, 0, '@bottomSectionBoxDescription_2;', NULL, '\r\nStandard Blog Post\r\n\r\nExcepteur sint occaecat cupidatat non proident, sunt in culpa qui officia deserunt mollit anim id est laborum.\r\nStandard Blog Post\r\n\r\nExcepteur sint occaecat cupidatat non proident, sunt in culpa qui officia deserunt mollit anim id est laborum.\r\n'),
(1804, 48, 0, '@bottomSectionBoxDescription_3;', NULL, '\r\nStandard Blog Post\r\n\r\nExcepteur sint occaecat cupidatat non proident, sunt in culpa qui officia deserunt mollit anim id est laborum.\r\nStandard Blog Post\r\n\r\nExcepteur sint occaecat cupidatat non proident, sunt in culpa qui officia deserunt mollit anim id est laborum.\r\n'),
(1805, 48, 0, '@bottomSectionDescription;', NULL, '<p>Lorem ipsum dolor sit amet, consectetur adipisicing elit, sed do eiusmod tempor incididunt ut labore et dolore magna aliqua.</p>'),
(1806, 48, 0, '@footerLeftText;', NULL, '<p><em><strong>This is a test contnt</strong></em></p>\r\n'),
(1807, 49, 0, '@siteTitle;', NULL, '<p>Konnecty</p>\r\n'),
(1808, 49, 0, '@content_3;', NULL, '<h3>Pellentesque accumsan arcu nec dolor tempus</h3>\r\n\r\n<p>Pellentesque at velit ante. Duis scelerisque metus vel felis porttitor gravida. Donec at felis libero. Mauris odio tortor.</p>\r\n\r\n<p><a href=\\\"file:///C:/Users/JOBIN/Desktop/HTML%20Templates/level/index.html#\\\">Continue reading...</a></p>\r\n\r\n<h3>Duis scelerisque metus vel felis porttitor</h3>\r\n\r\n<p>Pellentesque at velit ante. Duis scelerisque metus vel felis porttitor gravida. Donec at felis libero. Mauris odio tortor.</p>\r\n\r\n<p><a href=\\\"file:///C:/Users/JOBIN/Desktop/HTML%20Templates/level/index.html#\\\">Continue reading...</a></p>\r\n\r\n<h3>Etiam aliquam arcu at mauris consectetur</h3>\r\n\r\n<p>Pellentesque at velit ante. Duis scelerisque metus vel felis porttitor gravida. Donec at felis libero. Mauris odio tortor.</p>\r\n\r\n<p><a href=\\\"file:///C:/Users/JOBIN/Desktop/HTML%20Templates/level/index.html#\\\">Continue reading...</a></p>\r\n');
INSERT INTO `contents` (`id_content`, `id_site`, `id_page`, `component_id`, `content_type`, `content`) VALUES
(1809, 49, 0, '@content_footer_text_left;', NULL, '<p><a href=\\\"https://www.google.co.in/imgres?imgurl=https://www.quackit.com/pix/samples/4s.jpg&amp;imgrefurl=https://www.quackit.com/javascript/javascript_refresh_page.cfm&amp;h=150&amp;w=200&amp;tbnid=HyGndMii5ZKUZM:&amp;tbnh=150&amp;tbnw=200&amp;usg=__fM_rn0qoIwlnjFCEpGC2qsMY3Eg%3D&amp;vet=1&amp;docid=xJ-JH4G9Gw_WMM&amp;client=firefox-b-ab&amp;sa=X&amp;ved=0ahUKEwimvu_459HYAhXJwI8KHZwLDnUQ9QEIKTAA\\\"><img alt=\\\"Image result for refresh page using javascript\\\" src=\\\"data:image/jpeg;base64,/9j/4AAQSkZJRgABAQAAAQABAAD/2wCEAAkGBxMTEhUTExMVFhUVGRYbGRUVGBsgIRwgIB0iIiAdHx8kKDQsJCYxJx8fLTItMSsuMDAwIys1QD8uNzQ5MC4BCgoKDg0OGBAQGy4fHyUrNDcrKy0tNSsrNysuLysrNi0rLSsrKzctNy0tKysrLSs3LSsyLS0rNy0rKy0rLTcrK//AABEIAJYAyAMBIgACEQEDEQH/xAAcAAABBQEBAQAAAAAAAAAAAAAFAAIDBAYBBwj/xAA3EAACAQMDAgMHAwMEAgMAAAABAhEAAyEEEjEFQSJRYQYTMnGBkaHB0fBCUrEUI+HxFXIHFjP/xAAZAQADAQEBAAAAAAAAAAAAAAABAgMABAX/xAApEQACAgIBAwQBBAMAAAAAAAAAAQIRAyESBDFBEyJRYXEUgbHwMkKh/9oADAMBAAIRAxEAPwAarOD4blwdyckUW0XW9RaEldw/uXFZrSXpHBIye+KmOtMZj8V6Kk+xxOKPSeme3C3F2XRnghgMj5HBokOlaTU2/hgCY92YI78GRXkK66O5yfOjfs77TXLNw7SCpBkMTB8qRxrcdMZN+do0XtR7OWdLaN5XciQFUgZJ7SD6eVZOzcIIdfnNWfaLqTXyGJbj4d7MB6gNxiMCaH6DV7RsjIJM5nPb+edXwzl/syeSK8I3nSrTXrSuu0kzKqciDHFc1A2PseVY9iIn5UB6L1tbD+9glwCAsYIPmZq9rfbl3UbrFksDIkMY88TVnkyKWlaI+jBr4YQiuRWet+099n3OVZTPh2jHoIiK0vSuo2rzqGQKpB8Shzn81R56W0T9C3pkcVyKJ6zQ2kBYX12j5k8xws0NvXrKru/1Fo84G6fsBRj1EJdmK8M14GxXIp9uGQ3AfAvL5gfM0y1cDCVMg96rGafZiOLXdHCK4RUhFcimsUj21winkVymswwiuRTyKaaNmGlaaRT64RRBRGRXCtPIrhFEFERFKnkUqNgZ5xa1j7du7w8xT0PPlVJat2zXhHsD2H/dRkx51I61FE4+tFAHi+0k7jJqfTaqPik+s5FUAc1I2AfnRMHNPf4zgkHAEir13WqwKBeeDAH3isxbuEQe9X7GonPfyq0Mj7MnKCCDjH8AqPQaq6pJVyB3gnP071F7wnB59acj/cdop27FSo1XQdNYZf8AdlnOZJZY9JBzVvV3NDbUobSkxwCxP3nFYdLxE5NdN2QaVxTCrDnVerLeKi3bFpFAARTIJH9R9ai0HUmtGIlTk/8AFC7SiJqYZPp3+laPt7GkuS2aherWiY3dh2P2ohobZvNtt+IzFZfpXTblwgqrFeCyifsO/ajvs/7Mai68ublqxJJklS3pHrFGfUOKfYRdOmwp1jS2rFp298puqB4AJEnsYoPo9atxd0geYJ4on7WWi1xNNaAt2ba+ISMiefMx+9ef3TtLDBGRI75oYMsmrk7Nlwxulo2xFNIoF0Dqk/7bn/1JP4Jo6rg8EH5EGu2M0zllFxY2K5UhFNIqgowimkVIRXCKJiMilTiKVEVnkyHyq7ZWq6ACrC814R7BM1QF+frTwaYxx60wBu2kzHjvTlJjtXC35rGOqalsxIImQc1F72BAHNdS4B2rGo3jexN5rYey1u8GAYbWA5z3qpe9n9VaE3LLR6CfvFFP/j3rw2/6feQyksgjkHlfvmvQbWsPdJbkj9qDzTXiwcIs8WfQXCTCOfkpNRtpHBhlKme4Ir3kR8W0L5iR+lVml2ALA5+EgH9a36r6/wCheH7PHdD01nPDAf3MP0opo+nBW8QYAjBcZb/0Xv8AOvS72ttW2IKAR3WD9DjFZTrfXlL3CLYVlQbbkDziJp1mclpV9iOCXd39AzU9URCLOwkmd1pD6iFc/KSY9JmtBq/bKzZsxK79oCrbyF8l3eY8/wAmvMNQpYsZ8B5uHk9z8yfKp9ZpxbRdybSfhB5j+4+ppJY4tqxlJrsEL/tLde4jkwFERxIPOf5xVTqTW2O9SBwdkkk+ZOMfKhZb5/WptJcTcN87e+0Z+k1dJLsTds61wHgEeVTaa+yvvEKQDg8RxAp99NseHjuSD+BxUG/vAM4z29aonfYRr5NB0jrG+Ef4ux8/+aMEVgrxKNBntn81qtP1hIXcY3GBJBI4yfv5ferQy1pkJ4vKCRFNIqSKaRXRZEYRXKeRXKNgPJbbVOj5qGzT1fOK8Kz2CxUDGJqRabcTvTIAzfinbsH0qMpTlGP0omFphJmumuoYH0pm6fSsYuaPVMhBXBBkHuPrXtHsxr3v2EKsrMVBMjOOR95rw4Nmtb7C9X93c2M5VWyD5EfuP0pZKzHqS7wYeDE4B4qNnYEMqgjH9W0/oKhfq9qf9x/P4Zg+WSMGmf8Ak7RGwk7skGeR5ikSfwZtfJY19p7s25JDYlcH7nv+1Uv/AKcF05S3c3ncGIaJniCRzFWf9Vbyy3GEDkc89x3/ADUydRFttygsHMswB8vkYH70jclpDKu7Mn/4Q2G36gBY+DEhY7/M4yc/5rK+0lx2utu4GB8q33td1m7saSUUg7Q6QSeMTzivMSeZMmrYru2JL4Rz3wgCAPMxmmG5H0qN0zXGxma6LZOiwrEjtUgkgiJ9c4iotNZuNwjEHvGPvTNf1MI21bkbRkAmT5Afc1zdR1Lw0krbHhDkWLitw3PaabbHeqXT+oPcxdzJASJ3T5R8q01n2V1brvS0Svp29I7/AEqmDqPUW9MWcOLH9P6lttlSx3D4cmOOIqa17QbUG9CzeYMfcQabb9n9akRp7oichCZx+KpN0XUD4rNxZMeJGH+RV+bXZk+CfdHNX1+6xlSEEcLn/Ndodf0dwH4TzAxz+9Km5S+TcY/BnqclQh6kQ1wnUWEeKez+tVSacWxTJgZKaa7dq4pzSL0bAIHFJFpA0u1Zsx0dqnVoAIqtNPRu1Yxpb9gtaS4LxYsfEpmB5eL/AKqfR6bUs/uthckYBMkQJkEHkVS9mepe5uZyHBTPAngkdx/PWtfpna2zuSGPiQBAvhOZWRPAg5FZzaBxQPfQaqwA21yCu5ljIzk8Y+tMu+0IP9Tzngx9+9S6nUa0FfdszqCNquVPbAg9uMU29fK6e9cNr3ckwxAG6RwJEHB+9LLLxi21ZuCb0BOrdTe6PE5cggBJmPKfLtUOi0L3mAAVCcFWYCJwP8UG1IZALqyzsI3AgxxMxOf8fmh97X3LV1WOSvGfI/vXDHPkUuXj4LPGmqPbuhew9tUBvxJOcrx86NP7LaUmE09kAct4z+Jj815N0/2zvl7bsVW3uCsSSRHfHMkV6j1Pquns21vG4Ba2yCjAluxx3+9XWeU93X9/InBR8GO9vDp1RrVgqpCktBkPOI3doPlXny9GLKSXQEKWCk5JBiBj1PPlV3q2osi7cNo713E2w4J8JyPsTwfzQTq9xoW4WXxcBTn6jtXI5TnK3sqklpFe7qyrqw3FhyzmZacwOI+9en+zf/yXce5F3agJUKlvmT+gjMnE96850uma5agOFA27QQJdiTAAGY5/hq5ouj6jfdWbYwRcdyoKgHIjnt5ZqlPwF0fSC604hw4Imamt9StnG7J7TNYb2L6naGnCG4CyAF2IA5GMZ5+lF9VqlJUhSQRG9cHPn+KtGFq2TeSjRs9o/ELc/T9aVZK9rfdq7i7achSVBycUqV/TCnfg8U1XTSo3KwdRyVnHzBqpWs1GhVrgYJtgjIwWPcxEfior3s+97e6wM9/Cfse3qO808cy8mcPgy49KezzzT7+mKEgjI5jNMKirJp9ibEtyulppbaQFNQDu+kDSp4ijRrG2pJgDNPCkcg/OrGk0Fy4+xACYnJA/zFEtH0S8CfeW/DEwWAyPkazlGPcyTZT0KIzqHcKpiWM4r17or6A29iurrCgu4AJjzMDNecMLAXICEECNsyfUkkRUFq2oILXHuqpIVRIE9vWMdqlN8voeKo9U6r7PaVFN33jIuGKBgQSBjbOZ+tee+0PWEvlQfAi7gFMwwz8WTme/pQzqHtCx2WWunapPhWcYECPQ8T96EjqA3Mizhid0g+kgmvNyTlk14KJIj1jtsYpaVRLLuUndzHbtyPrQ1rJCMpRSQwlhkz6Hy/apburKeIBgwc8/Cfn6/wCZqje1MFiVU7pE89+VNNBNaGJNzoqsCDmQuD8zFaj2b68twe7vJbMW2AMnccyeZAETgbcCs4NbsY+7JKhdoDZwTkR6+lE+kaywvvCFQXmG0AyFgwDEcHmn2laA0Qa5i7b13LbBPu4ngfvFDls7lMqxJ+FhJB9KK9X6ndtMvKi4ox2IAiPl2zVDS3/eXFTxKjFZVcn9uc0sXSMFf/rblULGyhwDlt+QMHkDywOaEpYu27hCQWmMQefKf+DWuPT3ZrjMSUAEIQTx84jigy2LRvsUW5EEEHJEidxJnHpj60sMqb2wGr6FeFq0oZAGPC4OY+IjzPMEYil1XrlwsUa6+xoOJMROKgFj3VuTkwMnJMQD+32qG3qhdtgSDJ+IgyOPzmud9RLaT0BJJlfqHVfBFrJECGjE8GP5z9aVaNum9LRVRHf3wALl2B58jABye0UqlPqIY3TVlKMb1U37QtszeI8K48XzgzFQX+q3WAkNbtyJCYmPnk0ct6m2B7vUWlDCTbuN8RaeCYPmBkYrvtChv2w24SowVbwuR8QXAk/Py+U9Ueq7KUf38f3+BB/TU22/hUsQGJJGd3oTEDvFVNV7OvJYQiRJYiFnuMcAefFFekqY94tpYwATLbmC+Ime+ewHHrV7/ThgPG1wCcZUrAEnEzHlSvqfTlTMzB3tDcVipUyokgeXnVm0tlUi5vLmMDEfvWhHSHCBk3XPECoYHcJAxjMfOousez9x13bWRxwGiD6AnNd0c3KgcQLp+mM7jZ47fdh5eRHY+lFz7N2yhue8a2FgywBH5igXS9dd090MshlwV/BBq/1b2ie8eAqgmBMn7/tFXfPwxPaEejdP2v7xbyuCMFgZMcwZ9K7ruoahR/uQygidpGfmeRWZ0moZSQpI3YMUc13WmAtEkSPCTGCBmYHJyZqeSVPewr6L/RkW+lx7nhWyJZiXIEkACJmSe1NYWXSbUopwSCFk9iZkx6UT6laYWFFq3ZX3ots4Y+KYncVmIziRWZ6oLRTduaQSAymVnzPaflQcldWEFdR6Y4IZFL+Iy6+L6Y4qu+mcByUMJ8QCng5yY9KP9G1L2x4lI3L4MSWPbvMVA/WPGUMRMkEEdsTMYzn9a5sr4vSHXYAW9Hcey+xRBYYMCYxjy7UN1aOpCMCCB39RxW11N0EYyfT5cxVaz7PnUGZ2lRmfrwMelI8qiuUtIZKwT0lbRttccIQo8QBhvQCces880K0NlrlyERiCTA5jyzW50fshp1Qe8ZizxCgx+KOgrbthbdtVUgQBz2rm/V7fBN/nSG4Hn97oWrdQPdu0cRx8/wDmrfs/0K7J97ZUZHiukjEidsHBiTNaa51G5auspBgmQs/WB8/1NFbVzfEQCxkjPlx+lLkz5KqlX0CS1oHawqo8UETjkzA4IP709be5VdSAxb+nmRxI9J7/AL0UHSwQPeZ7wOJqS3p0BjE5I/WuJ54LXkyxPuwNrdCzWjLAEzkzzPbv2qPT9HW2BN0iVJI7dpjHr+aPam2gIc5A+sRMfk1mbhZ5MwSfhH9J8/kcU2Kbnq6Q9RirJHTdKrbDSmG2jB9T2+dKg56kVXwli0wyj0PI+v6Vyun9M/BNpMOv0/3a77XiVRkMQfD38P8A7T+Ki/0KPsvSQnhO0g/FknaZiqKdQghkLbvFjdwSc+g59cg1eta5rkKYUhsAbYDd+MzPcx35qdZY7smXWVvdKqsQVJkuBAA/q+3l2+VPuWI2M87uVHB7mfD28vlQvSXQoPvXLQIweIPEiZ586iPVAzEbU94o25IyD+08jypHGTdNgJr3tO1rUK+dgUqUkZxg+Y7ZPrQPq3tHdvtubBBBUKTCxxGaNde0ds4O52SBuVVAbE8DPl9PKgdroN1+FIPkRj7162HLDgrGVnel6V9QWA2h1zJJyPKAKg1ule2SGEEGMcUY6P0K/bcNAjuVORzGfKYomele/YNdRkPG0MI+Yx8zVn1MId2qN6bZkLakifsK0HSdK145BGxlYBh4cTjPzOPU1avGzYhAJbIJxJgZj8Ve6Fq/e+JTCryhGe/f6Vz5+qbg3Ffuxo49jz0z3huXWcuzSJiDzxPpFDtF7Mi0xf3bXJOF/tz5edHzBMsCAMEDg/zNQa7r6JvS2qqFCEMOck4nyx+a8/HnnKTdtlPT0Cer4Tcq+IEExM/mmaPTJdtOdk3G78ceZqDT6dnuC3uJQlvhAJBzE59fzWj09oWUCsVAGPnEn96ObIlFJPZooGL0slZdkRRIgAf5P8zTtBbUt/Up7kD1P8+tV+qdTW4RsiUmeI4E5PpXOlancW3QGU5z8UgEfzNaMZ8W5M1j/wDyLG46bvhzntn9pob1Xr+x1tgFhsAD7sFu+O3fnyrR2tJbtywQEt8UVT6v0e1durMBh7tiFPEKDBHn5/WqYpx260hmAw93VXVtoVZlAYv2HH15/wA1qlc2vAkYgEkenNWdBobdm0diBWbkjk0PIMsrHcG2qYGcnPpiK555FkdJaQEqGWur72cEsCDEieD/ACaj6rrVO12BSDCZ4AzP+BTy+5irfEwlWMweDQ4Jutn3mYZhB9RGB9s1lCK+hGyW3rSqgFiwfOfUSfpWW1PWG3tHdgPoP+qhv68qty0fiUws9u0VSvdPvW2HvLZhoMgg4OJBBiurF06V8gG70hsBjdOZVZEeg7fP9KVC+maRSm3fLOGBBIHB54PEcCKVQnig37mx1IugG3fhfCGgmCQWG4wT5ZWYMTVTVuGZtxO5WA3kzEd8T60Qe0vvmi6HcEfGFEAbjAJaf6uKF63Wf/om1dwdiXJOQSfvgDAq0WpU0RHaxWC8FATMme5J5H0k94+4m4HD5Vif7QMkefzorYutFzeUQXAeAOMcA9+31qTWbrYHhJZpl90n0nsKZS3RvJN7OXb5fewKKRHjmT5Hj0H2rVgE29rNJII8v8Vi7upuXANqOX2ibknj6Y86LWtWy20ZmzIHhH+PnU8+JNa0Vi6DGjtbPCqjy5p664l9gIken89Kz69XILsCAJZYnPIg/mrFtjta4QUBkyPWQBPnH+a5vSVty2M5fASudKU7iRJbBnP2qG41u2vgC7jA3cREcn61TXqX9W+IORPMZx596E3deNR/tpK8mf1p445Xt2gWavUXVa0PH8SyCufr+aDp0ZpMNzBLHMxA48zn5SKWis7tPbiCFDhswQAeR9x9/Su6HqY2+Btw5yeM8UYwlBaCpBzS6a1Ya4wgMQN31JA+Z7VT1OguOT73uP4Pl4jQ9Oqb3ccjwHdn6E/WaPWWVULOyjCgLIJ9J9TFIsUo+5dzaBj+zqlWBwzADBHHlXRoGt+EHHhGTwIzHpRTU39pC+ZgwZj1NOVBcbxl0UH4l7xzzxQjLI6TA5RKl7TwhYEgj1+1Z7puqJ1V1n5iYCk5JAHA4zWsK77hVbRNoY94HWPkROD+9POjCXRcS3tGyDJBzJjI5xFVgpxhLltG5JsCXb97/U20YQNpgfrH85qxqbZkmBJjwniPUnj50YIDETHoYqrrE3jBIPAx+T9q545IyetUUoznWXCgNhrfKoQQckDHJJ/ShPVOs7FVU3yQSARkcZwZGZ/hmi2vtnco4AEm6WI78LzGO/zA9bWi9ntvvbrsIubSGOWAnPbiCfpXd6sIpOQjjukY72X6W2quP7y2WVVJkNtMggfEZnn/ABWksstgke5bbHwMzSIzuJnPH/dE9P0xrYYqdu47S58uzfOczQjqWmvXTCFbjEGTbPl2O6PrR9T1fwZUu5FrtRbuhrlow1uG2sM/T6UqCe7IZ9yujLOB285PlmlTrGkLZo/DvQhYLOVbxH0Mz9RU2k6ajuyZKvbJzzIUtHJ/t5nHlSpVOqpkqKC2lWHKgq07V5iMZn6fOprmq984t/CWEkQCCQO9KlVIruwxI2O0rZ/sIBI7z/DTYLqhEEw0hiQAZAkR/wAUqVB6KA/pmjdiboceEtuBHBPBX7+kVcv9TlxbK4UE8z2nH0ilSopKT2LZXtdVXeT7sEqAc91n8Hj7VQ1uuCsGVYO11MYkzz9812lTKEbCFOjdea4vuNsCQcH+1cCqbAW0Qx4rjbsTgTAX/P3pUqVxUZUjMsjUZiSLdojwiAWcnaDPaM063pmRrTtdub3Khdp+0tz9qVKlm3FKjGi0PS2FxXa+5JExGInI5HlWstXJPpiBArlKt0vvVsVl50ABOB34oNfJuo21iAczGfl3rtKrT/xZkVbb+lN1W4JM/E0AfcSftSpV4ckuSHTdA4203BWG6JmQDwYmPxU+h1RdYPygen/VKlVJP2ME2yTXWPeKDJAjCzwc+Qnt51j9cxsMDJhwY24ODB/NKlXV075dwcm0Q6fUG4XBCmBnEbgQMk8g5pUqVdYtn//Z\\\" style=\\\"height:150px; margin-right:-1px; width:200px\\\" /></a></p>\r\n\r\n<p><strong>JavaScript Refresh Page</strong>. In <strong>JavaScript</strong>, you <strong>refresh</strong> the <strong>page using</strong> document.location.<strong>reload</strong>() . You can add the true keyword to force the reloaded <strong>page</strong> to come from the server (instead of cache). Alternatively, you can use the false keyword to <strong>reload</strong> the <strong>page</strong> from the cache.</p>\r\n\r\n<h3><a href=\\\"https://www.google.co.in/url?sa=t&amp;rct=j&amp;q=&amp;esrc=s&amp;source=web&amp;cd=3&amp;ved=0ahUKEwimvu_459HYAhXJwI8KHZwLDnUQFggtMAI&amp;url=https%3A%2F%2Fwww.quackit.com%2Fjavascript%2Fjavascript_refresh_page.cfm&amp;usg=AOvVaw0ZR9WutUo1QCvWAxaovdVu\\\">JavaScript Refresh Page - Quackit Tutorials</a></h3>\r\n'),
(1810, 49, 0, '@contact_form_1;', NULL, 'BIBIN'),
(1811, 49, 0, '@logo;', NULL, 'Konnecty Waxom'),
(1812, 49, 0, '@siteTitle;', NULL, 'Konnecty'),
(1813, 49, 0, '@contactPageHeading;', NULL, 'CONTACT US'),
(1814, 49, 0, '@contactPageDescription;', NULL, '<p style=\\\"color:#fff\\\">We are Small Team of Creative People working together</p>\r\n'),
(1815, 49, 0, '@phone;', NULL, '<p>+91-98686626626<br />\r\n+91-2484923263</p>\r\n'),
(1816, 49, 0, '@address;', NULL, 'Athirapilly,<br />\r\nThrissur,<br />\r\nAthirapilly P.O.,<br />\r\nPIN 685456\r\n'),
(1817, 49, 0, '@googleMap;', NULL, '<div class=\\\"embed-responsive embed-responsive-16by9\\\">\r\n\r\n<iframe class=\\\"embed-responsive-item\\\" src=\\\"https://www.google.com/maps/embed?pb=!1m18!1m12!1m3!1d31434.452774189114!2d76.27904958891955!3d9.991513042837186!2m3!1f0!2f0!3f0!3m2!1i1024!2i768!4f13.1!3m3!1m2!1s0x3b080d13ee1347b1%3A0x89c9267d1aeeaac4!2sKaloor%2C+Kochi%2C+Kerala!5e0!3m2!1sen!2sin!4v1515836941862\\\"  frameborder=\\\"0\\\" style=\\\"border:0\\\" allowfullscreen></iframe>\r\n\r\n</div>'),
(1818, 49, 0, '@email;', NULL, '<p>info@domain.com<br />\r\nsales@domain.com</p>\r\n'),
(1819, 49, 0, '@footerMenu_1;', NULL, '<p><strong>Lorem Ipsum</strong> is simply dummy text of the printing and typesetting industry. Lorem Ipsum has been the industry&#39;s standard dummy text ever since the 1500s, when an unknown printer took a galley of type and scrambled it to make a type specimen book. It has survived not only five centuries, but also the leap into electron</p>\r\n'),
(1820, 49, 0, '@footerLinksHeading_1;', NULL, 'What is Lorem Ipsum?'),
(1821, 49, 0, '@footerMenuHeading_2;', NULL, 'Quick Links'),
(1822, 49, 0, '@footerRightHeading_1;', NULL, 'Contact Info'),
(1823, 49, 0, '@phoneNumber;', NULL, ' +91 986754232'),
(1824, 49, 0, '@mainHeading_1;', NULL, 'Konnecty CMS is your Business Solution'),
(1825, 49, 0, '@mainDescription_1;', NULL, '<p>Lorem ipsum dolor sit amet, consectetur adipisicing elit, sed do eiusmod tempor incididunt</p>'),
(1826, 49, 0, '@servicesBoxHeading_1;', NULL, 'Business Solution'),
(1827, 49, 0, '@servicesBoxHeading_1;', NULL, 'Business Solution'),
(1828, 49, 0, '@servicesBoxHeading_2;', NULL, 'Business Solution'),
(1829, 49, 0, '@servicesBoxHeading_3;', NULL, 'Business Solution'),
(1830, 49, 0, '@servicesBoxDescription_1;', NULL, 'Lorem ipsum dolor sit amet, consectetur adipisicing elit, sed do eiusmod tempor incididunt'),
(1831, 49, 0, '@servicesBoxDescription_2;', NULL, 'Lorem ipsum dolor sit amet, consectetur adipisicing elit, sed do eiusmod tempor incididunt'),
(1832, 49, 0, '@servicesBoxDescription_3;', NULL, 'Lorem ipsum dolor sit amet, consectetur adipisicing elit, sed do eiusmod tempor incididunt'),
(1833, 49, 0, '@servicesBoxMoreButton_1;', NULL, '<p><a href=\\\"http://google.com\\\">More &gt;&gt; </a></p>\r\n'),
(1834, 49, 0, '@servicesBoxMoreButton_2;', NULL, '<p><a href=\\\"http://google.com\\\">More &gt;&gt; </a></p>\r\n'),
(1835, 49, 0, '@servicesBoxMoreButton_3;', NULL, '<p><a href=\\\"http://google.com\\\">More &gt;&gt; </a></p>\r\n'),
(1836, 49, 0, '@visionBoxHeading_1;', NULL, 'Our Values'),
(1837, 49, 0, '@visionBoxDescription_1;', NULL, '<p>Lorem ipsum dolor sit amet, consectetur adipisicing elit, sed do eiusmod tempor incididunt ut labore et dolore magna aliqua. Ut enim ad minim veniam, quis nostrud exercitation ullamco laboris nisi ut aliquip ex ea commodo consequat.</p>'),
(1838, 49, 0, '@visionBoxDescription_2;', NULL, '<p>Lorem ipsum dolor sit amet, consectetur adipisicing elit, sed do eiusmod tempor incididunt ut labore et dolore magna aliqua. Ut enim ad minim veniam, quis nostrud exercitation ullamco laboris nisi ut aliquip ex ea commodo consequat.</p>'),
(1839, 49, 0, '@visionBoxHeading_2;', NULL, 'Our Philosophy'),
(1840, 49, 0, '@visionBoxDescription_3;', NULL, '<p>Lorem ipsum dolor sit amet, consectetur adipisicing elit, sed do eiusmod tempor incididunt ut labore et dolore magna aliqua. Ut enim ad minim veniam, quis nostrud exercitation ullamco laboris nisi ut aliquip ex ea commodo consequat.</p>'),
(1841, 49, 0, '@visionBoxHeading_3;', NULL, 'Our Mission'),
(1842, 49, 0, '@offerSectionHeading;', NULL, 'What we can offer for you ?'),
(1843, 49, 0, '@offerSectionDescription;', NULL, '<p>Lorem ipsum dolor sit amet, consectetur adipisicing elit, sed do eiusmod tempor incididunt</p>'),
(1844, 49, 0, '@offerListItemHeading_1;', NULL, '\r\nWeb Design'),
(1845, 49, 0, '@offerListItemIcon_1;', NULL, '<i class=\\\"fa fa-user-circle-o\\\" aria-hidden=\\\"true\\\"></i>'),
(1846, 49, 0, '@offerListItemIcon_2;', NULL, '<i class=\\\"fa fa-user-circle-o\\\" aria-hidden=\\\"true\\\"></i>'),
(1847, 49, 0, '@offerListItemIcon_3;', NULL, '<i class=\\\"fa fa-user-circle-o\\\" aria-hidden=\\\"true\\\"></i>'),
(1848, 49, 0, '@offerListItemIcon_4;', NULL, '<i class=\\\"fa fa-user-circle-o\\\" aria-hidden=\\\"true\\\"></i>'),
(1849, 49, 0, '@offerListItemIcon_5;', NULL, '<i class=\\\"fa fa-user-circle-o\\\" aria-hidden=\\\"true\\\"></i>'),
(1850, 49, 0, '@offerListItemHeading_2;', NULL, '\r\nWeb Design'),
(1851, 49, 0, '@offerListItemHeading_3;', NULL, '\r\nWeb Design'),
(1852, 49, 0, '@offerListItemHeading_4;', NULL, '\r\nWeb Design'),
(1853, 49, 0, '@offerListItemHeading_5;', NULL, '\r\nWeb Design'),
(1854, 49, 0, '@offerListItemDescription_1;', NULL, '\r\nWeb Design\r\n\r\nLorem ipsum dolor sit amet, consectetur adipisicing elit, sed do eiusmod tempor incididunt ut labore et dolore magna aliqua.\r\n'),
(1855, 49, 0, '@offerListItemDescription_2;', NULL, '\r\nWeb Design\r\n\r\nLorem ipsum dolor sit amet, consectetur adipisicing elit, sed do eiusmod tempor incididunt ut labore et dolore magna aliqua.\r\n'),
(1856, 49, 0, '@offerListItemDescription_3;', NULL, '\r\nWeb Design\r\n\r\nLorem ipsum dolor sit amet, consectetur adipisicing elit, sed do eiusmod tempor incididunt ut labore et dolore magna aliqua.\r\n'),
(1857, 49, 0, '@offerListItemDescription_4;', NULL, '\r\nWeb Design\r\n\r\nLorem ipsum dolor sit amet, consectetur adipisicing elit, sed do eiusmod tempor incididunt ut labore et dolore magna aliqua.\r\n'),
(1858, 49, 0, '@offerListItemDescription_5;', NULL, '\r\nWeb Design\r\n\r\nLorem ipsum dolor sit amet, consectetur adipisicing elit, sed do eiusmod tempor incididunt ut labore et dolore magna aliqua.\r\n'),
(1859, 49, 0, '@businessOpSectionHeading;', NULL, 'Our Business Opurtunity'),
(1860, 49, 0, '@businessOpSectionDescription;', NULL, '<p>Lorem ipsum dolor sit amet, consectetur adipisicing elit, sed do eiusmod tempor incididunt ut labore et dolore magna aliqua. Ut enim ad minim veniam, quis nostrud exercitation ullamco laboris nisi ut aliquip ex ea commodo consequat. Duis aute irure dolor in reprehenderit in voluptate velit esse cillum dolore eu fugiat nulla pariatur. Excepteur sint occaecat cupidatat non proident, sunt in culpa qui officia deserunt mollit anim id est laborum.</p>'),
(1861, 49, 0, '@businessOpBulletPoint_1;', NULL, 'quis nostrud exercitation ullamco laboris'),
(1862, 49, 0, '@businessOpBulletPoint_2;', NULL, 'quis nostrud exercitation ullamco laboris'),
(1863, 49, 0, '@businessOpBulletPoint_3;', NULL, 'quis nostrud exercitation ullamco laboris'),
(1864, 49, 0, '@bottomSectionHeading;', NULL, 'Recent News'),
(1865, 49, 0, '@bottomSectionBoxDescription_1;', NULL, '\r\nStandard Blog Post\r\n\r\nExcepteur sint occaecat cupidatat non proident, sunt in culpa qui officia deserunt mollit anim id est laborum.\r\nStandard Blog Post\r\n\r\nExcepteur sint occaecat cupidatat non proident, sunt in culpa qui officia deserunt mollit anim id est laborum.\r\n'),
(1866, 49, 0, '@bottomSectionBoxDescription_2;', NULL, '\r\nStandard Blog Post\r\n\r\nExcepteur sint occaecat cupidatat non proident, sunt in culpa qui officia deserunt mollit anim id est laborum.\r\nStandard Blog Post\r\n\r\nExcepteur sint occaecat cupidatat non proident, sunt in culpa qui officia deserunt mollit anim id est laborum.\r\n'),
(1867, 49, 0, '@bottomSectionBoxDescription_3;', NULL, '\r\nStandard Blog Post\r\n\r\nExcepteur sint occaecat cupidatat non proident, sunt in culpa qui officia deserunt mollit anim id est laborum.\r\nStandard Blog Post\r\n\r\nExcepteur sint occaecat cupidatat non proident, sunt in culpa qui officia deserunt mollit anim id est laborum.\r\n'),
(1868, 49, 0, '@bottomSectionDescription;', NULL, '<p>Lorem ipsum dolor sit amet, consectetur adipisicing elit, sed do eiusmod tempor incididunt ut labore et dolore magna aliqua.</p>'),
(1869, 49, 0, '@footerLeftText;', NULL, '<p><em><strong>This is a test contnt</strong></em></p>\r\n'),
(1870, 50, 0, '@logo;', NULL, 'Konnecty Waxom'),
(1871, 50, 0, '@siteTitle;', NULL, 'Konnecty'),
(1872, 50, 0, '@contactPageHeading;', NULL, 'CONTACT US'),
(1873, 50, 0, '@contactPageDescription;', NULL, '<p style=\\\"color:#fff\\\">We are Small Team of Creative People working together</p>\r\n'),
(1874, 50, 0, '@phone;', NULL, '<p>+91-98686626626<br />\r\n+91-2484923263</p>\r\n'),
(1875, 50, 0, '@address;', NULL, 'Athirapilly,<br />\r\nThrissur,<br />\r\nAthirapilly P.O.,<br />\r\nPIN 685456\r\n'),
(1876, 50, 0, '@googleMap;', NULL, '<div class=\\\"embed-responsive embed-responsive-16by9\\\">\r\n\r\n<iframe class=\\\"embed-responsive-item\\\" src=\\\"https://www.google.com/maps/embed?pb=!1m18!1m12!1m3!1d31434.452774189114!2d76.27904958891955!3d9.991513042837186!2m3!1f0!2f0!3f0!3m2!1i1024!2i768!4f13.1!3m3!1m2!1s0x3b080d13ee1347b1%3A0x89c9267d1aeeaac4!2sKaloor%2C+Kochi%2C+Kerala!5e0!3m2!1sen!2sin!4v1515836941862\\\"  frameborder=\\\"0\\\" style=\\\"border:0\\\" allowfullscreen></iframe>\r\n\r\n</div>'),
(1877, 50, 0, '@email;', NULL, '<p>info@domain.com<br />\r\nsales@domain.com</p>\r\n'),
(1878, 50, 0, '@footerMenu_1;', NULL, '<p><strong>Lorem Ipsum</strong> is simply dummy text of the printing and typesetting industry. Lorem Ipsum has been the industry&#39;s standard dummy text ever since the 1500s, when an unknown printer took a galley of type and scrambled it to make a type specimen book. It has survived not only five centuries, but also the leap into electron</p>\r\n'),
(1879, 50, 0, '@footerLinksHeading_1;', NULL, 'What is Lorem Ipsum?'),
(1880, 50, 0, '@footerMenuHeading_2;', NULL, 'Quick Links'),
(1881, 50, 0, '@footerRightHeading_1;', NULL, 'Contact Info'),
(1882, 50, 0, '@phoneNumber;', NULL, ' +91 986754232'),
(1883, 50, 0, '@mainHeading_1;', NULL, 'Konnecty Digital <br>'),
(1884, 50, 0, '@mainDescription_1;', NULL, ''),
(1929, 51, 0, '@logo;', NULL, 'Konnecty Waxom'),
(1885, 50, 0, '@servicesBoxHeading_1;', NULL, 'Business Solutionss'),
(1886, 50, 0, '@servicesBoxHeading_1;', NULL, 'Business Solution'),
(1887, 50, 0, '@servicesBoxHeading_2;', NULL, 'Business Solution'),
(1888, 50, 0, '@servicesBoxHeading_3;', NULL, 'Business Solution'),
(1889, 50, 0, '@servicesBoxDescription_1;', NULL, 'Lorem ipsum dolor sit amet, condddsectetur adipisicing elit, sed do eiusmod tempor incididunt'),
(1890, 50, 0, '@servicesBoxDescription_2;', NULL, 'Lorem ipsum dolor sit amet, consectetur adipisicing elit, sed do eiusmod tempor incididunt'),
(1891, 50, 0, '@servicesBoxDescription_3;', NULL, 'Lorem ipsum dolor sit amet, consectetur adipisicing elit, sed do eiusmod tempor incididunt'),
(1892, 50, 0, '@servicesBoxMoreButton_1;', NULL, '<p><a href=\\\"http://google.com\\\">More &gt;&gt; </a></p>\r\n'),
(1893, 50, 0, '@servicesBoxMoreButton_2;', NULL, '<p><a href=\\\"http://google.com\\\">More &gt;&gt; </a></p>\r\n'),
(1894, 50, 0, '@servicesBoxMoreButton_3;', NULL, '<p><a href=\\\"http://google.com\\\">More &gt;&gt; </a></p>\r\n'),
(1895, 50, 0, '@visionBoxHeading_1;', NULL, 'Our Values'),
(1896, 50, 0, '@visionBoxDescription_1;', NULL, '<p>Lorem ipsum dolor sit amet, consectetur adipisicing elit, sed do eiusmod tempor incididunt ut labore et dolore magna aliqua. Ut enim ad minim veniam, quis nostrud exercitation ullamco laboris nisi ut aliquip ex ea commodo consequat.</p>'),
(1897, 50, 0, '@visionBoxDescription_2;', NULL, '<p>Lorem ipsum dolor sit amet, consectetur adipisicing elit, sed do eiusmod tempor incididunt ut labore et dolore magna aliqua. Ut enim ad minim veniam, quis nostrud exercitation ullamco laboris nisi ut aliquip ex ea commodo consequat.</p>'),
(1898, 50, 0, '@visionBoxHeading_2;', NULL, 'Our Philosophy'),
(1899, 50, 0, '@visionBoxDescription_3;', NULL, '<p>Lorem ipsum dolor sit amet, consectetur adipisicing elit, sed do eiusmod tempor incididunt ut labore et dolore magna aliqua. Ut enim ad minim veniam, quis nostrud exercitation ullamco laboris nisi ut aliquip ex ea commodo consequat.</p>'),
(1900, 50, 0, '@visionBoxHeading_3;', NULL, 'Our Mission'),
(1901, 50, 0, '@offerSectionHeading;', NULL, 'What we can offer for you ?'),
(1902, 50, 0, '@offerSectionDescription;', NULL, '<p>Lorem ipsum dolor sit amet, consectetur adipisicing elit, sed do eiusmod tempor incididunt</p>'),
(1903, 50, 0, '@offerListItemHeading_1;', NULL, '\r\nWeb Design'),
(1904, 50, 0, '@offerListItemIcon_1;', NULL, '<i class=\\\"fa fa-user-circle-o\\\" aria-hidden=\\\"true\\\"></i>'),
(1905, 50, 0, '@offerListItemIcon_2;', NULL, '<i class=\\\"fa fa-user-circle-o\\\" aria-hidden=\\\"true\\\"></i>'),
(1906, 50, 0, '@offerListItemIcon_3;', NULL, '<i class=\\\"fa fa-user-circle-o\\\" aria-hidden=\\\"true\\\"></i>'),
(1907, 50, 0, '@offerListItemIcon_4;', NULL, '<i class=\\\"fa fa-user-circle-o\\\" aria-hidden=\\\"true\\\"></i>'),
(1908, 50, 0, '@offerListItemIcon_5;', NULL, '<i class=\\\"fa fa-user-circle-o\\\" aria-hidden=\\\"true\\\"></i>'),
(1909, 50, 0, '@offerListItemHeading_2;', NULL, '\r\nWeb Design'),
(1910, 50, 0, '@offerListItemHeading_3;', NULL, '\r\nWeb Design'),
(1911, 50, 0, '@offerListItemHeading_4;', NULL, '\r\nWeb Design'),
(1912, 50, 0, '@offerListItemHeading_5;', NULL, '\r\nWeb Design'),
(1913, 50, 0, '@offerListItemDescription_1;', NULL, '\r\nWeb Design\r\n\r\nLorem ipsum dolor sit amet, consectetur adipisicing elit, sed do eiusmod tempor incididunt ut labore et dolore magna aliqua.\r\n'),
(1914, 50, 0, '@offerListItemDescription_2;', NULL, '\r\nWeb Design\r\n\r\nLorem ipsum dolor sit amet, consectetur adipisicing elit, sed do eiusmod tempor incididunt ut labore et dolore magna aliqua.\r\n'),
(1915, 50, 0, '@offerListItemDescription_3;', NULL, '\r\nWeb Design\r\n\r\nLorem ipsum dolor sit amet, consectetur adipisicing elit, sed do eiusmod tempor incididunt ut labore et dolore magna aliqua.\r\n'),
(1916, 50, 0, '@offerListItemDescription_4;', NULL, '\r\nWeb Design\r\n\r\nLorem ipsum dolor sit amet, consectetur adipisicing elit, sed do eiusmod tempor incididunt ut labore et dolore magna aliqua.\r\n'),
(1917, 50, 0, '@offerListItemDescription_5;', NULL, '\r\nWeb Design\r\n\r\nLorem ipsum dolor sit amet, consectetur adipisicing elit, sed do eiusmod tempor incididunt ut labore et dolore magna aliqua.\r\n'),
(1918, 50, 0, '@businessOpSectionHeading;', NULL, 'Our Business Opurtunity'),
(1919, 50, 0, '@businessOpSectionDescription;', NULL, '<p>Lorem ipsum dolor sit amet, consectetur adipisicing elit, sed do eiusmod tempor incididunt ut labore et dolore magna aliqua. Ut enim ad minim veniam, quis nostrud exercitation ullamco laboris nisi ut aliquip ex ea commodo consequat. Duis aute irure dolor in reprehenderit in voluptate velit esse cillum dolore eu fugiat nulla pariatur. Excepteur sint occaecat cupidatat non proident, sunt in culpa qui officia deserunt mollit anim id est laborum.</p>'),
(1920, 50, 0, '@businessOpBulletPoint_1;', NULL, 'quis nostrud exercitation ullamco laboris'),
(1921, 50, 0, '@businessOpBulletPoint_2;', NULL, 'quis nostrud exercitation ullamco laboris'),
(1922, 50, 0, '@businessOpBulletPoint_3;', NULL, 'quis nostrud exercitation ullamco laboris'),
(1923, 50, 0, '@bottomSectionHeading;', NULL, 'Recent News'),
(1924, 50, 0, '@bottomSectionBoxDescription_1;', NULL, '\r\nStandard Blog Post\r\n\r\nExcepteur sint occaecat cupidatat non proident, sunt in culpa qui officia deserunt mollit anim id est laborum.\r\nStandard Blog Post\r\n\r\nExcepteur sint occaecat cupidatat non proident, sunt in culpa qui officia deserunt mollit anim id est laborum.\r\n'),
(1925, 50, 0, '@bottomSectionBoxDescription_2;', NULL, '\r\nStandard Blog Post\r\n\r\nExcepteur sint occaecat cupidatat non proident, sunt in culpa qui officia deserunt mollit anim id est laborum.\r\nStandard Blog Post\r\n\r\nExcepteur sint occaecat cupidatat non proident, sunt in culpa qui officia deserunt mollit anim id est laborum.\r\n'),
(1926, 50, 0, '@bottomSectionBoxDescription_3;', NULL, '\r\nStandard Blog Post\r\n\r\nExcepteur sint occaecat cupidatat non proident, sunt in culpa qui officia deserunt mollit anim id est laborum.\r\nStandard Blog Post\r\n\r\nExcepteur sint occaecat cupidatat non proident, sunt in culpa qui officia deserunt mollit anim id est laborum.\r\n'),
(1927, 50, 0, '@bottomSectionDescription;', NULL, '<p>Lorem ipsum dolor sit amet, consectetur adipisicing elit, sed do eiusmod tempor incididunt ut labore et dolore magna aliqua.</p>'),
(1928, 50, 0, '@footerLeftText;', NULL, '<p><em><strong>This is a test contnt</strong></em></p>\r\n'),
(1930, 51, 0, '@siteTitle;', NULL, 'Konnecty&nbsp;'),
(1931, 51, 0, '@contactPageHeading;', NULL, 'CONTACT US'),
(1932, 51, 0, '@contactPageDescription;', NULL, '<p style=\\\"color:#fff\\\">We are Small Team of Creative People working together</p>\r\n'),
(1933, 51, 0, '@phone;', NULL, '<p>+91-98686626626<br />\r\n+91-2484923263</p>\r\n'),
(1934, 51, 0, '@address;', NULL, 'Athirapilly,<br />\r\nThrissur,<br />\r\nAthirapilly P.O.,<br />\r\nPIN 685456\r\n'),
(1935, 51, 0, '@googleMap;', NULL, '<div class=\\\"embed-responsive embed-responsive-16by9\\\">\r\n\r\n<iframe class=\\\"embed-responsive-item\\\" src=\\\"https://www.google.com/maps/embed?pb=!1m18!1m12!1m3!1d31434.452774189114!2d76.27904958891955!3d9.991513042837186!2m3!1f0!2f0!3f0!3m2!1i1024!2i768!4f13.1!3m3!1m2!1s0x3b080d13ee1347b1%3A0x89c9267d1aeeaac4!2sKaloor%2C+Kochi%2C+Kerala!5e0!3m2!1sen!2sin!4v1515836941862\\\"  frameborder=\\\"0\\\" style=\\\"border:0\\\" allowfullscreen></iframe>\r\n\r\n</div>'),
(1936, 51, 0, '@email;', NULL, '<p>info@domain.com<br />\r\nsales@domain.com</p>\r\n'),
(1937, 51, 0, '@footerMenu_1;', NULL, '<p><strong>Lorem Ipsum</strong> is simply dummy text of the printing and typesetting industry. Lorem Ipsum has been the industry&#39;s standard dummy text ever since the 1500s, when an unknown printer took a galley of type and scrambled it to make a type specimen book. It has survived not only five centuries, but also the leap into electron</p>\r\n'),
(1938, 51, 0, '@footerLinksHeading_1;', NULL, 'What is Lorem Ipsum?'),
(1939, 51, 0, '@footerMenuHeading_2;', NULL, 'Quick Links'),
(1940, 51, 0, '@footerRightHeading_1;', NULL, 'Contact Info'),
(1941, 51, 0, '@phoneNumber;', NULL, ' +91 986754232'),
(1942, 51, 0, '@mainHeading_1;', NULL, 'Konnecty CMS is your Business Solution'),
(1943, 51, 0, '@mainDescription_1;', NULL, '<p>Lorem ipsum dolor sit amet, consectetur adipisicing elit, sed do eiusmod tempor incididunt</p>'),
(1944, 51, 0, '@servicesBoxHeading_1;', NULL, 'Business Solution'),
(1945, 51, 0, '@servicesBoxHeading_1;', NULL, 'Business Solution'),
(1946, 51, 0, '@servicesBoxHeading_2;', NULL, 'Business Solution'),
(1947, 51, 0, '@servicesBoxHeading_3;', NULL, 'Business Solution'),
(1948, 51, 0, '@servicesBoxDescription_1;', NULL, 'Lorem ipsum dolor sit amet, consectetur adipisicing elit, sed do eiusmod tempor incididunt'),
(1949, 51, 0, '@servicesBoxDescription_2;', NULL, 'Lorem ipsum dolor sit amet, consectetur adipisicing elit, sed do eiusmod tempor incididunt'),
(1950, 51, 0, '@servicesBoxDescription_3;', NULL, 'Lorem ipsum dolor sit amet, consectetur adipisicing elit, sed do eiusmod tempor incididunt'),
(1951, 51, 0, '@servicesBoxMoreButton_1;', NULL, '<p><a href=\\\"http://google.com\\\">More &gt;&gt; </a></p>\r\n'),
(1952, 51, 0, '@servicesBoxMoreButton_2;', NULL, '<p><a href=\\\"http://google.com\\\">More &gt;&gt; </a></p>\r\n'),
(1953, 51, 0, '@servicesBoxMoreButton_3;', NULL, '<p><a href=\\\"http://google.com\\\">More &gt;&gt; </a></p>\r\n'),
(1954, 51, 0, '@visionBoxHeading_1;', NULL, 'Our Values'),
(1955, 51, 0, '@visionBoxDescription_1;', NULL, '<p>hi</p>'),
(2047, 53, 0, '@logo;', NULL, 'Konnecty Waxom'),
(2048, 53, 0, '@siteTitle;', NULL, 'Konnecty'),
(2049, 53, 0, '@contactPageHeading;', NULL, 'CONTACT US'),
(2050, 53, 0, '@contactPageDescription;', NULL, '<p style=\\\"color:#fff\\\">We are Small Team of Creative People working together</p>\r\n'),
(1956, 51, 0, '@visionBoxDescription_2;', NULL, '<p>Lorem ipsum dolor sit amet, consectetur adipisicing elit, sed do eiusmod tempor incididunt ut labore et dolore magna aliqua. Ut enim ad minim veniam, quis nostrud exercitation ullamco laboris nisi ut aliquip ex ea commodo consequat.</p>'),
(1957, 51, 0, '@visionBoxHeading_2;', NULL, 'Our Philosophy'),
(1958, 51, 0, '@visionBoxDescription_3;', NULL, '<p>Lorem ipsum dolor sit amet, consectetur adipisicing elit, sed do eiusmod tempor incididunt ut labore et dolore magna aliqua. Ut enim ad minim veniam, quis nostrud exercitation ullamco laboris nisi ut aliquip ex ea commodo consequat.</p>'),
(1959, 51, 0, '@visionBoxHeading_3;', NULL, 'Our Mission'),
(1960, 51, 0, '@offerSectionHeading;', NULL, 'What we can offer for you&nbsp;'),
(1961, 51, 0, '@offerSectionDescription;', NULL, '<p>Lorem ipsum dolor sit amet, consectetur adipisicing elit, sed do eiusmod tempor incididunt</p>'),
(1962, 51, 0, '@offerListItemHeading_1;', NULL, '\r\nWeb Design'),
(1963, 51, 0, '@offerListItemIcon_1;', NULL, '<i class=\\\"fa fa-user-circle-o\\\" aria-hidden=\\\"true\\\"></i>'),
(1964, 51, 0, '@offerListItemIcon_2;', NULL, '<i class=\\\"fa fa-user-circle-o\\\" aria-hidden=\\\"true\\\"></i>'),
(1965, 51, 0, '@offerListItemIcon_3;', NULL, '<i class=\\\"fa fa-user-circle-o\\\" aria-hidden=\\\"true\\\"></i>'),
(1966, 51, 0, '@offerListItemIcon_4;', NULL, '<i class=\\\"fa fa-user-circle-o\\\" aria-hidden=\\\"true\\\"></i>'),
(1967, 51, 0, '@offerListItemIcon_5;', NULL, '<i class=\\\"fa fa-user-circle-o\\\" aria-hidden=\\\"true\\\"></i>'),
(1968, 51, 0, '@offerListItemHeading_2;', NULL, '\r\nWeb Design'),
(1969, 51, 0, '@offerListItemHeading_3;', NULL, '\r\nWeb Design'),
(1970, 51, 0, '@offerListItemHeading_4;', NULL, '\r\nWeb Design'),
(1971, 51, 0, '@offerListItemHeading_5;', NULL, '\r\nWeb Design'),
(1972, 51, 0, '@offerListItemDescription_1;', NULL, '\r\nWeb Design\r\n\r\nLorem ipsum dolor sit amet, consectetur adipisicing elit, sed do eiusmod tempor incididunt ut labore et dolore magna aliqua.\r\n'),
(1973, 51, 0, '@offerListItemDescription_2;', NULL, '\r\nWeb Design\r\n\r\nLorem ipsum dolor sit amet, consectetur adipisicing elit, sed do eiusmod tempor incididunt ut labore et dolore magna aliqua.\r\n'),
(1974, 51, 0, '@offerListItemDescription_3;', NULL, '\r\nWeb Design\r\n\r\nLorem ipsum dolor sit amet, consectetur adipisicing elit, sed do eiusmod tempor incididunt ut labore et dolore magna aliqua.\r\n'),
(1975, 51, 0, '@offerListItemDescription_4;', NULL, '\r\nWeb Design\r\n\r\nLorem ipsum dolor sit amet, consectetur adipisicing elit, sed do eiusmod tempor incididunt ut labore et dolore magna aliqua.\r\n'),
(1976, 51, 0, '@offerListItemDescription_5;', NULL, '\r\nWeb Design\r\n\r\nLorem ipsum dolor sit amet, consectetur adipisicing elit, sed do eiusmod tempor incididunt ut labore et dolore magna aliqua.\r\n'),
(1977, 51, 0, '@businessOpSectionHeading;', NULL, 'Our Business Opurtunity'),
(1978, 51, 0, '@businessOpSectionDescription;', NULL, '<p>Lorem ipsum dolor sit amet, consectetur adipisicing elit, sed do eiusmod tempor incididunt ut labore et dolore magna aliqua. Ut enim ad minim veniam, quis nostrud exercitation ullamco laboris nisi ut aliquip ex ea commodo consequat. Duis aute irure dolor in reprehenderit in voluptate velit esse cillum dolore eu fugiat nulla pariatur. Excepteur sint occaecat cupidatat non proident, sunt in culpa qui officia deserunt mollit anim id est laborum.</p>'),
(1979, 51, 0, '@businessOpBulletPoint_1;', NULL, 'quis nostrud exercitation ullamco laboris'),
(1980, 51, 0, '@businessOpBulletPoint_2;', NULL, 'quis nostrud exercitation ullamco laboris'),
(1981, 51, 0, '@businessOpBulletPoint_3;', NULL, 'quis nostrud exercitation ullamco laboris'),
(1982, 51, 0, '@bottomSectionHeading;', NULL, 'Recent News'),
(1983, 51, 0, '@bottomSectionBoxDescription_1;', NULL, '\r\nStandard Blog Post\r\n\r\nExcepteur sint occaecat cupidatat non proident, sunt in culpa qui officia deserunt mollit anim id est laborum.\r\nStandard Blog Post\r\n\r\nExcepteur sint occaecat cupidatat non proident, sunt in culpa qui officia deserunt mollit anim id est laborum.\r\n'),
(1984, 51, 0, '@bottomSectionBoxDescription_2;', NULL, '\r\nStandard Blog Post\r\n\r\nExcepteur sint occaecat cupidatat non proident, sunt in culpa qui officia deserunt mollit anim id est laborum.\r\nStandard Blog Post\r\n\r\nExcepteur sint occaecat cupidatat non proident, sunt in culpa qui officia deserunt mollit anim id est laborum.\r\n'),
(1985, 51, 0, '@bottomSectionBoxDescription_3;', NULL, '\r\nStandard Blog Post\r\n\r\nExcepteur sint occaecat cupidatat non proident, sunt in culpa qui officia deserunt mollit anim id est laborum.\r\nStandard Blog Post\r\n\r\nExcepteur sint occaecat cupidatat non proident, sunt in culpa qui officia deserunt mollit anim id est laborum.\r\n'),
(1986, 51, 0, '@bottomSectionDescription;', NULL, '<p>Lorem ipsum dolor sit amet, consectetur adipisicing elit, sed do eiusmod tempor incididunt ut labore et dolore magna aliqua.</p>'),
(1987, 51, 0, '@footerLeftText;', NULL, '<p><em><strong>This is a test contnt</strong></em></p>\r\n'),
(1988, 52, 0, '@logo;', NULL, 'Konnecty Waxom'),
(1989, 52, 0, '@siteTitle;', NULL, 'Konnecty'),
(1990, 52, 0, '@contactPageHeading;', NULL, 'CONTACT US'),
(1991, 52, 0, '@contactPageDescription;', NULL, '<p style=\\\"color:#fff\\\">We are Small Team of Creative People working together</p>\r\n'),
(1992, 52, 0, '@phone;', NULL, '<p>+91-98686626626<br />\r\n+91-2484923263</p>\r\n'),
(1993, 52, 0, '@address;', NULL, 'Athirapilly,<br />\r\nThrissur,<br />\r\nAthirapilly P.O.,<br />\r\nPIN 685456\r\n'),
(1994, 52, 0, '@googleMap;', NULL, '<div class=\\\"embed-responsive embed-responsive-16by9\\\">\r\n\r\n<iframe class=\\\"embed-responsive-item\\\" src=\\\"https://www.google.com/maps/embed?pb=!1m18!1m12!1m3!1d31434.452774189114!2d76.27904958891955!3d9.991513042837186!2m3!1f0!2f0!3f0!3m2!1i1024!2i768!4f13.1!3m3!1m2!1s0x3b080d13ee1347b1%3A0x89c9267d1aeeaac4!2sKaloor%2C+Kochi%2C+Kerala!5e0!3m2!1sen!2sin!4v1515836941862\\\"  frameborder=\\\"0\\\" style=\\\"border:0\\\" allowfullscreen></iframe>\r\n\r\n</div>'),
(1995, 52, 0, '@email;', NULL, '<p>info@domain.com<br />\r\nsales@domain.com</p>\r\n'),
(1996, 52, 0, '@footerMenu_1;', NULL, '<p><strong>Lorem Ipsum</strong> is simply dummy text of the printing and typesetting industry. Lorem Ipsum has been the industry&#39;s standard dummy text ever since the 1500s, when an unknown printer took a galley of type and scrambled it to make a type specimen book. It has survived not only five centuries, but also the leap into electron</p>\r\n'),
(1997, 52, 0, '@footerLinksHeading_1;', NULL, 'What is Lorem Ipsum?'),
(1998, 52, 0, '@footerMenuHeading_2;', NULL, 'Quick Links'),
(1999, 52, 0, '@footerRightHeading_1;', NULL, 'Contact Info'),
(2000, 52, 0, '@phoneNumber;', NULL, ' +91 986754232'),
(2001, 52, 0, '@mainHeading_1;', NULL, 'Konnecty CMS is your Business Solution'),
(2002, 52, 0, '@mainDescription_1;', NULL, '<p>Lorem ipsum dolor sit amet, consectetur adipisicing elit, sed do eiusmod tempor incididunt</p>'),
(2003, 52, 0, '@servicesBoxHeading_1;', NULL, 'Business Solution'),
(2004, 52, 0, '@servicesBoxHeading_1;', NULL, 'Business Solution'),
(2005, 52, 0, '@servicesBoxHeading_2;', NULL, 'Business Solution'),
(2006, 52, 0, '@servicesBoxHeading_3;', NULL, 'Business Solution'),
(2007, 52, 0, '@servicesBoxDescription_1;', NULL, 'Lorem ipsum dolor sit amet, consectetur adipisicing elit, sed do eiusmod tempor incididunt'),
(2008, 52, 0, '@servicesBoxDescription_2;', NULL, 'Lorem ipsum dolor sit amet, consectetur adipisicing elit, sed do eiusmod tempor incididunt'),
(2009, 52, 0, '@servicesBoxDescription_3;', NULL, 'Lorem ipsum dolor sit amet, consectetur adipisicing elit, sed do eiusmod tempor incididunt'),
(2010, 52, 0, '@servicesBoxMoreButton_1;', NULL, '<p><a href=\\\"http://google.com\\\">More &gt;&gt; </a></p>\r\n'),
(2011, 52, 0, '@servicesBoxMoreButton_2;', NULL, '<p><a href=\\\"http://google.com\\\">More &gt;&gt; </a></p>\r\n'),
(2012, 52, 0, '@servicesBoxMoreButton_3;', NULL, '<p><a href=\\\"http://google.com\\\">More &gt;&gt; </a></p>\r\n'),
(2013, 52, 0, '@visionBoxHeading_1;', NULL, 'Our Values'),
(2014, 52, 0, '@visionBoxDescription_1;', NULL, '<p>Lorem ipsum dolor sit amet, consectetur adipisicing elit, sed do eiusmod tempor incididunt ut labore et dolore magna aliqua. Ut enim ad minim veniam, quis nostrud exercitation ullamco laboris nisi ut aliquip ex ea commodo consequat.</p>'),
(2015, 52, 0, '@visionBoxDescription_2;', NULL, '<p>Lorem ipsum dolor sit amet, consectetur adipisicing elit, sed do eiusmod tempor incididunt ut labore et dolore magna aliqua. Ut enim ad minim veniam, quis nostrud exercitation ullamco laboris nisi ut aliquip ex ea commodo consequat.</p>'),
(2016, 52, 0, '@visionBoxHeading_2;', NULL, 'Our Philosophy'),
(2017, 52, 0, '@visionBoxDescription_3;', NULL, '<p>Lorem ipsum dolor sit amet, consectetur adipisicing elit, sed do eiusmod tempor incididunt ut labore et dolore magna aliqua. Ut enim ad minim veniam, quis nostrud exercitation ullamco laboris nisi ut aliquip ex ea commodo consequat.</p>'),
(2018, 52, 0, '@visionBoxHeading_3;', NULL, 'Our Mission'),
(2019, 52, 0, '@offerSectionHeading;', NULL, 'What we can offer for you ?'),
(2020, 52, 0, '@offerSectionDescription;', NULL, '<p>Lorem ipsum dolor sit amet, consectetur adipisicing elit, sed do eiusmod tempor incididunt</p>'),
(2021, 52, 0, '@offerListItemHeading_1;', NULL, '\r\nWeb Design'),
(2022, 52, 0, '@offerListItemIcon_1;', NULL, '<i class=\\\"fa fa-user-circle-o\\\" aria-hidden=\\\"true\\\"></i>'),
(2023, 52, 0, '@offerListItemIcon_2;', NULL, '<i class=\\\"fa fa-user-circle-o\\\" aria-hidden=\\\"true\\\"></i>'),
(2024, 52, 0, '@offerListItemIcon_3;', NULL, '<i class=\\\"fa fa-user-circle-o\\\" aria-hidden=\\\"true\\\"></i>'),
(2025, 52, 0, '@offerListItemIcon_4;', NULL, '<i class=\\\"fa fa-user-circle-o\\\" aria-hidden=\\\"true\\\"></i>'),
(2026, 52, 0, '@offerListItemIcon_5;', NULL, '<i class=\\\"fa fa-user-circle-o\\\" aria-hidden=\\\"true\\\"></i>'),
(2027, 52, 0, '@offerListItemHeading_2;', NULL, '\r\nWeb Design'),
(2028, 52, 0, '@offerListItemHeading_3;', NULL, '\r\nWeb Design'),
(2029, 52, 0, '@offerListItemHeading_4;', NULL, '\r\nWeb Design'),
(2030, 52, 0, '@offerListItemHeading_5;', NULL, '\r\nWeb Design'),
(2031, 52, 0, '@offerListItemDescription_1;', NULL, '\r\nWeb Design\r\n\r\nLorem ipsum dolor sit amet, consectetur adipisicing elit, sed do eiusmod tempor incididunt ut labore et dolore magna aliqua.\r\n'),
(2032, 52, 0, '@offerListItemDescription_2;', NULL, '\r\nWeb Design\r\n\r\nLorem ipsum dolor sit amet, consectetur adipisicing elit, sed do eiusmod tempor incididunt ut labore et dolore magna aliqua.\r\n'),
(2033, 52, 0, '@offerListItemDescription_3;', NULL, '\r\nWeb Design\r\n\r\nLorem ipsum dolor sit amet, consectetur adipisicing elit, sed do eiusmod tempor incididunt ut labore et dolore magna aliqua.\r\n'),
(2034, 52, 0, '@offerListItemDescription_4;', NULL, '\r\nWeb Design\r\n\r\nLorem ipsum dolor sit amet, consectetur adipisicing elit, sed do eiusmod tempor incididunt ut labore et dolore magna aliqua.\r\n'),
(2035, 52, 0, '@offerListItemDescription_5;', NULL, '\r\nWeb Design\r\n\r\nLorem ipsum dolor sit amet, consectetur adipisicing elit, sed do eiusmod tempor incididunt ut labore et dolore magna aliqua.\r\n'),
(2036, 52, 0, '@businessOpSectionHeading;', NULL, 'Our Business Opurtunity'),
(2037, 52, 0, '@businessOpSectionDescription;', NULL, '<p>Lorem ipsum dolor sit amet, consectetur adipisicing elit, sed do eiusmod tempor incididunt ut labore et dolore magna aliqua. Ut enim ad minim veniam, quis nostrud exercitation ullamco laboris nisi ut aliquip ex ea commodo consequat. Duis aute irure dolor in reprehenderit in voluptate velit esse cillum dolore eu fugiat nulla pariatur. Excepteur sint occaecat cupidatat non proident, sunt in culpa qui officia deserunt mollit anim id est laborum.</p>'),
(2038, 52, 0, '@businessOpBulletPoint_1;', NULL, 'quis nostrud exercitation ullamco laboris'),
(2039, 52, 0, '@businessOpBulletPoint_2;', NULL, 'quis nostrud exercitation ullamco laboris'),
(2040, 52, 0, '@businessOpBulletPoint_3;', NULL, 'quis nostrud exercitation ullamco laboris'),
(2041, 52, 0, '@bottomSectionHeading;', NULL, 'Recent News'),
(2042, 52, 0, '@bottomSectionBoxDescription_1;', NULL, '\r\nStandard Blog Post\r\n\r\nExcepteur sint occaecat cupidatat non proident, sunt in culpa qui officia deserunt mollit anim id est laborum.\r\nStandard Blog Post\r\n\r\nExcepteur sint occaecat cupidatat non proident, sunt in culpa qui officia deserunt mollit anim id est laborum.\r\n'),
(2043, 52, 0, '@bottomSectionBoxDescription_2;', NULL, '\r\nStandard Blog Post\r\n\r\nExcepteur sint occaecat cupidatat non proident, sunt in culpa qui officia deserunt mollit anim id est laborum.\r\nStandard Blog Post\r\n\r\nExcepteur sint occaecat cupidatat non proident, sunt in culpa qui officia deserunt mollit anim id est laborum.\r\n'),
(2044, 52, 0, '@bottomSectionBoxDescription_3;', NULL, '\r\nStandard Blog Post\r\n\r\nExcepteur sint occaecat cupidatat non proident, sunt in culpa qui officia deserunt mollit anim id est laborum.\r\nStandard Blog Post\r\n\r\nExcepteur sint occaecat cupidatat non proident, sunt in culpa qui officia deserunt mollit anim id est laborum.\r\n'),
(2045, 52, 0, '@bottomSectionDescription;', NULL, '<p>Lorem ipsum dolor sit amet, consectetur adipisicing elit, sed do eiusmod tempor incididunt ut labore et dolore magna aliqua.</p>'),
(2046, 52, 0, '@footerLeftText;', NULL, '<p><em><strong>This is a test contnt</strong></em></p>\r\n'),
(2051, 53, 0, '@phone;', NULL, '<p>+91-98686626626<br />\r\n+91-2484923263</p>\r\n'),
(2052, 53, 0, '@address;', NULL, 'Athirapilly,<br />\r\nThrissur,<br />\r\nAthirapilly P.O.,<br />\r\nPIN 685456\r\n'),
(2053, 53, 0, '@googleMap;', NULL, '<div class=\\\"embed-responsive embed-responsive-16by9\\\">\r\n\r\n<iframe class=\\\"embed-responsive-item\\\" src=\\\"https://www.google.com/maps/embed?pb=!1m18!1m12!1m3!1d31434.452774189114!2d76.27904958891955!3d9.991513042837186!2m3!1f0!2f0!3f0!3m2!1i1024!2i768!4f13.1!3m3!1m2!1s0x3b080d13ee1347b1%3A0x89c9267d1aeeaac4!2sKaloor%2C+Kochi%2C+Kerala!5e0!3m2!1sen!2sin!4v1515836941862\\\"  frameborder=\\\"0\\\" style=\\\"border:0\\\" allowfullscreen></iframe>\r\n\r\n</div>'),
(2054, 53, 0, '@email;', NULL, '<p>info@domain.com<br />\r\nsales@domain.com</p>\r\n'),
(2055, 53, 0, '@footerMenu_1;', NULL, '<p><strong>Lorem Ipsum</strong> is simply dummy text of the printing and typesetting industry. Lorem Ipsum has been the industry&#39;s standard dummy text ever since the 1500s, when an unknown printer took a galley of type and scrambled it to make a type specimen book. It has survived not only five centuries, but also the leap into electron</p>\r\n'),
(2056, 53, 0, '@footerLinksHeading_1;', NULL, 'What is Lorem Ipsum?'),
(2057, 53, 0, '@footerMenuHeading_2;', NULL, 'Quick Links'),
(2058, 53, 0, '@footerRightHeading_1;', NULL, 'Contact Info'),
(2059, 53, 0, '@phoneNumber;', NULL, ' +91 986754232'),
(2060, 53, 0, '@mainHeading_1;', NULL, 'Konnecty CMS is your Business Solution'),
(2061, 53, 0, '@mainDescription_1;', NULL, '<p>Lorem ipsum dolor sit amet, consectetur adipisicing elit, sed do eiusmod tempor incididunt</p>'),
(2062, 53, 0, '@servicesBoxHeading_1;', NULL, 'Business Solution'),
(2063, 53, 0, '@servicesBoxHeading_1;', NULL, 'Business Solution'),
(2064, 53, 0, '@servicesBoxHeading_2;', NULL, 'Business Solution'),
(2065, 53, 0, '@servicesBoxHeading_3;', NULL, 'Business Solution'),
(2066, 53, 0, '@servicesBoxDescription_1;', NULL, 'Lorem ipsum dolor sit amet, consectetur adipisicing elit, sed do eiusmod tempor incididunt'),
(2067, 53, 0, '@servicesBoxDescription_2;', NULL, 'Lorem ipsum dolor sit amet, consectetur adipisicing elit, sed do eiusmod tempor incididunt'),
(2068, 53, 0, '@servicesBoxDescription_3;', NULL, 'Lorem ipsum dolor sit amet, consectetur adipisicing elit, sed do eiusmod tempor incididunt'),
(2069, 53, 0, '@servicesBoxMoreButton_1;', NULL, '<p><a href=\\\"http://google.com\\\">More &gt;&gt; </a></p>\r\n'),
(2070, 53, 0, '@servicesBoxMoreButton_2;', NULL, '<p><a href=\\\"http://google.com\\\">More &gt;&gt; </a></p>\r\n'),
(2071, 53, 0, '@servicesBoxMoreButton_3;', NULL, '<p><a href=\\\"http://google.com\\\">More &gt;&gt; </a></p>\r\n'),
(2072, 53, 0, '@visionBoxHeading_1;', NULL, 'Our Values'),
(2073, 53, 0, '@visionBoxDescription_1;', NULL, '<p>Lorem ipsum dolor sit amet, consectetur adipisicing elit, sed do eiusmod tempor incididunt ut labore et dolore magna aliqua. Ut enim ad minim veniam, quis nostrud exercitation ullamco laboris nisi ut aliquip ex ea commodo consequat.</p>'),
(2074, 53, 0, '@visionBoxDescription_2;', NULL, '<p>Lorem ipsum dolor sit amet, consectetur adipisicing elit, sed do eiusmod tempor incididunt ut labore et dolore magna aliqua. Ut enim ad minim veniam, quis nostrud exercitation ullamco laboris nisi ut aliquip ex ea commodo consequat.</p>'),
(2075, 53, 0, '@visionBoxHeading_2;', NULL, 'Our Philosophy'),
(2076, 53, 0, '@visionBoxDescription_3;', NULL, '<p>Lorem ipsum dolor sit amet, consectetur adipisicing elit, sed do eiusmod tempor incididunt ut labore et dolore magna aliqua. Ut enim ad minim veniam, quis nostrud exercitation ullamco laboris nisi ut aliquip ex ea commodo consequat.</p>'),
(2077, 53, 0, '@visionBoxHeading_3;', NULL, 'Our Mission'),
(2078, 53, 0, '@offerSectionHeading;', NULL, 'What we can offer for you ?'),
(2079, 53, 0, '@offerSectionDescription;', NULL, '<p>Lorem ipsum dolor sit amet, consectetur adipisicing elit, sed do eiusmod tempor incididunt</p>'),
(2080, 53, 0, '@offerListItemHeading_1;', NULL, '\r\nWeb Design'),
(2081, 53, 0, '@offerListItemIcon_1;', NULL, '<i class=\\\"fa fa-user-circle-o\\\" aria-hidden=\\\"true\\\"></i>'),
(2082, 53, 0, '@offerListItemIcon_2;', NULL, '<i class=\\\"fa fa-user-circle-o\\\" aria-hidden=\\\"true\\\"></i>'),
(2083, 53, 0, '@offerListItemIcon_3;', NULL, '<i class=\\\"fa fa-user-circle-o\\\" aria-hidden=\\\"true\\\"></i>'),
(2084, 53, 0, '@offerListItemIcon_4;', NULL, '<i class=\\\"fa fa-user-circle-o\\\" aria-hidden=\\\"true\\\"></i>'),
(2085, 53, 0, '@offerListItemIcon_5;', NULL, '<i class=\\\"fa fa-user-circle-o\\\" aria-hidden=\\\"true\\\"></i>'),
(2086, 53, 0, '@offerListItemHeading_2;', NULL, '\r\nWeb Design'),
(2087, 53, 0, '@offerListItemHeading_3;', NULL, '\r\nWeb Design'),
(2088, 53, 0, '@offerListItemHeading_4;', NULL, '\r\nWeb Design'),
(2089, 53, 0, '@offerListItemHeading_5;', NULL, '\r\nWeb Design'),
(2090, 53, 0, '@offerListItemDescription_1;', NULL, '\r\nWeb Design\r\n\r\nLorem ipsum dolor sit amet, consectetur adipisicing elit, sed do eiusmod tempor incididunt ut labore et dolore magna aliqua.\r\n'),
(2091, 53, 0, '@offerListItemDescription_2;', NULL, '\r\nWeb Design\r\n\r\nLorem ipsum dolor sit amet, consectetur adipisicing elit, sed do eiusmod tempor incididunt ut labore et dolore magna aliqua.\r\n'),
(2092, 53, 0, '@offerListItemDescription_3;', NULL, '\r\nWeb Design\r\n\r\nLorem ipsum dolor sit amet, consectetur adipisicing elit, sed do eiusmod tempor incididunt ut labore et dolore magna aliqua.\r\n'),
(2093, 53, 0, '@offerListItemDescription_4;', NULL, '\r\nWeb Design\r\n\r\nLorem ipsum dolor sit amet, consectetur adipisicing elit, sed do eiusmod tempor incididunt ut labore et dolore magna aliqua.\r\n'),
(2094, 53, 0, '@offerListItemDescription_5;', NULL, '\r\nWeb Design\r\n\r\nLorem ipsum dolor sit amet, consectetur adipisicing elit, sed do eiusmod tempor incididunt ut labore et dolore magna aliqua.\r\n'),
(2095, 53, 0, '@businessOpSectionHeading;', NULL, 'Our Business Opurtunity');
INSERT INTO `contents` (`id_content`, `id_site`, `id_page`, `component_id`, `content_type`, `content`) VALUES
(2096, 53, 0, '@businessOpSectionDescription;', NULL, '<p>Lorem ipsum dolor sit amet, consectetur adipisicing elit, sed do eiusmod tempor incididunt ut labore et dolore magna aliqua. Ut enim ad minim veniam, quis nostrud exercitation ullamco laboris nisi ut aliquip ex ea commodo consequat. Duis aute irure dolor in reprehenderit in voluptate velit esse cillum dolore eu fugiat nulla pariatur. Excepteur sint occaecat cupidatat non proident, sunt in culpa qui officia deserunt mollit anim id est laborum.</p>'),
(2097, 53, 0, '@businessOpBulletPoint_1;', NULL, 'quis nostrud exercitation ullamco laboris'),
(2098, 53, 0, '@businessOpBulletPoint_2;', NULL, 'quis nostrud exercitation ullamco laboris'),
(2099, 53, 0, '@businessOpBulletPoint_3;', NULL, 'quis nostrud exercitation ullamco laboris'),
(2100, 53, 0, '@bottomSectionHeading;', NULL, 'Recent News'),
(2101, 53, 0, '@bottomSectionBoxDescription_1;', NULL, '\r\nStandard Blog Post\r\n\r\nExcepteur sint occaecat cupidatat non proident, sunt in culpa qui officia deserunt mollit anim id est laborum.\r\nStandard Blog Post\r\n\r\nExcepteur sint occaecat cupidatat non proident, sunt in culpa qui officia deserunt mollit anim id est laborum.\r\n'),
(2102, 53, 0, '@bottomSectionBoxDescription_2;', NULL, '\r\nStandard Blog Post\r\n\r\nExcepteur sint occaecat cupidatat non proident, sunt in culpa qui officia deserunt mollit anim id est laborum.\r\nStandard Blog Post\r\n\r\nExcepteur sint occaecat cupidatat non proident, sunt in culpa qui officia deserunt mollit anim id est laborum.\r\n'),
(2103, 53, 0, '@bottomSectionBoxDescription_3;', NULL, '\r\nStandard Blog Post\r\n\r\nExcepteur sint occaecat cupidatat non proident, sunt in culpa qui officia deserunt mollit anim id est laborum.\r\nStandard Blog Post\r\n\r\nExcepteur sint occaecat cupidatat non proident, sunt in culpa qui officia deserunt mollit anim id est laborum.\r\n'),
(2104, 53, 0, '@bottomSectionDescription;', NULL, '<p>Lorem ipsum dolor sit amet, consectetur adipisicing elit, sed do eiusmod tempor incididunt ut labore et dolore magna aliqua.</p>'),
(2105, 53, 0, '@footerLeftText;', NULL, '<p><em><strong>This is a test contnt</strong></em></p>\r\n'),
(2107, 54, 0, '@contactPageHeading;', NULL, 'CONTACT US'),
(2108, 54, 0, '@contactPageDescription;', NULL, '<p style=\\\"color:#fff\\\">We are Small Team of Creative People working together</p>\r\n'),
(2109, 54, 0, '@phone;', NULL, '<p>+91-98686626626<br />\r\n+91-2484923263</p>\r\n'),
(2110, 54, 0, '@address;', NULL, 'Athirapilly,<br />\r\nThrissur,<br />\r\nAthirapilly P.O.,<br />\r\nPIN 685456\r\n'),
(2111, 54, 0, '@googleMap;', NULL, '<div class=\\\"embed-responsive embed-responsive-16by9\\\">\r\n\r\n<iframe class=\\\"embed-responsive-item\\\" src=\\\"https://www.google.com/maps/embed?pb=!1m18!1m12!1m3!1d31434.452774189114!2d76.27904958891955!3d9.991513042837186!2m3!1f0!2f0!3f0!3m2!1i1024!2i768!4f13.1!3m3!1m2!1s0x3b080d13ee1347b1%3A0x89c9267d1aeeaac4!2sKaloor%2C+Kochi%2C+Kerala!5e0!3m2!1sen!2sin!4v1515836941862\\\"  frameborder=\\\"0\\\" style=\\\"border:0\\\" allowfullscreen></iframe>\r\n\r\n</div>'),
(2112, 54, 0, '@email;', NULL, '<p>info@domain.com<br />\r\nsales@domain.com</p>\r\n'),
(2113, 54, 0, '@footerMenu_1;', NULL, '<p><strong>Lorem Ipsum</strong> is simply dummy text of the printing and typesetting industry. Lorem Ipsum has been the industry&#39;s standard dummy text ever since the 1500s, when an unknown printer took a galley of type and scrambled it to make a type specimen book. It has survived not only five centuries, but also the leap into electron</p>\r\n'),
(2114, 54, 0, '@footerLinksHeading_1;', NULL, 'What is Lorem Ipsum?'),
(2115, 54, 0, '@footerMenuHeading_2;', NULL, 'Quick Links'),
(2116, 54, 0, '@footerRightHeading_1;', NULL, 'Contact Info'),
(2117, 54, 0, '@phoneNumber;', NULL, ' +91 986754232'),
(2118, 54, 0, '@mainHeading_1;', NULL, 'Konnecty Business solutions<br>'),
(2119, 54, 0, '@mainDescription_1;', NULL, '<p>Lorem ipsum dolor sit amet, consectetur adipisicing elit, sed do eiusmod tempor incididunt</p>'),
(2120, 54, 0, '@servicesBoxHeading_1;', NULL, 'Business Solution'),
(2121, 54, 0, '@servicesBoxHeading_1;', NULL, 'Business Solution'),
(2122, 54, 0, '@servicesBoxHeading_2;', NULL, 'Business Solution'),
(2123, 54, 0, '@servicesBoxHeading_3;', NULL, 'Business Solution'),
(2124, 54, 0, '@servicesBoxDescription_1;', NULL, 'Lorem ipsum dolor sit amet, consectetur adipisicing elit, sed do eiusmod tempor incididunt'),
(2125, 54, 0, '@servicesBoxDescription_2;', NULL, 'Lorem ipsum dolor sit amet, consectetur adipisicing elit, sed do eiusmod tempor incididunt'),
(2126, 54, 0, '@servicesBoxDescription_3;', NULL, 'Lorem ipsum dolor sit amet, consectetur adipisicing elit, sed do eiusmod tempor incididunt'),
(2127, 54, 0, '@servicesBoxMoreButton_1;', NULL, '<p><a href=\\\"http://google.com\\\">More &gt;&gt; </a></p>\r\n'),
(2128, 54, 0, '@servicesBoxMoreButton_2;', NULL, '<p><a href=\\\"http://google.com\\\">More &gt;&gt; </a></p>\r\n'),
(2129, 54, 0, '@servicesBoxMoreButton_3;', NULL, '<p><a href=\\\"http://google.com\\\">More &gt;&gt; </a></p>\r\n'),
(2130, 54, 0, '@visionBoxHeading_1;', NULL, 'Our Values'),
(2131, 54, 0, '@visionBoxDescription_1;', NULL, '<p>Lorem ipsum dolor sit amet, consectetur adipisicing elit, sed do eiusmod tempor incididunt ut labore et dolore magna aliqua. Ut enim ad minim veniam, quis nostrud exercitation ullamco laboris nisi ut aliquip ex ea commodo consequat.</p>'),
(2132, 54, 0, '@visionBoxDescription_2;', NULL, '<p>Lorem ipsum dolor sit amet, consectetur adipisicing elit, sed do eiusmod tempor incididunt ut labore et dolore magna aliqua. Ut enim ad minim veniam, quis nostrud exercitation ullamco laboris nisi ut aliquip ex ea commodo consequat.</p>'),
(2133, 54, 0, '@visionBoxHeading_2;', NULL, 'Our Philosophy'),
(2134, 54, 0, '@visionBoxDescription_3;', NULL, '<p>Lorem ipsum dolor sit amet, consectetur adipisicing elit, sed do eiusmod tempor incididunt ut labore et dolore magna aliqua. Ut enim ad minim veniam, quis nostrud exercitation ullamco laboris nisi ut aliquip ex ea commodo consequat.</p>'),
(2135, 54, 0, '@visionBoxHeading_3;', NULL, 'Our Mission'),
(2136, 54, 0, '@offerSectionHeading;', NULL, 'What we can offer for you ?'),
(2137, 54, 0, '@offerSectionDescription;', NULL, '<p>Lorem ipsum dolor sit amet, consectetur adipisicing elit, sed do eiusmod tempor incididunt</p>'),
(2138, 54, 0, '@offerListItemHeading_1;', NULL, '\r\nWeb Design'),
(2139, 54, 0, '@offerListItemIcon_1;', NULL, '<i class=\\\"fa fa-user-circle-o\\\" aria-hidden=\\\"true\\\"></i>'),
(2140, 54, 0, '@offerListItemIcon_2;', NULL, '<i class=\\\"fa fa-user-circle-o\\\" aria-hidden=\\\"true\\\"></i>'),
(2141, 54, 0, '@offerListItemIcon_3;', NULL, '<i class=\\\"fa fa-user-circle-o\\\" aria-hidden=\\\"true\\\"></i>'),
(2142, 54, 0, '@offerListItemIcon_4;', NULL, '<i class=\\\"fa fa-user-circle-o\\\" aria-hidden=\\\"true\\\"></i>'),
(2143, 54, 0, '@offerListItemIcon_5;', NULL, '*<br>'),
(2164, 55, 0, '@logo;', NULL, 'Konnecty Waxom'),
(2144, 54, 0, '@offerListItemHeading_2;', NULL, '\r\nWeb Design'),
(2145, 54, 0, '@offerListItemHeading_3;', NULL, '\r\nWeb Design'),
(2146, 54, 0, '@offerListItemHeading_4;', NULL, '\r\nWeb Design'),
(2147, 54, 0, '@offerListItemHeading_5;', NULL, '\r\nWeb Design'),
(2148, 54, 0, '@offerListItemDescription_1;', NULL, '\r\nWeb Design\r\n\r\nLorem ipsum dolor sit amet, consectetur adipisicing elit, sed do eiusmod tempor incididunt ut labore et dolore magna aliqua.\r\n'),
(2149, 54, 0, '@offerListItemDescription_2;', NULL, '\r\nWeb Design\r\n\r\nLorem ipsum dolor sit amet, consectetur adipisicing elit, sed do eiusmod tempor incididunt ut labore et dolore magna aliqua.\r\n'),
(2150, 54, 0, '@offerListItemDescription_3;', NULL, '\r\nWeb Design\r\n\r\nLorem ipsum dolor sit amet, consectetur adipisicing elit, sed do eiusmod tempor incididunt ut labore et dolore magna aliqua.\r\n'),
(2151, 54, 0, '@offerListItemDescription_4;', NULL, '\r\nWeb Design\r\n\r\nLorem ipsum dolor sit amet, consectetur adipisicing elit, sed do eiusmod tempor incididunt ut labore et dolore magna aliqua.\r\n'),
(2152, 54, 0, '@offerListItemDescription_5;', NULL, '\r\nWeb Design\r\n\r\nLorem ipsum dolor sit amet, consectetur adipisicing elit, sed do eiusmod tempor incididunt ut labore et dolore magna aliqua.\r\n'),
(2153, 54, 0, '@businessOpSectionHeading;', NULL, 'Our Business Opurtunity'),
(2154, 54, 0, '@businessOpSectionDescription;', NULL, '<p>Lorem ipsum dolor sit amet, consectetur adipisicing elit, sed do eiusmod tempor incididunt ut labore et dolore magna aliqua. Ut enim ad minim veniam, quis nostrud exercitation ullamco laboris nisi ut aliquip ex ea commodo consequat. Duis aute irure dolor in reprehenderit in voluptate velit esse cillum dolore eu fugiat nulla pariatur. Excepteur sint occaecat cupidatat non proident, sunt in culpa qui officia deserunt mollit anim id est laborum.</p>'),
(2155, 54, 0, '@businessOpBulletPoint_1;', NULL, 'quis nostrud exercitation ullamco laboris'),
(2156, 54, 0, '@businessOpBulletPoint_2;', NULL, 'quis nostrud exercitation ullamco laboris'),
(2157, 54, 0, '@businessOpBulletPoint_3;', NULL, 'quis nostrud exercitation ullamco laboris'),
(2158, 54, 0, '@bottomSectionHeading;', NULL, 'Recent News'),
(2159, 54, 0, '@bottomSectionBoxDescription_1;', NULL, '\r\nStandard Blog Post\r\n\r\nExcepteur sint occaecat cupidatat non proident, sunt in culpa qui officia deserunt mollit anim id est laborum.\r\nStandard Blog Post\r\n\r\nExcepteur sint occaecat cupidatat non proident, sunt in culpa qui officia deserunt mollit anim id est laborum.\r\n'),
(2160, 54, 0, '@bottomSectionBoxDescription_2;', NULL, '\r\nStandard Blog Post\r\n\r\nExcepteur sint occaecat cupidatat non proident, sunt in culpa qui officia deserunt mollit anim id est laborum.\r\nStandard Blog Post\r\n\r\nExcepteur sint occaecat cupidatat non proident, sunt in culpa qui officia deserunt mollit anim id est laborum.\r\n'),
(2161, 54, 0, '@bottomSectionBoxDescription_3;', NULL, '\r\nStandard Blog Post\r\n\r\nExcepteur sint occaecat cupidatat non proident, sunt in culpa qui officia deserunt mollit anim id est laborum.\r\nStandard Blog Post\r\n\r\nExcepteur sint occaecat cupidatat non proident, sunt in culpa qui officia deserunt mollit anim id est laborum.\r\n'),
(2162, 54, 0, '@bottomSectionDescription;', NULL, '<p>Lorem ipsum dolor sit amet, consectetur adipisicing elit, sed do eiusmod tempor incididunt ut labore et dolore magna aliqua.</p>'),
(2163, 54, 0, '@footerLeftText;', NULL, '<p><em><strong>This is a test contnt</strong></em></p>\r\n'),
(2165, 55, 0, '@contactPageHeading;', NULL, 'CONTACT US'),
(2166, 55, 0, '@contactPageDescription;', NULL, '<p style=\\\"color:#fff\\\">We are Small Team of Creative People working together</p>\r\n'),
(2167, 55, 0, '@phone;', NULL, '<p>+91-98686626626<br />\r\n+91-2484923263</p>\r\n'),
(2168, 55, 0, '@address;', NULL, 'Athirapilly,<br />\r\nThrissur,<br />\r\nAthirapilly P.O.,<br />\r\nPIN 685456\r\n'),
(2169, 55, 0, '@googleMap;', NULL, '<div class=\\\"embed-responsive embed-responsive-16by9\\\">\r\n\r\n<iframe class=\\\"embed-responsive-item\\\" src=\\\"https://www.google.com/maps/embed?pb=!1m18!1m12!1m3!1d31434.452774189114!2d76.27904958891955!3d9.991513042837186!2m3!1f0!2f0!3f0!3m2!1i1024!2i768!4f13.1!3m3!1m2!1s0x3b080d13ee1347b1%3A0x89c9267d1aeeaac4!2sKaloor%2C+Kochi%2C+Kerala!5e0!3m2!1sen!2sin!4v1515836941862\\\"  frameborder=\\\"0\\\" style=\\\"border:0\\\" allowfullscreen></iframe>\r\n\r\n</div>'),
(2170, 55, 0, '@email;', NULL, '<p>info@domain.com<br />\r\nsales@domain.com</p>\r\n'),
(2171, 55, 0, '@footerMenu_1;', NULL, '<p><strong>Lorem Ipsum</strong> is simply dummy text of the printing and typesetting industry. Lorem Ipsum has been the industry&#39;s standard dummy text ever since the 1500s, when an unknown printer took a galley of type and scrambled it to make a type specimen book. It has survived not only five centuries, but also the leap into electron</p>\r\n'),
(2172, 55, 0, '@footerLinksHeading_1;', NULL, 'What is Lorem Ipsum?'),
(2173, 55, 0, '@footerMenuHeading_2;', NULL, 'Quick Links'),
(2174, 55, 0, '@footerRightHeading_1;', NULL, 'Contact Info'),
(2175, 55, 0, '@phoneNumber;', NULL, ' +91 986754232'),
(2176, 55, 0, '@mainHeading_1;', NULL, 'Noble Mathew<br>'),
(2177, 55, 0, '@mainDescription_1;', NULL, '<p>Lorem ipsum dolor sit amet, consectetur adipisicing elit, sed do eiusmod tempor incididunt</p>'),
(2178, 55, 0, '@servicesBoxHeading_1;', NULL, 'Business Solution'),
(2179, 55, 0, '@servicesBoxHeading_1;', NULL, 'Business Solution'),
(2180, 55, 0, '@servicesBoxHeading_2;', NULL, 'Business Solution'),
(2181, 55, 0, '@servicesBoxHeading_3;', NULL, 'Business Solution'),
(2182, 55, 0, '@servicesBoxDescription_1;', NULL, 'Lorem ipsum dolor sit amet, consectetur adipisicing elit, sed do eiusmod tempor incididunt'),
(2183, 55, 0, '@servicesBoxDescription_2;', NULL, 'Lorem ipsum dolor sit amet, consectetur adipisicing elit, sed do eiusmod tempor incididunt'),
(2184, 55, 0, '@servicesBoxDescription_3;', NULL, 'Lorem ipsum dolor sit amet, consectetur adipisicing elit, sed do eiusmod tempor incididunt'),
(2185, 55, 0, '@servicesBoxMoreButton_1;', NULL, '<p><a href=\\\"http://google.com\\\">More &gt;&gt; </a></p>\r\n'),
(2186, 55, 0, '@servicesBoxMoreButton_2;', NULL, '<p><a href=\\\"http://google.com\\\">More &gt;&gt; </a></p>\r\n'),
(2187, 55, 0, '@servicesBoxMoreButton_3;', NULL, '<p><a href=\\\"http://google.com\\\">More &gt;&gt; </a></p>\r\n'),
(2188, 55, 0, '@visionBoxHeading_1;', NULL, 'Our Values'),
(2189, 55, 0, '@visionBoxDescription_1;', NULL, '<p>Lorem ipsum dolor sit amet, consectetur adipisicing elit, sed do eiusmod tempor incididunt ut labore et dolore magna aliqua. Ut enim ad minim veniam, quis nostrud exercitation ullamco laboris nisi ut aliquip ex ea commodo consequat.</p>'),
(2190, 55, 0, '@visionBoxDescription_2;', NULL, '<p>Lorem ipsum dolor sit amet, consectetur adipisicing elit, sed do eiusmod tempor incididunt ut labore et dolore magna aliqua. Ut enim ad minim veniam, quis nostrud exercitation ullamco laboris nisi ut aliquip ex ea commodo consequat.</p>'),
(2191, 55, 0, '@visionBoxHeading_2;', NULL, 'Our Philosophy'),
(2192, 55, 0, '@visionBoxDescription_3;', NULL, '<p>Lorem ipsum dolor sit amet, consectetur adipisicing elit, sed do eiusmod tempor incididunt ut labore et dolore magna aliqua. Ut enim ad minim veniam, quis nostrud exercitation ullamco laboris nisi ut aliquip ex ea commodo consequat.</p>'),
(2193, 55, 0, '@visionBoxHeading_3;', NULL, 'Our Mission'),
(2194, 55, 0, '@offerSectionHeading;', NULL, 'What we can offer for you ?'),
(2195, 55, 0, '@offerSectionDescription;', NULL, '<p>Lorem ipsum dolor sit amet, consectetur adipisicing elit, sed do eiusmod tempor incididunt</p>'),
(2196, 55, 0, '@offerListItemHeading_1;', NULL, '\r\nWeb Design'),
(2197, 55, 0, '@offerListItemIcon_1;', NULL, '<i class=\\\"fa fa-user-circle-o\\\" aria-hidden=\\\"true\\\"></i>'),
(2198, 55, 0, '@offerListItemIcon_2;', NULL, '<i class=\\\"fa fa-user-circle-o\\\" aria-hidden=\\\"true\\\"></i>'),
(2199, 55, 0, '@offerListItemIcon_3;', NULL, '<i class=\\\"fa fa-user-circle-o\\\" aria-hidden=\\\"true\\\"></i>'),
(2200, 55, 0, '@offerListItemIcon_4;', NULL, '<i class=\\\"fa fa-user-circle-o\\\" aria-hidden=\\\"true\\\"></i>'),
(2201, 55, 0, '@offerListItemIcon_5;', NULL, '<i class=\\\"fa fa-user-circle-o\\\" aria-hidden=\\\"true\\\"></i>'),
(2202, 55, 0, '@offerListItemHeading_2;', NULL, '\r\nWeb Design'),
(2203, 55, 0, '@offerListItemHeading_3;', NULL, '\r\nWeb Design'),
(2204, 55, 0, '@offerListItemHeading_4;', NULL, '\r\nWeb Design'),
(2205, 55, 0, '@offerListItemHeading_5;', NULL, '\r\nWeb Design'),
(2206, 55, 0, '@offerListItemDescription_1;', NULL, '\r\nWeb Design\r\n\r\nLorem ipsum dolor sit amet, consectetur adipisicing elit, sed do eiusmod tempor incididunt ut labore et dolore magna aliqua.\r\n'),
(2207, 55, 0, '@offerListItemDescription_2;', NULL, '\r\nWeb Design\r\n\r\nLorem ipsum dolor sit amet, consectetur adipisicing elit, sed do eiusmod tempor incididunt ut labore et dolore magna aliqua.\r\n'),
(2208, 55, 0, '@offerListItemDescription_3;', NULL, '\r\nWeb Design\r\n\r\nLorem ipsum dolor sit amet, consectetur adipisicing elit, sed do eiusmod tempor incididunt ut labore et dolore magna aliqua.\r\n'),
(2209, 55, 0, '@offerListItemDescription_4;', NULL, '\r\nWeb Design\r\n\r\nLorem ipsum dolor sit amet, consectetur adipisicing elit, sed do eiusmod tempor incididunt ut labore et dolore magna aliqua.\r\n'),
(2210, 55, 0, '@offerListItemDescription_5;', NULL, '\r\nWeb Design\r\n\r\nLorem ipsum dolor sit amet, consectetur adipisicing elit, sed do eiusmod tempor incididunt ut labore et dolore magna aliqua.\r\n'),
(2211, 55, 0, '@businessOpSectionHeading;', NULL, 'Our Business Opurtunity'),
(2212, 55, 0, '@businessOpSectionDescription;', NULL, '<p>Lorem ipsum dolor sit amet, consectetur adipisicing elit, sed do eiusmod tempor incididunt ut labore et dolore magna aliqua. Ut enim ad minim veniam, quis nostrud exercitation ullamco laboris nisi ut aliquip ex ea commodo consequat. Duis aute irure dolor in reprehenderit in voluptate velit esse cillum dolore eu fugiat nulla pariatur. Excepteur sint occaecat cupidatat non proident, sunt in culpa qui officia deserunt mollit anim id est laborum.</p>'),
(2213, 55, 0, '@businessOpBulletPoint_1;', NULL, 'quis nostrud exercitation ullamco laboris'),
(2214, 55, 0, '@businessOpBulletPoint_2;', NULL, 'quis nostrud exercitation ullamco laboris'),
(2215, 55, 0, '@businessOpBulletPoint_3;', NULL, 'quis nostrud exercitation ullamco laboris'),
(2216, 55, 0, '@bottomSectionHeading;', NULL, 'Recent News'),
(2217, 55, 0, '@bottomSectionBoxDescription_1;', NULL, '\r\nStandard Blog Post\r\n\r\nExcepteur sint occaecat cupidatat non proident, sunt in culpa qui officia deserunt mollit anim id est laborum.\r\nStandard Blog Post\r\n\r\nExcepteur sint occaecat cupidatat non proident, sunt in culpa qui officia deserunt mollit anim id est laborum.\r\n'),
(2218, 55, 0, '@bottomSectionBoxDescription_2;', NULL, '\r\nStandard Blog Post\r\n\r\nExcepteur sint occaecat cupidatat non proident, sunt in culpa qui officia deserunt mollit anim id est laborum.\r\nStandard Blog Post\r\n\r\nExcepteur sint occaecat cupidatat non proident, sunt in culpa qui officia deserunt mollit anim id est laborum.\r\n'),
(2219, 55, 0, '@bottomSectionBoxDescription_3;', NULL, '\r\nStandard Blog Post\r\n\r\nExcepteur sint occaecat cupidatat non proident, sunt in culpa qui officia deserunt mollit anim id est laborum.\r\nStandard Blog Post\r\n\r\nExcepteur sint occaecat cupidatat non proident, sunt in culpa qui officia deserunt mollit anim id est laborum.\r\n'),
(2220, 55, 0, '@bottomSectionDescription;', NULL, '<p>Lorem ipsum dolor sit amet, consectetur adipisicing elit, sed do eiusmod tempor incididunt ut labore et dolore magna aliqua.</p>'),
(2221, 55, 0, '@footerLeftText;', NULL, '<p><em><strong>This is a test contnt</strong></em></p>\r\n'),
(2222, 18, 0, '@siteTitle;', 'text', 'Site Title'),
(2223, 56, 0, '@logo;', NULL, 'Konnecty Waxom'),
(2224, 56, 0, '@contactPageHeading;', NULL, 'CONTACT US'),
(2225, 56, 0, '@contactPageDescription;', NULL, '<p style=\\\"color:#fff\\\">We are Small Team of Creative People working together</p>\r\n'),
(2226, 56, 0, '@phone;', NULL, '<p>+91-98686626626<br />\r\n+91-2484923263</p>\r\n'),
(2227, 56, 0, '@address;', NULL, 'Athirapilly,<br />\r\nThrissur,<br />\r\nAthirapilly P.O.,<br />\r\nPIN 685456\r\n'),
(2228, 56, 0, '@googleMap;', NULL, '<div class=\\\"embed-responsive embed-responsive-16by9\\\">\r\n\r\n<iframe class=\\\"embed-responsive-item\\\" src=\\\"https://www.google.com/maps/embed?pb=!1m18!1m12!1m3!1d31434.452774189114!2d76.27904958891955!3d9.991513042837186!2m3!1f0!2f0!3f0!3m2!1i1024!2i768!4f13.1!3m3!1m2!1s0x3b080d13ee1347b1%3A0x89c9267d1aeeaac4!2sKaloor%2C+Kochi%2C+Kerala!5e0!3m2!1sen!2sin!4v1515836941862\\\"  frameborder=\\\"0\\\" style=\\\"border:0\\\" allowfullscreen></iframe>\r\n\r\n</div>'),
(2229, 56, 0, '@email;', NULL, '<p>info@domain.com<br />\r\nsales@domain.com</p>\r\n'),
(2230, 56, 0, '@footerMenu_1;', NULL, '<p><strong>Lorem Ipsum</strong> is simply dummy text of the printing and typesetting industry. Lorem Ipsum has been the industry&#39;s standard dummy text ever since the 1500s, when an unknown printer took a galley of type and scrambled it to make a type specimen book. It has survived not only five centuries, but also the leap into electron</p>\r\n'),
(2231, 56, 0, '@footerLinksHeading_1;', NULL, 'What is Lorem Ipsum?'),
(2232, 56, 0, '@footerMenuHeading_2;', NULL, 'Quick Links'),
(2233, 56, 0, '@footerRightHeading_1;', NULL, 'Contact Info'),
(2234, 56, 0, '@phoneNumber;', NULL, ' +91 986754232'),
(2235, 56, 0, '@mainHeading_1;', NULL, 'Konnecty CMS is your Business Solution'),
(2236, 56, 0, '@mainDescription_1;', NULL, '<p>Lorem ipsum dolor sit amet, consectetur adipisicing elit, sed do eiusmod tempor incididunt</p>'),
(2237, 56, 0, '@servicesBoxHeading_1;', NULL, 'Business Solution'),
(2238, 56, 0, '@servicesBoxHeading_1;', NULL, 'Business Solution'),
(2239, 56, 0, '@servicesBoxHeading_2;', NULL, 'Business Solution'),
(2240, 56, 0, '@servicesBoxHeading_3;', NULL, 'Business Solution'),
(2241, 56, 0, '@servicesBoxDescription_1;', NULL, 'Lorem ipsum dolor sit amet, consectetur adipisicing elit, sed do eiusmod tempor incididunt'),
(2242, 56, 0, '@servicesBoxDescription_2;', NULL, 'Lorem ipsum dolor sit amet, consectetur adipisicing elit, sed do eiusmod tempor incididunt'),
(2243, 56, 0, '@servicesBoxDescription_3;', NULL, 'Lorem ipsum dolor sit amet, consectetur adipisicing elit, sed do eiusmod tempor incididunt'),
(2244, 56, 0, '@servicesBoxMoreButton_1;', NULL, '<p><a href=\\\"http://google.com\\\">More &gt;&gt; </a></p>\r\n'),
(2245, 56, 0, '@servicesBoxMoreButton_2;', NULL, '<p><a href=\\\"http://google.com\\\">More &gt;&gt; </a></p>\r\n'),
(2246, 56, 0, '@servicesBoxMoreButton_3;', NULL, '<p><a href=\\\"http://google.com\\\">More &gt;&gt; </a></p>\r\n'),
(2247, 56, 0, '@visionBoxHeading_1;', NULL, 'Our Values'),
(2248, 56, 0, '@visionBoxDescription_1;', NULL, '<p>Lorem ipsum dolor sit amet, consectetur adipisicing elit, sed do eiusmod tempor incididunt ut labore et dolore magna aliqua. Ut enim ad minim veniam, quis nostrud exercitation ullamco laboris nisi ut aliquip ex ea commodo consequat.</p>'),
(2249, 56, 0, '@visionBoxDescription_2;', NULL, '<p>Lorem ipsum dolor sit amet, consectetur adipisicing elit, sed do eiusmod tempor incididunt ut labore et dolore magna aliqua. Ut enim ad minim veniam, quis nostrud exercitation ullamco laboris nisi ut aliquip ex ea commodo consequat.</p>'),
(2250, 56, 0, '@visionBoxHeading_2;', NULL, 'Our Philosophy'),
(2251, 56, 0, '@visionBoxDescription_3;', NULL, '<p>Lorem ipsum dolor sit amet, consectetur adipisicing elit, sed do eiusmod tempor incididunt ut labore et dolore magna aliqua. Ut enim ad minim veniam, quis nostrud exercitation ullamco laboris nisi ut aliquip ex ea commodo consequat.</p>'),
(2252, 56, 0, '@visionBoxHeading_3;', NULL, 'Our Mission'),
(2253, 56, 0, '@offerSectionHeading;', NULL, 'What we can offer for you ?'),
(2254, 56, 0, '@offerSectionDescription;', NULL, '<p>Lorem ipsum dolor sit amet, consectetur adipisicing elit, sed do eiusmod tempor incididunt</p>'),
(2255, 56, 0, '@offerListItemHeading_1;', NULL, '\r\nWeb Design'),
(2256, 56, 0, '@offerListItemIcon_1;', NULL, '<i class=\\\"fa fa-user-circle-o\\\" aria-hidden=\\\"true\\\"></i>'),
(2257, 56, 0, '@offerListItemIcon_2;', NULL, '<i class=\\\"fa fa-user-circle-o\\\" aria-hidden=\\\"true\\\"></i>'),
(2258, 56, 0, '@offerListItemIcon_3;', NULL, '<i class=\\\"fa fa-user-circle-o\\\" aria-hidden=\\\"true\\\"></i>'),
(2259, 56, 0, '@offerListItemIcon_4;', NULL, '<i class=\\\"fa fa-user-circle-o\\\" aria-hidden=\\\"true\\\"></i>'),
(2260, 56, 0, '@offerListItemIcon_5;', NULL, '<i class=\\\"fa fa-user-circle-o\\\" aria-hidden=\\\"true\\\"></i>'),
(2261, 56, 0, '@offerListItemHeading_2;', NULL, '\r\nWeb Design'),
(2262, 56, 0, '@offerListItemHeading_3;', NULL, '\r\nWeb Design'),
(2263, 56, 0, '@offerListItemHeading_4;', NULL, '\r\nWeb Design'),
(2264, 56, 0, '@offerListItemHeading_5;', NULL, '\r\nWeb Design'),
(2265, 56, 0, '@offerListItemDescription_1;', NULL, '\r\nWeb Design\r\n\r\nLorem ipsum dolor sit amet, consectetur adipisicing elit, sed do eiusmod tempor incididunt ut labore et dolore magna aliqua.\r\n'),
(2266, 56, 0, '@offerListItemDescription_2;', NULL, '\r\nWeb Design\r\n\r\nLorem ipsum dolor sit amet, consectetur adipisicing elit, sed do eiusmod tempor incididunt ut labore et dolore magna aliqua.\r\n'),
(2267, 56, 0, '@offerListItemDescription_3;', NULL, '\r\nWeb Design\r\n\r\nLorem ipsum dolor sit amet, consectetur adipisicing elit, sed do eiusmod tempor incididunt ut labore et dolore magna aliqua.\r\n'),
(2268, 56, 0, '@offerListItemDescription_4;', NULL, '\r\nWeb Design\r\n\r\nLorem ipsum dolor sit amet, consectetur adipisicing elit, sed do eiusmod tempor incididunt ut labore et dolore magna aliqua.\r\n'),
(2269, 56, 0, '@offerListItemDescription_5;', NULL, '\r\nWeb Design\r\n\r\nLorem ipsum dolor sit amet, consectetur adipisicing elit, sed do eiusmod tempor incididunt ut labore et dolore magna aliqua.\r\n'),
(2270, 56, 0, '@businessOpSectionHeading;', NULL, 'Our Business Opurtunity'),
(2271, 56, 0, '@businessOpSectionDescription;', NULL, '<p>Lorem ipsum dolor sit amet, consectetur adipisicing elit, sed do eiusmod tempor incididunt ut labore et dolore magna aliqua. Ut enim ad minim veniam, quis nostrud exercitation ullamco laboris nisi ut aliquip ex ea commodo consequat. Duis aute irure dolor in reprehenderit in voluptate velit esse cillum dolore eu fugiat nulla pariatur. Excepteur sint occaecat cupidatat non proident, sunt in culpa qui officia deserunt mollit anim id est laborum.</p>'),
(2272, 56, 0, '@businessOpBulletPoint_1;', NULL, 'quis nostrud exercitation ullamco laboris'),
(2273, 56, 0, '@businessOpBulletPoint_2;', NULL, 'quis nostrud exercitation ullamco laboris'),
(2274, 56, 0, '@businessOpBulletPoint_3;', NULL, 'quis nostrud exercitation ullamco laboris'),
(2275, 56, 0, '@bottomSectionHeading;', NULL, 'Recent News'),
(2276, 56, 0, '@bottomSectionBoxDescription_1;', NULL, '\r\nStandard Blog Post\r\n\r\nExcepteur sint occaecat cupidatat non proident, sunt in culpa qui officia deserunt mollit anim id est laborum.\r\nStandard Blog Post\r\n\r\nExcepteur sint occaecat cupidatat non proident, sunt in culpa qui officia deserunt mollit anim id est laborum.\r\n'),
(2277, 56, 0, '@bottomSectionBoxDescription_2;', NULL, '\r\nStandard Blog Post\r\n\r\nExcepteur sint occaecat cupidatat non proident, sunt in culpa qui officia deserunt mollit anim id est laborum.\r\nStandard Blog Post\r\n\r\nExcepteur sint occaecat cupidatat non proident, sunt in culpa qui officia deserunt mollit anim id est laborum.\r\n'),
(2278, 56, 0, '@bottomSectionBoxDescription_3;', NULL, '\r\nStandard Blog Post\r\n\r\nExcepteur sint occaecat cupidatat non proident, sunt in culpa qui officia deserunt mollit anim id est laborum.\r\nStandard Blog Post\r\n\r\nExcepteur sint occaecat cupidatat non proident, sunt in culpa qui officia deserunt mollit anim id est laborum.\r\n'),
(2279, 56, 0, '@bottomSectionDescription;', NULL, '<p>Lorem ipsum dolor sit amet, consectetur adipisicing elit, sed do eiusmod tempor incididunt ut labore et dolore magna aliqua.</p>'),
(2280, 56, 0, '@footerLeftText;', NULL, '<p><em><strong>This is a test contnt</strong></em></p>\r\n'),
(2281, 56, 0, '@siteTitle;', NULL, 'Site Title'),
(2282, 57, 0, '@logo;', NULL, 'Konnecty Waxom'),
(2283, 57, 0, '@contactPageHeading;', NULL, 'CONTACT US'),
(2284, 57, 0, '@contactPageDescription;', NULL, '<p style=\\\"color:#fff\\\">We are Small Team of Creative People working together</p>\r\n'),
(2285, 57, 0, '@phone;', NULL, '<p>+91-98686626626<br />\r\n+91-2484923263</p>\r\n'),
(2286, 57, 0, '@address;', NULL, 'Athirapilly,<br />\r\nThrissur,<br />\r\nAthirapilly P.O.,<br />\r\nPIN 685456\r\n'),
(2287, 57, 0, '@googleMap;', NULL, '<div class=\\\"embed-responsive embed-responsive-16by9\\\">\r\n\r\n<iframe class=\\\"embed-responsive-item\\\" src=\\\"https://www.google.com/maps/embed?pb=!1m18!1m12!1m3!1d31434.452774189114!2d76.27904958891955!3d9.991513042837186!2m3!1f0!2f0!3f0!3m2!1i1024!2i768!4f13.1!3m3!1m2!1s0x3b080d13ee1347b1%3A0x89c9267d1aeeaac4!2sKaloor%2C+Kochi%2C+Kerala!5e0!3m2!1sen!2sin!4v1515836941862\\\"  frameborder=\\\"0\\\" style=\\\"border:0\\\" allowfullscreen></iframe>\r\n\r\n</div>'),
(2288, 57, 0, '@email;', NULL, '<p>info@domain.com<br />\r\nsales@domain.com</p>\r\n'),
(2289, 57, 0, '@footerMenu_1;', NULL, '<p><strong>Lorem Ipsum</strong> is simply dummy text of the printing and typesetting industry. Lorem Ipsum has been the industry&#39;s standard dummy text ever since the 1500s, when an unknown printer took a galley of type and scrambled it to make a type specimen book. It has survived not only five centuries, but also the leap into electron</p>\r\n'),
(2290, 57, 0, '@footerLinksHeading_1;', NULL, 'What is Lorem Ipsum?'),
(2291, 57, 0, '@footerMenuHeading_2;', NULL, 'Quick Links'),
(2292, 57, 0, '@footerRightHeading_1;', NULL, 'Contact Info'),
(2293, 57, 0, '@phoneNumber;', NULL, ' +91 986754232'),
(2294, 57, 0, '@mainHeading_1;', NULL, 'Konnecty CMS is your Business Solution'),
(2295, 57, 0, '@mainDescription_1;', NULL, '<p>Lorem ipsum dolor sit amet, consectetur adipisicing elit, sed do eiusmod tempor incididunt</p>'),
(2296, 57, 0, '@servicesBoxHeading_1;', NULL, 'Business Solution'),
(2297, 57, 0, '@servicesBoxHeading_1;', NULL, 'Business Solution'),
(2298, 57, 0, '@servicesBoxHeading_2;', NULL, 'Business Solution'),
(2299, 57, 0, '@servicesBoxHeading_3;', NULL, 'Business Solution'),
(2300, 57, 0, '@servicesBoxDescription_1;', NULL, 'Lorem ipsum dolor sit amet, consectetur adipisicing elit, sed do eiusmod tempor incididunt'),
(2301, 57, 0, '@servicesBoxDescription_2;', NULL, 'Lorem ipsum dolor sit amet, consectetur adipisicing elit, sed do eiusmod tempor incididunt'),
(2302, 57, 0, '@servicesBoxDescription_3;', NULL, 'Lorem ipsum dolor sit amet, consectetur adipisicing elit, sed do eiusmod tempor incididunt'),
(2303, 57, 0, '@servicesBoxMoreButton_1;', NULL, '<br>\n'),
(2304, 57, 0, '@servicesBoxMoreButton_2;', NULL, '<br>\n'),
(2305, 57, 0, '@servicesBoxMoreButton_3;', NULL, '<br>\n'),
(2306, 57, 0, '@visionBoxHeading_1;', NULL, 'Our Values'),
(2307, 57, 0, '@visionBoxDescription_1;', NULL, '<p>Lorem ipsum dolor sit amet, consectetur adipisicing elit, sed do eiusmod tempor incididunt ut labore et dolore magna aliqua. Ut enim ad minim veniam, quis nostrud exercitation ullamco laboris nisi ut aliquip ex ea commodo consequat.</p>'),
(2308, 57, 0, '@visionBoxDescription_2;', NULL, '<p>Lorem ipsum dolor sit amet, consectetur adipisicing elit, sed do eiusmod tempor incididunt ut labore et dolore magna aliqua. Ut enim ad minim veniam, quis nostrud exercitation ullamco laboris nisi ut aliquip ex ea commodo consequat.</p>'),
(2309, 57, 0, '@visionBoxHeading_2;', NULL, 'Our Philosophy'),
(2310, 57, 0, '@visionBoxDescription_3;', NULL, '<p>Lorem ipsum dolor sit amet, consectetur adipisicing elit, sed do eiusmod tempor incididunt ut labore et dolore magna aliqua. Ut enim ad minim veniam, quis nostrud exercitation ullamco laboris nisi ut aliquip ex ea commodo consequat.</p>'),
(2311, 57, 0, '@visionBoxHeading_3;', NULL, 'Our Mission'),
(2312, 57, 0, '@offerSectionHeading;', NULL, 'What we can offer for you ?'),
(2313, 57, 0, '@offerSectionDescription;', NULL, '<p>Lorem ipsum dolor sit amet, consectetur adipisicing elit, sed do eiusmod tempor incididunt</p>'),
(2314, 57, 0, '@offerListItemHeading_1;', NULL, '\r\nWeb Design'),
(2315, 57, 0, '@offerListItemIcon_1;', NULL, '<i class=\\\"fa fa-user-circle-o\\\" aria-hidden=\\\"true\\\"></i>'),
(2316, 57, 0, '@offerListItemIcon_2;', NULL, '<i class=\\\"fa fa-user-circle-o\\\" aria-hidden=\\\"true\\\"></i>'),
(2317, 57, 0, '@offerListItemIcon_3;', NULL, '<i class=\\\"fa fa-user-circle-o\\\" aria-hidden=\\\"true\\\"></i>'),
(2318, 57, 0, '@offerListItemIcon_4;', NULL, '<i class=\\\"fa fa-user-circle-o\\\" aria-hidden=\\\"true\\\"></i>'),
(2319, 57, 0, '@offerListItemIcon_5;', NULL, '<i class=\\\"fa fa-user-circle-o\\\" aria-hidden=\\\"true\\\"></i>'),
(2320, 57, 0, '@offerListItemHeading_2;', NULL, '\r\nWeb Design'),
(2321, 57, 0, '@offerListItemHeading_3;', NULL, '\r\nWeb Design'),
(2322, 57, 0, '@offerListItemHeading_4;', NULL, '\r\nWeb Design'),
(2323, 57, 0, '@offerListItemHeading_5;', NULL, '\r\nWeb Design'),
(2324, 57, 0, '@offerListItemDescription_1;', NULL, '\r\nWeb Design\r\n\r\nLorem ipsum dolor sit amet, consectetur adipisicing elit, sed do eiusmod tempor incididunt ut labore et dolore magna aliqua.\r\n'),
(2325, 57, 0, '@offerListItemDescription_2;', NULL, '\r\nWeb Design\r\n\r\nLorem ipsum dolor sit amet, consectetur adipisicing elit, sed do eiusmod tempor incididunt ut labore et dolore magna aliqua.\r\n'),
(2326, 57, 0, '@offerListItemDescription_3;', NULL, '\r\nWeb Design\r\n\r\nLorem ipsum dolor sit amet, consectetur adipisicing elit, sed do eiusmod tempor incididunt ut labore et dolore magna aliqua.\r\n'),
(2327, 57, 0, '@offerListItemDescription_4;', NULL, '\r\nWeb Design\r\n\r\nLorem ipsum dolor sit amet, consectetur adipisicing elit, sed do eiusmod tempor incididunt ut labore et dolore magna aliqua.\r\n'),
(2328, 57, 0, '@offerListItemDescription_5;', NULL, '\nWeb Design\n\nLorem ipsum dolor sit amet, consectetur adipisicing elit, sed do eiusmod tempor incididunt ut labore et dolore magna aliqua.\n'),
(2329, 57, 0, '@businessOpSectionHeading;', NULL, 'Our Business Opurtunity'),
(2330, 57, 0, '@businessOpSectionDescription;', NULL, '<p>Lorem ipsum dolor sit amet, consectetur adipisicing elit, sed do eiusmod tempor incididunt ut labore et dolore magna aliqua. Ut enim ad minim veniam, quis nostrud exercitation ullamco laboris nisi ut aliquip ex ea commodo consequat. Duis aute irure dolor in reprehenderit in voluptate velit esse cillum dolore eu fugiat nulla pariatur. Excepteur sint occaecat cupidatat non proident, sunt in culpa qui officia deserunt mollit anim id est laborum.</p>'),
(2331, 57, 0, '@businessOpBulletPoint_1;', NULL, 'quis nostrud exercitation ullamco laboris'),
(2332, 57, 0, '@businessOpBulletPoint_2;', NULL, 'quis nostrud exercitation ullamco laboris'),
(2333, 57, 0, '@businessOpBulletPoint_3;', NULL, 'quis nostrud exercitation ullamco laboris'),
(2334, 57, 0, '@bottomSectionHeading;', NULL, 'Recent News'),
(2335, 57, 0, '@bottomSectionBoxDescription_1;', NULL, '\r\nStandard Blog Post\r\n\r\nExcepteur sint occaecat cupidatat non proident, sunt in culpa qui officia deserunt mollit anim id est laborum.\r\nStandard Blog Post\r\n\r\nExcepteur sint occaecat cupidatat non proident, sunt in culpa qui officia deserunt mollit anim id est laborum.\r\n'),
(2336, 57, 0, '@bottomSectionBoxDescription_2;', NULL, '\r\nStandard Blog Post\r\n\r\nExcepteur sint occaecat cupidatat non proident, sunt in culpa qui officia deserunt mollit anim id est laborum.\r\nStandard Blog Post\r\n\r\nExcepteur sint occaecat cupidatat non proident, sunt in culpa qui officia deserunt mollit anim id est laborum.\r\n'),
(2337, 57, 0, '@bottomSectionBoxDescription_3;', NULL, '\r\nStandard Blog Post\r\n\r\nExcepteur sint occaecat cupidatat non proident, sunt in culpa qui officia deserunt mollit anim id est laborum.\r\nStandard Blog Post\r\n\r\nExcepteur sint occaecat cupidatat non proident, sunt in culpa qui officia deserunt mollit anim id est laborum.\r\n'),
(2338, 57, 0, '@bottomSectionDescription;', NULL, '<p>Lorem ipsum dolor sit amet, consectetur adipisicing elit, sed do eiusmod tempor incididunt ut labore et dolore magna aliqua.</p>'),
(2339, 57, 0, '@footerLeftText;', NULL, '<p><em><strong>This is a test contnt</strong></em></p>\r\n'),
(2340, 57, 0, '@siteTitle;', NULL, 'Konnecty'),
(2347, 58, 0, '@email;', NULL, '<p>info@domain.com<br />\r\nsales@domain.com</p>\r\n'),
(2348, 58, 0, '@footerLinksHeading_1;', NULL, 'What is Lorem Ipsum?'),
(2349, 58, 0, '@footerMenuHeading_2;', NULL, 'Quick Links'),
(2350, 58, 0, '@footerRightHeading_1;', NULL, 'Contact Info'),
(2351, 58, 0, '@phoneNumber;', NULL, ' +91 986754232'),
(2352, 58, 0, '@mainHeading_1;', NULL, 'Konnecty CMS is your Business Solution'),
(2353, 58, 0, '@servicesBoxHeading_1;', NULL, 'Business Solution'),
(2354, 58, 0, '@servicesBoxHeading_1;', NULL, 'Business Solution'),
(2355, 58, 0, '@servicesBoxHeading_2;', NULL, 'Business Solution'),
(2356, 58, 0, '@servicesBoxHeading_3;', NULL, 'Business Solution'),
(2357, 58, 0, '@servicesBoxDescription_1;', NULL, 'Lorem ipsum dolor sit amet, consectetur adipisicing elit, sed do eiusmod tempor incididunt'),
(2358, 58, 0, '@servicesBoxDescription_2;', NULL, 'Lorem ipsum dolor sit amet, consectetur adipisicing elit, sed do eiusmod tempor incididunt'),
(2359, 58, 0, '@servicesBoxDescription_3;', NULL, 'Lorem ipsum dolor sit amet, consectetur adipisicing elit, sed do eiusmod tempor incididunt'),
(2360, 58, 0, '@servicesBoxMoreButton_1;', NULL, '<p><a href=\\\"http://google.com\\\">More &gt;&gt; </a></p>\r\n'),
(2361, 58, 0, '@servicesBoxMoreButton_2;', NULL, '<p><a href=\\\"http://google.com\\\">More &gt;&gt; </a></p>\r\n'),
(2362, 58, 0, '@servicesBoxMoreButton_3;', NULL, '<p><a href=\\\"http://google.com\\\">More &gt;&gt; </a></p>\r\n'),
(2363, 58, 0, '@visionBoxHeading_1;', NULL, 'Our Values'),
(2364, 58, 0, '@visionBoxDescription_1;', NULL, '<p>Lorem ipsum dolor sit amet, consectetur adipisicing elit, sed do eiusmod tempor incididunt ut labore et dolore magna aliqua. Ut enim ad minim veniam, quis nostrud exercitation ullamco laboris nisi ut aliquip ex ea commodo consequat.</p>'),
(2365, 58, 0, '@visionBoxDescription_2;', NULL, '<p>Lorem ipsum dolor sit amet, consectetur adipisicing elit, sed do eiusmod tempor incididunt ut labore et dolore magna aliqua. Ut enim ad minim veniam, quis nostrud exercitation ullamco laboris nisi ut aliquip ex ea commodo consequat.</p>'),
(2366, 58, 0, '@visionBoxHeading_2;', NULL, 'Our Philosophy'),
(2367, 58, 0, '@visionBoxDescription_3;', NULL, '<p>Lorem ipsum dolor sit amet, consectetur adipisicing elit, sed do eiusmod tempor incididunt ut labore et dolore magna aliqua. Ut enim ad minim veniam, quis nostrud exercitation ullamco laboris nisi ut aliquip ex ea commodo consequat.</p>'),
(2368, 58, 0, '@visionBoxHeading_3;', NULL, 'Our Mission'),
(2369, 58, 0, '@offerSectionHeading;', NULL, 'What we can offer for you ?'),
(2370, 58, 0, '@offerSectionDescription;', NULL, '<p>Lorem ipsum dolor sit amet, consectetur adipisicing elit, sed do eiusmod tempor incididunt</p>'),
(2371, 58, 0, '@offerListItemHeading_1;', NULL, '\r\nWeb Design'),
(2372, 58, 0, '@offerListItemIcon_1;', NULL, '<i class=\\\"fa fa-user-circle-o\\\" aria-hidden=\\\"true\\\"></i>'),
(2373, 58, 0, '@offerListItemIcon_2;', NULL, '<i class=\\\"fa fa-user-circle-o\\\" aria-hidden=\\\"true\\\"></i>'),
(2374, 58, 0, '@offerListItemIcon_3;', NULL, '<i class=\\\"fa fa-user-circle-o\\\" aria-hidden=\\\"true\\\"></i>'),
(2375, 58, 0, '@offerListItemIcon_4;', NULL, '<i class=\\\"fa fa-user-circle-o\\\" aria-hidden=\\\"true\\\"></i>'),
(2376, 58, 0, '@offerListItemIcon_5;', NULL, '<i class=\\\"fa fa-user-circle-o\\\" aria-hidden=\\\"true\\\"></i>'),
(2377, 58, 0, '@offerListItemHeading_2;', NULL, '\r\nWeb Design'),
(2378, 58, 0, '@offerListItemHeading_3;', NULL, '\r\nWeb Design'),
(2379, 58, 0, '@offerListItemHeading_4;', NULL, '\r\nWeb Design'),
(2380, 58, 0, '@offerListItemHeading_5;', NULL, '\r\nWeb Design'),
(2381, 58, 0, '@offerListItemDescription_1;', NULL, '\r\nWeb Design\r\n\r\nLorem ipsum dolor sit amet, consectetur adipisicing elit, sed do eiusmod tempor incididunt ut labore et dolore magna aliqua.\r\n'),
(2382, 58, 0, '@offerListItemDescription_2;', NULL, '\r\nWeb Design\r\n\r\nLorem ipsum dolor sit amet, consectetur adipisicing elit, sed do eiusmod tempor incididunt ut labore et dolore magna aliqua.\r\n'),
(2383, 58, 0, '@offerListItemDescription_3;', NULL, '\r\nWeb Design\r\n\r\nLorem ipsum dolor sit amet, consectetur adipisicing elit, sed do eiusmod tempor incididunt ut labore et dolore magna aliqua.\r\n'),
(2384, 58, 0, '@offerListItemDescription_4;', NULL, '\r\nWeb Design\r\n\r\nLorem ipsum dolor sit amet, consectetur adipisicing elit, sed do eiusmod tempor incididunt ut labore et dolore magna aliqua.\r\n'),
(2385, 58, 0, '@offerListItemDescription_5;', NULL, '\r\nWeb Design\r\n\r\nLorem ipsum dolor sit amet, consectetur adipisicing elit, sed do eiusmod tempor incididunt ut labore et dolore magna aliqua.\r\n'),
(2386, 58, 0, '@businessOpSectionHeading;', NULL, 'Our Business Opurtunity'),
(2387, 58, 0, '@businessOpSectionDescription;', NULL, '<p>Lorem ipsum dolor sit amet, consectetur adipisicing elit, sed do eiusmod tempor incididunt ut labore et dolore magna aliqua. Ut enim ad minim veniam, quis nostrud exercitation ullamco laboris nisi ut aliquip ex ea commodo consequat. Duis aute irure dolor in reprehenderit in voluptate velit esse cillum dolore eu fugiat nulla pariatur. Excepteur sint occaecat cupidatat non proident, sunt in culpa qui officia deserunt mollit anim id est laborum.</p>'),
(2388, 58, 0, '@businessOpBulletPoint_1;', NULL, 'quis nostrud exercitation ullamco laboris'),
(2389, 58, 0, '@businessOpBulletPoint_2;', NULL, 'quis nostrud exercitation ullamco laboris'),
(2390, 58, 0, '@businessOpBulletPoint_3;', NULL, 'quis nostrud exercitation ullamco laboris'),
(2391, 58, 0, '@bottomSectionHeading;', NULL, 'Recent News'),
(2392, 58, 0, '@bottomSectionBoxDescription_1;', NULL, '\r\nStandard Blog Post\r\n\r\nExcepteur sint occaecat cupidatat non proident, sunt in culpa qui officia deserunt mollit anim id est laborum.\r\nStandard Blog Post\r\n\r\nExcepteur sint occaecat cupidatat non proident, sunt in culpa qui officia deserunt mollit anim id est laborum.\r\n'),
(2393, 58, 0, '@bottomSectionBoxDescription_2;', NULL, '\r\nStandard Blog Post\r\n\r\nExcepteur sint occaecat cupidatat non proident, sunt in culpa qui officia deserunt mollit anim id est laborum.\r\nStandard Blog Post\r\n\r\nExcepteur sint occaecat cupidatat non proident, sunt in culpa qui officia deserunt mollit anim id est laborum.\r\n'),
(2394, 58, 0, '@bottomSectionBoxDescription_3;', NULL, '\r\nStandard Blog Post\r\n\r\nExcepteur sint occaecat cupidatat non proident, sunt in culpa qui officia deserunt mollit anim id est laborum.\r\nStandard Blog Post\r\n\r\nExcepteur sint occaecat cupidatat non proident, sunt in culpa qui officia deserunt mollit anim id est laborum.\r\n'),
(2395, 58, 0, '@bottomSectionDescription;', NULL, '<p>Lorem ipsum dolor sit amet, consectetur adipisicing elit, sed do eiusmod tempor incididunt ut labore et dolore magna aliqua.</p>'),
(2396, 58, 0, '@footerLeftText;', NULL, '<p><em><strong>This is a test contnt</strong></em></p>\r\n'),
(2397, 58, 0, '@siteTitle;', NULL, 'Site Title'),
(2398, 59, 0, '@logo;', NULL, 'Konnecty Waxom'),
(2399, 59, 0, '@contactPageHeading;', NULL, 'CONTACT US'),
(2400, 59, 0, '@contactPageDescription;', NULL, '<p style=\\\"color:#fff\\\">We are Small Team of Creative People working together</p>\r\n'),
(2401, 59, 0, '@phone;', NULL, '<p>+91-98686626626<br />\r\n+91-2484923263</p>\r\n'),
(2402, 59, 0, '@address;', NULL, 'Athirapilly,<br />\r\nThrissur,<br />\r\nAthirapilly P.O.,<br />\r\nPIN 685456\r\n'),
(2403, 59, 0, '@googleMap;', NULL, '<div class=\\\"embed-responsive embed-responsive-16by9\\\">\r\n\r\n<iframe class=\\\"embed-responsive-item\\\" src=\\\"https://www.google.com/maps/embed?pb=!1m18!1m12!1m3!1d31434.452774189114!2d76.27904958891955!3d9.991513042837186!2m3!1f0!2f0!3f0!3m2!1i1024!2i768!4f13.1!3m3!1m2!1s0x3b080d13ee1347b1%3A0x89c9267d1aeeaac4!2sKaloor%2C+Kochi%2C+Kerala!5e0!3m2!1sen!2sin!4v1515836941862\\\"  frameborder=\\\"0\\\" style=\\\"border:0\\\" allowfullscreen></iframe>\r\n\r\n</div>'),
(2404, 59, 0, '@email;', NULL, '<p>info@domain.com<br />\r\nsales@domain.com</p>\r\n'),
(2405, 59, 0, '@footerLinksHeading_1;', NULL, 'What is Lorem Ipsum?'),
(2406, 59, 0, '@footerMenuHeading_2;', NULL, 'Quick Links'),
(2407, 59, 0, '@footerRightHeading_1;', NULL, 'Contact Info'),
(2408, 59, 0, '@phoneNumber;', NULL, ' +91 986754232'),
(2409, 59, 0, '@mainHeading_1;', NULL, 'JBR Super market<br>'),
(2410, 59, 0, '@servicesBoxHeading_1;', NULL, 'Business Solution'),
(2411, 59, 0, '@servicesBoxHeading_1;', NULL, 'Business Solution'),
(2412, 59, 0, '@servicesBoxHeading_2;', NULL, 'Business Solution'),
(2413, 59, 0, '@servicesBoxHeading_3;', NULL, 'Business Solution'),
(2414, 59, 0, '@servicesBoxDescription_1;', NULL, 'Lorem ipsum dolor sit amet, consectetur adipisicing elit, sed do eiusmod tempor incididunt'),
(2415, 59, 0, '@servicesBoxDescription_2;', NULL, 'Lorem ipsum dolor sit amet, consectetur adipisicing elit, sed do eiusmod tempor incididunt'),
(2416, 59, 0, '@servicesBoxDescription_3;', NULL, 'Lorem ipsum dolor sit amet, consectetur adipisicing elit, sed do eiusmod tempor incididunt'),
(2417, 59, 0, '@servicesBoxMoreButton_1;', NULL, '<p><a href=\\\"http://google.com\\\">More &gt;&gt; </a></p>\r\n'),
(2418, 59, 0, '@servicesBoxMoreButton_2;', NULL, '<p><a href=\\\"http://google.com\\\">More &gt;&gt; </a></p>\r\n'),
(2419, 59, 0, '@servicesBoxMoreButton_3;', NULL, '<p><a href=\\\"http://google.com\\\">More &gt;&gt; </a></p>\r\n'),
(2420, 59, 0, '@visionBoxHeading_1;', NULL, 'Our Values'),
(2421, 59, 0, '@visionBoxDescription_1;', NULL, '<p>Lorem ipsum dolor sit amet, consectetur adipisicing elit, sed do eiusmod tempor incididunt ut labore et dolore magna aliqua. Ut enim ad minim veniam, quis nostrud exercitation ullamco laboris nisi ut aliquip ex ea commodo consequat.</p>'),
(2422, 59, 0, '@visionBoxDescription_2;', NULL, '<p>Lorem ipsum dolor sit amet, consectetur adipisicing elit, sed do eiusmod tempor incididunt ut labore et dolore magna aliqua. Ut enim ad minim veniam, quis nostrud exercitation ullamco laboris nisi ut aliquip ex ea commodo consequat.</p>'),
(2423, 59, 0, '@visionBoxHeading_2;', NULL, 'Our Philosophy'),
(2424, 59, 0, '@visionBoxDescription_3;', NULL, '<p>Lorem ipsum dolor sit amet, consectetur adipisicing elit, sed do eiusmod tempor incididunt ut labore et dolore magna aliqua. Ut enim ad minim veniam, quis nostrud exercitation ullamco laboris nisi ut aliquip ex ea commodo consequat.</p>'),
(2425, 59, 0, '@visionBoxHeading_3;', NULL, 'Our Mission'),
(2426, 59, 0, '@offerSectionHeading;', NULL, 'What we can offer for you ?'),
(2427, 59, 0, '@offerSectionDescription;', NULL, '<p>Lorem ipsum dolor sit amet, consectetur adipisicing elit, sed do eiusmod tempor incididunt</p>'),
(2428, 59, 0, '@offerListItemHeading_1;', NULL, '\r\nWeb Design'),
(2429, 59, 0, '@offerListItemIcon_1;', NULL, '<i class=\\\"fa fa-user-circle-o\\\" aria-hidden=\\\"true\\\"></i>'),
(2430, 59, 0, '@offerListItemIcon_2;', NULL, '<i class=\\\"fa fa-user-circle-o\\\" aria-hidden=\\\"true\\\"></i>'),
(2431, 59, 0, '@offerListItemIcon_3;', NULL, '<i class=\\\"fa fa-user-circle-o\\\" aria-hidden=\\\"true\\\"></i>'),
(2432, 59, 0, '@offerListItemIcon_4;', NULL, '<i class=\\\"fa fa-user-circle-o\\\" aria-hidden=\\\"true\\\"></i>'),
(2433, 59, 0, '@offerListItemIcon_5;', NULL, '<i class=\\\"fa fa-user-circle-o\\\" aria-hidden=\\\"true\\\"></i>'),
(2434, 59, 0, '@offerListItemHeading_2;', NULL, '\r\nWeb Design'),
(2435, 59, 0, '@offerListItemHeading_3;', NULL, '\r\nWeb Design'),
(2436, 59, 0, '@offerListItemHeading_4;', NULL, '\r\nWeb Design'),
(2437, 59, 0, '@offerListItemHeading_5;', NULL, '\r\nWeb Design'),
(2438, 59, 0, '@offerListItemDescription_1;', NULL, '\r\nWeb Design\r\n\r\nLorem ipsum dolor sit amet, consectetur adipisicing elit, sed do eiusmod tempor incididunt ut labore et dolore magna aliqua.\r\n'),
(2439, 59, 0, '@offerListItemDescription_2;', NULL, '\r\nWeb Design\r\n\r\nLorem ipsum dolor sit amet, consectetur adipisicing elit, sed do eiusmod tempor incididunt ut labore et dolore magna aliqua.\r\n'),
(2440, 59, 0, '@offerListItemDescription_3;', NULL, '\r\nWeb Design\r\n\r\nLorem ipsum dolor sit amet, consectetur adipisicing elit, sed do eiusmod tempor incididunt ut labore et dolore magna aliqua.\r\n'),
(2441, 59, 0, '@offerListItemDescription_4;', NULL, '\r\nWeb Design\r\n\r\nLorem ipsum dolor sit amet, consectetur adipisicing elit, sed do eiusmod tempor incididunt ut labore et dolore magna aliqua.\r\n'),
(2442, 59, 0, '@offerListItemDescription_5;', NULL, '\r\nWeb Design\r\n\r\nLorem ipsum dolor sit amet, consectetur adipisicing elit, sed do eiusmod tempor incididunt ut labore et dolore magna aliqua.\r\n'),
(2443, 59, 0, '@businessOpSectionHeading;', NULL, 'Our Business Opurtunity'),
(2444, 59, 0, '@businessOpSectionDescription;', NULL, '<p>Lorem ipsum dolor sit amet, consectetur adipisicing elit, sed do eiusmod tempor incididunt ut labore et dolore magna aliqua. Ut enim ad minim veniam, quis nostrud exercitation ullamco laboris nisi ut aliquip ex ea commodo consequat. Duis aute irure dolor in reprehenderit in voluptate velit esse cillum dolore eu fugiat nulla pariatur. Excepteur sint occaecat cupidatat non proident, sunt in culpa qui officia deserunt mollit anim id est laborum.</p>'),
(2445, 59, 0, '@businessOpBulletPoint_1;', NULL, 'quis nostrud exercitation ullamco laboris'),
(2446, 59, 0, '@businessOpBulletPoint_2;', NULL, 'quis nostrud exercitation ullamco laboris'),
(2447, 59, 0, '@businessOpBulletPoint_3;', NULL, 'quis nostrud exercitation ullamco laboris'),
(2448, 59, 0, '@bottomSectionHeading;', NULL, 'Recent News'),
(2449, 59, 0, '@bottomSectionBoxDescription_1;', NULL, '\r\nStandard Blog Post\r\n\r\nExcepteur sint occaecat cupidatat non proident, sunt in culpa qui officia deserunt mollit anim id est laborum.\r\nStandard Blog Post\r\n\r\nExcepteur sint occaecat cupidatat non proident, sunt in culpa qui officia deserunt mollit anim id est laborum.\r\n'),
(2450, 59, 0, '@bottomSectionBoxDescription_2;', NULL, '\r\nStandard Blog Post\r\n\r\nExcepteur sint occaecat cupidatat non proident, sunt in culpa qui officia deserunt mollit anim id est laborum.\r\nStandard Blog Post\r\n\r\nExcepteur sint occaecat cupidatat non proident, sunt in culpa qui officia deserunt mollit anim id est laborum.\r\n');
INSERT INTO `contents` (`id_content`, `id_site`, `id_page`, `component_id`, `content_type`, `content`) VALUES
(2451, 59, 0, '@bottomSectionBoxDescription_3;', NULL, '\r\nStandard Blog Post\r\n\r\nExcepteur sint occaecat cupidatat non proident, sunt in culpa qui officia deserunt mollit anim id est laborum.\r\nStandard Blog Post\r\n\r\nExcepteur sint occaecat cupidatat non proident, sunt in culpa qui officia deserunt mollit anim id est laborum.\r\n'),
(2452, 59, 0, '@bottomSectionDescription;', NULL, '<p>Lorem ipsum dolor sit amet, consectetur adipisicing elit, sed do eiusmod tempor incididunt ut labore et dolore magna aliqua.</p>'),
(2453, 59, 0, '@footerLeftText;', NULL, '<p><em><strong>This is a test contnt</strong></em></p>\r\n'),
(2454, 59, 0, '@siteTitle;', NULL, 'Site Title');

-- --------------------------------------------------------

--
-- Table structure for table `default_theme_components`
--

DROP TABLE IF EXISTS `default_theme_components`;
CREATE TABLE IF NOT EXISTS `default_theme_components` (
  `id_theme_component` int(11) NOT NULL AUTO_INCREMENT,
  `id_theme` int(11) NOT NULL,
  `component_id` varchar(100) DEFAULT NULL,
  `component_type` varchar(50) NOT NULL COMMENT 'text,image,html,menu,footer_menu,slider,contact_form,form,map',
  `page_layout` varchar(100) NOT NULL COMMENT 'home,inner_page_1,inner_page_2 etc, contact_page',
  PRIMARY KEY (`id_theme_component`)
) ENGINE=MyISAM AUTO_INCREMENT=346 DEFAULT CHARSET=latin1;

--
-- Dumping data for table `default_theme_components`
--

INSERT INTO `default_theme_components` (`id_theme_component`, `id_theme`, `component_id`, `component_type`, `page_layout`) VALUES
(261, 21, '@phone;', 'general', 'contact'),
(260, 21, '@phoneIcon;', 'general', 'contact'),
(259, 21, '@address;', 'general', 'contact'),
(258, 21, '@addressIcon;', 'general', 'contact'),
(257, 21, '@googleMap;', 'general', 'contact'),
(256, 21, '@contactForm_1;', 'general', 'contact'),
(255, 21, '@contactPageLeftSideImage_1;', 'general', 'contact'),
(254, 21, '@contactPageDescription;', 'general', 'contact'),
(253, 21, '@contactPageHeading;', 'general', 'contact'),
(252, 21, '@menu;', 'general', 'contact'),
(251, 21, '@logo;', 'general', 'contact'),
(250, 21, '@addOnCss;', 'general', 'contact'),
(249, 20, '@addOnJs;', 'general', 'home'),
(248, 20, '@addOnContent;', 'general', 'home'),
(247, 20, '@footerLinks;', 'general', 'home'),
(246, 20, '@footerTextLeft;', 'general', 'home'),
(245, 20, '@contactForm;', 'general', 'home'),
(244, 20, '@locationMap;', 'general', 'home'),
(243, 20, '@contactFormTitle;', 'general', 'home'),
(242, 20, '@statsTitle_4;', 'general', 'home'),
(241, 20, '@statsCount_4;', 'general', 'home'),
(240, 20, '@statsTitle_3;', 'general', 'home'),
(239, 20, '@statsCount_3;', 'general', 'home'),
(238, 20, '@statsTitle_2;', 'general', 'home'),
(237, 20, '@statsCount_2;', 'general', 'home'),
(236, 20, '@statsTitle_1;', 'general', 'home'),
(235, 20, '@statsCount_1;', 'general', 'home'),
(234, 20, '@blogSubheading_3;', 'general', 'home'),
(233, 20, '@blogHeading_3;', 'general', 'home'),
(232, 20, '@blogImage_3;', 'general', 'home'),
(231, 20, '@blogSubheading_2;', 'general', 'home'),
(230, 20, '@blogHeading_2;', 'general', 'home'),
(229, 20, '@blogImage_2;', 'general', 'home'),
(228, 20, '@blogSubheading_1;', 'general', 'home'),
(227, 20, '@blogHeading_1;', 'general', 'home'),
(226, 20, '@blogImage_1;', 'general', 'home'),
(225, 20, '@blogSectionHeading;', 'general', 'home'),
(224, 20, '@projectImageZoomIconLink_8;', 'general', 'home'),
(223, 20, '@projectImage_8;', 'general', 'home'),
(222, 20, '@projectImageZoomIconLink_7;', 'general', 'home'),
(221, 20, '@projectImage_7;', 'general', 'home'),
(220, 20, '@projectImageZoomIconLink_6;', 'general', 'home'),
(219, 20, '@projectImage_6;', 'general', 'home'),
(218, 20, '@projectImageZoomIconLink_5;', 'general', 'home'),
(217, 20, '@projectImage_5;', 'general', 'home'),
(216, 20, '@projectImageZoomIconLink_4;', 'general', 'home'),
(215, 20, '@projectImage_4;', 'general', 'home'),
(214, 20, '@projectImageZoomIconLink_3;', 'general', 'home'),
(213, 20, '@projectImage_3;', 'general', 'home'),
(212, 20, '@projectImageZoomIconLink_2;', 'general', 'home'),
(211, 20, '@projectImage_2;', 'general', 'home'),
(210, 20, '@projectImageZoomIconLink_1;', 'general', 'home'),
(209, 20, '@projectImage_1;', 'general', 'home'),
(208, 20, '@portFolioDescription;', 'general', 'home'),
(207, 20, '@portfolioSectionHeader;', 'general', 'home'),
(206, 20, '@whatWeDoStripImage_1;', 'general', 'home'),
(205, 20, '@whatWeDoStripLink_2;', 'general', 'home'),
(204, 20, '@whatWeDoStripLink_1;', 'general', 'home'),
(203, 20, '@whatWeDoStripContent;', 'general', 'home'),
(202, 20, '@whatWeDoStripHeading;', 'general', 'home'),
(201, 20, '@serviceItemDescription_3;', 'general', 'home'),
(200, 20, '@serviceItemHeading_4;', 'general', 'home'),
(199, 20, '@serviceItemDescription_3;', 'general', 'home'),
(198, 20, '@serviceItemHeading_3;', 'general', 'home'),
(197, 20, '@serviceItemDescription_2;', 'general', 'home'),
(196, 20, '@serviceItemHeading_2;', 'general', 'home'),
(195, 20, '@serviceItemDescription_1;', 'general', 'home'),
(194, 20, '@serviceItemHeading_1;', 'general', 'home'),
(193, 20, '@sectionHeading_1;', 'general', 'home'),
(192, 20, '@slider;', 'general', 'home'),
(191, 20, '@menu;', 'general', 'home'),
(190, 20, '@siteTitle;', 'general', 'home'),
(189, 20, '@addOnCss;', 'general', 'home'),
(188, 19, '@addOnJs;', 'general', 'inner_page_1'),
(187, 19, '@content_footer_text_left;', 'general', 'inner_page_1'),
(186, 19, '@footermenu;', 'general', 'inner_page_1'),
(185, 19, '@content_footer_text_left;', 'general', 'inner_page_1'),
(184, 19, '@content_footer_image;', 'general', 'inner_page_1'),
(183, 19, '@content_3;', 'general', 'inner_page_1'),
(182, 19, '@menu;', 'general', 'inner_page_1'),
(181, 19, '@siteTitle;', 'general', 'inner_page_1'),
(180, 19, '@addOnCss;', 'general', 'inner_page_1'),
(179, 19, '@headMeta;', 'general', 'inner_page_1'),
(178, 19, '@headTitle;', 'general', 'inner_page_1'),
(177, 19, '@addOnJs;', 'general', 'home'),
(176, 19, '@content_footer_text_left;', 'general', 'home'),
(175, 19, '@footermenu;', 'general', 'home'),
(174, 19, '@content_footer_text_left;', 'general', 'home'),
(173, 19, '@content_footer_image;', 'general', 'home'),
(172, 19, '@content_2;', 'general', 'home'),
(171, 19, '@content_1;', 'general', 'home'),
(170, 19, '@slider;', 'general', 'home'),
(169, 19, '@menu;', 'general', 'home'),
(168, 19, '@siteTitle;', 'general', 'home'),
(167, 19, '@addOnCss;', 'general', 'home'),
(166, 19, '@headMeta;', 'general', 'home'),
(165, 19, '@headTitle;', 'general', 'home'),
(164, 19, '@addOnJs;', 'general', 'contact_page'),
(163, 19, '@content_footer_text_left;', 'general', 'contact_page'),
(162, 19, '@footermenu;', 'general', 'contact_page'),
(161, 19, '@content_footer_text_left;', 'general', 'contact_page'),
(160, 19, '@content_footer_image;', 'general', 'contact_page'),
(159, 19, '@contact_form_1;', 'general', 'contact_page'),
(158, 19, '@menu;', 'general', 'contact_page'),
(157, 19, '@siteTitle;', 'general', 'contact_page'),
(156, 19, '@addOnCss;', 'general', 'contact_page'),
(155, 19, '@headMeta;', 'general', 'contact_page'),
(154, 19, '@headTitle;', 'general', 'contact_page'),
(262, 21, '@internetIcon;', 'general', 'contact'),
(263, 21, '@email;', 'general', 'contact'),
(264, 21, '@footerLeftImage;', 'general', 'contact'),
(265, 21, '@footerLeftText;', 'general', 'contact'),
(266, 21, '@footerLinksHeading_1;', 'general', 'contact'),
(267, 21, '@footerMenu_1;', 'general', 'contact'),
(268, 21, '@footerMenuHeading_2;', 'general', 'contact'),
(269, 21, '@footerMenu_2;', 'general', 'contact'),
(270, 21, '@footerRightHeading_1;', 'general', 'contact'),
(271, 21, '@address;;', 'general', 'contact'),
(272, 21, '@phoneNumber;', 'general', 'contact'),
(273, 21, '@addOnContent;', 'general', 'contact'),
(274, 21, '@addOnJs;', 'general', 'contact'),
(275, 21, '@addOnCss;', 'general', 'home'),
(276, 21, '@logo;', 'general', 'home'),
(277, 21, '@menu;', 'general', 'home'),
(278, 21, '@slider;', 'general', 'home'),
(279, 21, '@mainHeading_1;', 'general', 'home'),
(280, 21, '@mainDescription_1;', 'general', 'home'),
(281, 21, '@servicesBoxHeading_1;', 'general', 'home'),
(282, 21, '@servicesBoxDescription_1;', 'general', 'home'),
(283, 21, '@servicesBoxMoreButton_1;', 'general', 'home'),
(284, 21, '@servicesBoxHeading_2;', 'general', 'home'),
(285, 21, '@servicesBoxDescription_2;', 'general', 'home'),
(286, 21, '@servicesBoxMoreButton_2;', 'general', 'home'),
(287, 21, '@servicesBoxHeading_3;', 'general', 'home'),
(288, 21, '@servicesBoxDescription_3;', 'general', 'home'),
(289, 21, '@servicesBoxMoreButton_3;', 'general', 'home'),
(290, 21, '@visionBoxHeading_1;', 'general', 'home'),
(291, 21, '@visionBoxDescription_1;', 'general', 'home'),
(292, 21, '@visionBoxHeading_2;', 'general', 'home'),
(293, 21, '@visionBoxDescription_2;', 'general', 'home'),
(294, 21, '@visionBoxHeading_3;', 'general', 'home'),
(295, 21, '@visionBoxDescription_3;', 'general', 'home'),
(296, 21, '@offerSectionHeading;', 'general', 'home'),
(297, 21, '@offerSectionDescription;', 'general', 'home'),
(298, 21, '@offerSectionImage;', 'general', 'home'),
(299, 21, '@offerListItemIcon_1;', 'general', 'home'),
(300, 21, '@offerListItemHeading_1;', 'general', 'home'),
(301, 21, '@offerListItemDescription_1;', 'general', 'home'),
(302, 21, '@offerListItemIcon_2;', 'general', 'home'),
(303, 21, '@offerListItemHeading_2;', 'general', 'home'),
(304, 21, '@offerListItemDescription_2;', 'general', 'home'),
(305, 21, '@offerListItemIcon_3;', 'general', 'home'),
(306, 21, '@offerListItemHeading_3;', 'general', 'home'),
(307, 21, '@offerListItemDescription_3;', 'general', 'home'),
(308, 21, '@offerListItemIcon_4;', 'general', 'home'),
(309, 21, '@offerListItemHeading_4;', 'general', 'home'),
(310, 21, '@offerListItemDescription_4;', 'general', 'home'),
(311, 21, '@offerListItemIcon_5;', 'general', 'home'),
(312, 21, '@offerListItemHeading_5;', 'general', 'home'),
(313, 21, '@offerListItemDescription_5;', 'general', 'home'),
(314, 21, '@businessOpSectionHeading;', 'general', 'home'),
(315, 21, '@businessOpSectionDescription;', 'general', 'home'),
(316, 21, '@businessOpBulletPoint_1;', 'general', 'home'),
(317, 21, '@businessOpBulletPoint_2;', 'general', 'home'),
(318, 21, '@businessOpBulletPoint_3;', 'general', 'home'),
(319, 21, '@businessOpImage;', 'general', 'home'),
(320, 21, '@testimonialsSlider;', 'general', 'home'),
(321, 21, '@bottomSectionHeading;', 'general', 'home'),
(322, 21, '@bottomSectionDescription;', 'general', 'home'),
(323, 21, '@bottomSectionBoxImage_1;', 'general', 'home'),
(324, 21, '@bottomSectionBoxHeading_1;', 'general', 'home'),
(325, 21, '@bottomSectionBoxDescription_1;', 'general', 'home'),
(326, 21, '@bottomSectionLink_1;', 'general', 'home'),
(327, 21, '@bottomSectionBoxImage_2;', 'general', 'home'),
(328, 21, '@bottomSectionBoxHeading_2;', 'general', 'home'),
(329, 21, '@bottomSectionBoxDescription_2;', 'general', 'home'),
(330, 21, '@bottomSectionLink_2;', 'general', 'home'),
(331, 21, '@bottomSectionBoxImage_3;', 'general', 'home'),
(332, 21, '@bottomSectionBoxHeading_3;', 'general', 'home'),
(333, 21, '@bottomSectionBoxDescription_3;', 'general', 'home'),
(334, 21, '@bottomSectionLink_3;', 'general', 'home'),
(335, 21, '@footerLeftImage;', 'general', 'home'),
(336, 21, '@footerLeftText;', 'general', 'home'),
(337, 21, '@footerLinksHeading_1;', 'general', 'home'),
(338, 21, '@footerMenu_1;', 'general', 'home'),
(339, 21, '@footerMenuHeading_2;', 'general', 'home'),
(340, 21, '@footerMenu_2;', 'general', 'home'),
(341, 21, '@footerRightHeading_1;', 'general', 'home'),
(342, 21, '@address;;', 'general', 'home'),
(343, 21, '@phoneNumber;', 'general', 'home'),
(344, 21, '@addOnContent;', 'general', 'home'),
(345, 21, '@addOnJs;', 'general', 'home');

-- --------------------------------------------------------

--
-- Table structure for table `email_log`
--

DROP TABLE IF EXISTS `email_log`;
CREATE TABLE IF NOT EXISTS `email_log` (
  `id_email_log_entry` int(11) NOT NULL AUTO_INCREMENT,
  `mail_subject` varchar(256) DEFAULT NULL,
  `mail_body` text,
  `mailer_from_email` varchar(256) DEFAULT NULL,
  `mail_to` varchar(256) DEFAULT NULL,
  `mailer` varchar(10) DEFAULT NULL,
  `entry_date` datetime DEFAULT NULL,
  `email_status` tinyint(4) DEFAULT NULL,
  PRIMARY KEY (`id_email_log_entry`)
) ENGINE=MyISAM AUTO_INCREMENT=79 DEFAULT CHARSET=latin1;

--
-- Dumping data for table `email_log`
--

INSERT INTO `email_log` (`id_email_log_entry`, `mail_subject`, `mail_body`, `mailer_from_email`, `mail_to`, `mailer`, `entry_date`, `email_status`) VALUES
(1, 'Welcome to konnecty CMS', 'Dear Joby, <br> Welcome to konnecty CMS.', 'konnectydigital@gmail.com', 'joby@konnecty.com', '', '2018-01-15 19:40:12', 0),
(2, 'Please verify your email', 'Dear Joby, <br> Please click on below link to activate your email address.<a href=\\\"\\\">Verfiy now</a>', 'konnectydigital@gmail.com', 'joby@konnecty.com', '', '2018-01-15 19:40:13', 0),
(3, 'Welcome to konnecty CMS', 'Dear Joby, <br> Welcome to konnecty CMS.', 'konnectydigital@gmail.com', 'joby1@konnecty.com', '', '2018-01-16 00:36:50', 0),
(4, 'Please verify your email', 'Dear Joby, <br> Please click on below link to activate your email address.<a href=\\\"\\\">Verfiy now</a>', 'konnectydigital@gmail.com', 'joby1@konnecty.com', '', '2018-01-16 00:36:51', 0),
(5, 'Welcome to konnecty CMS', 'Dear Joby, <br> Welcome to konnecty CMS.', 'konnectydigital@gmail.com', 'joby2@konnecty.com', '', '2018-01-16 00:38:11', 0),
(6, 'Please verify your email', 'Dear Joby, <br> Please click on below link to activate your email address.<a href=\\\"\\\">Verfiy now</a>', 'konnectydigital@gmail.com', 'joby2@konnecty.com', '', '2018-01-16 00:38:12', 0),
(7, 'Welcome to konnecty CMS', 'Dear Joby, <br> Welcome to konnecty CMS.', 'konnectydigital@gmail.com', 'joby3@konnecty.com', '', '2018-01-16 00:39:40', 0),
(8, 'Please verify your email', 'Dear Joby, <br> Please click on below link to activate your email address.<a href=\\\"\\\">Verfiy now</a>', 'konnectydigital@gmail.com', 'joby3@konnecty.com', '', '2018-01-16 00:39:41', 0),
(9, 'Welcome to konnecty CMS', 'Dear Joby, <br> Welcome to konnecty CMS.', 'konnectydigital@gmail.com', 'joby4@konnecty.com', '', '2018-01-16 00:40:45', 0),
(10, 'Please verify your email', 'Dear Joby, <br> Please click on below link to activate your email address.<a href=\\\"\\\">Verfiy now</a>', 'konnectydigital@gmail.com', 'joby4@konnecty.com', '', '2018-01-16 00:40:46', 0),
(11, 'Welcome to konnecty CMS', 'Dear Jinto, <br> Welcome to konnecty CMS.', 'konnectydigital@gmail.com', 'jinto@konnecty.com', '', '2018-01-16 00:43:57', 0),
(12, 'Please verify your email', 'Dear Jinto, <br> Please click on below link to activate your email address.<a href=\\\"\\\">Verfiy now</a>', 'konnectydigital@gmail.com', 'jinto@konnecty.com', '', '2018-01-16 00:43:58', 0),
(13, 'Welcome to konnecty CMS', 'Dear bibin, <br> Welcome to konnecty CMS.', 'konnectydigital@gmail.com', 'bibin@konnecty.com', '', '2018-01-16 09:13:30', 0),
(14, 'Please verify your email', 'Dear bibin, <br> Please click on below link to activate your email address.<a href=\\\"\\\">Verfiy now</a>', 'konnectydigital@gmail.com', 'bibin@konnecty.com', '', '2018-01-16 09:13:31', 0),
(15, 'Welcome to konnecty CMS', 'Dear Joby, <br> Welcome to konnecty CMS.', 'konnectydigital@gmail.com', 'joby10@konnecty.com', '', '2018-01-16 09:17:13', 0),
(16, 'Please verify your email', 'Dear Joby, <br> Please click on below link to activate your email address.<a href=\\\"\\\">Verfiy now</a>', 'konnectydigital@gmail.com', 'joby10@konnecty.com', '', '2018-01-16 09:17:14', 0),
(17, 'Welcome to konnecty CMS', 'Dear Joby, <br> Welcome to konnecty CMS.', 'konnectydigital@gmail.com', 'joby11@konnecty.com', '', '2018-01-16 09:18:36', 0),
(18, 'Please verify your email', 'Dear Joby, <br> Please click on below link to activate your email address.<a href=\\\"\\\">Verfiy now</a>', 'konnectydigital@gmail.com', 'joby11@konnecty.com', '', '2018-01-16 09:18:37', 0),
(19, 'Welcome to konnecty CMS', 'Dear Joby, <br> Welcome to konnecty CMS.', 'konnectydigital@gmail.com', 'joby12@konnecty.com', '', '2018-01-16 09:19:51', 0),
(20, 'Please verify your email', 'Dear Joby, <br> Please click on below link to activate your email address.<a href=\\\"\\\">Verfiy now</a>', 'konnectydigital@gmail.com', 'joby12@konnecty.com', '', '2018-01-16 09:19:52', 0),
(21, 'Welcome to konnecty CMS', 'Dear Joby, <br> Welcome to konnecty CMS.', 'konnectydigital@gmail.com', 'joby13@konnecty.com', '', '2018-01-16 09:21:50', 0),
(22, 'Please verify your email', 'Dear Joby, <br> Please click on below link to activate your email address.<a href=\\\"\\\">Verfiy now</a>', 'konnectydigital@gmail.com', 'joby13@konnecty.com', '', '2018-01-16 09:21:51', 0),
(23, 'Welcome to konnecty CMS', 'Dear Joby, <br> Welcome to konnecty CMS.', 'konnectydigital@gmail.com', 'joby14@konnecty.com', '', '2018-01-16 09:22:59', 0),
(24, 'Please verify your email', 'Dear Joby, <br> Please click on below link to activate your email address.<a href=\\\"\\\">Verfiy now</a>', 'konnectydigital@gmail.com', 'joby14@konnecty.com', '', '2018-01-16 09:23:00', 0),
(25, 'Welcome to konnecty CMS', 'Dear Joby, <br> Welcome to konnecty CMS.', 'konnectydigital@gmail.com', 'joby15@konnecty.com', '', '2018-01-16 09:34:33', 0),
(26, 'Please verify your email', 'Dear Joby, <br> Please click on below link to activate your email address.<a href=\\\"\\\">Verfiy now</a>', 'konnectydigital@gmail.com', 'joby15@konnecty.com', '', '2018-01-16 09:34:34', 0),
(27, 'Welcome to konnecty CMS', 'Dear Joby, <br> Welcome to konnecty CMS.', 'konnectydigital@gmail.com', 'joby16@konnecty.com', '', '2018-01-16 09:35:16', 0),
(28, 'Please verify your email', 'Dear Joby, <br> Please click on below link to activate your email address.<a href=\\\"\\\">Verfiy now</a>', 'konnectydigital@gmail.com', 'joby16@konnecty.com', '', '2018-01-16 09:35:17', 0),
(29, 'Welcome to konnecty CMS', 'Dear Joby, <br> Welcome to konnecty CMS.', 'konnectydigital@gmail.com', 'joby17@konnecty.com', '', '2018-01-16 09:36:22', 0),
(30, 'Please verify your email', 'Dear Joby, <br> Please click on below link to activate your email address.<a href=\\\"\\\">Verfiy now</a>', 'konnectydigital@gmail.com', 'joby17@konnecty.com', '', '2018-01-16 09:36:23', 0),
(31, 'Welcome to konnecty CMS', 'Dear Joby, <br> Welcome to konnecty CMS.', 'konnectydigital@gmail.com', 'joby@konnecty.com18', '', '2018-01-16 09:37:26', 0),
(32, 'Please verify your email', 'Dear Joby, <br> Please click on below link to activate your email address.<a href=\\\"\\\">Verfiy now</a>', 'konnectydigital@gmail.com', 'joby@konnecty.com18', '', '2018-01-16 09:37:27', 0),
(33, 'Welcome to konnecty CMS', 'Dear Joby, <br> Welcome to konnecty CMS.', 'konnectydigital@gmail.com', 'joby19@konnecty.com', '', '2018-01-16 09:38:29', 0),
(34, 'Please verify your email', 'Dear Joby, <br> Please click on below link to activate your email address.<a href=\\\"\\\">Verfiy now</a>', 'konnectydigital@gmail.com', 'joby19@konnecty.com', '', '2018-01-16 09:38:30', 0),
(35, 'Welcome to konnecty CMS', 'Dear Joby, <br> Welcome to konnecty CMS.', 'konnectydigital@gmail.com', 'joby20@konnecty.com', '', '2018-01-16 09:39:35', 0),
(36, 'Please verify your email', 'Dear Joby, <br> Please click on below link to activate your email address.<a href=\\\"\\\">Verfiy now</a>', 'konnectydigital@gmail.com', 'joby20@konnecty.com', '', '2018-01-16 09:39:36', 0),
(37, 'Welcome to konnecty CMS', 'Dear JOby, <br> Welcome to konnecty CMS.', 'konnectydigital@gmail.com', 'joby21@konnecty.com', '', '2018-01-16 09:44:32', 0),
(38, 'Please verify your email', 'Dear JOby, <br> Please click on below link to activate your email address.<a href=\\\"\\\">Verfiy now</a>', 'konnectydigital@gmail.com', 'joby21@konnecty.com', '', '2018-01-16 09:44:33', 0),
(39, 'Welcome to konnecty CMS', 'Dear Joby, <br> Welcome to konnecty CMS.', 'konnectydigital@gmail.com', 'joby22@konnecty.com', '', '2018-01-16 09:45:20', 0),
(40, 'Please verify your email', 'Dear Joby, <br> Please click on below link to activate your email address.<a href=\\\"\\\">Verfiy now</a>', 'konnectydigital@gmail.com', 'joby22@konnecty.com', '', '2018-01-16 09:45:21', 0),
(41, 'Welcome to konnecty CMS', 'Dear Joby, <br> Welcome to konnecty CMS.', 'konnectydigital@gmail.com', 'joby23@konnecty.com', '', '2018-01-16 09:46:36', 0),
(42, 'Please verify your email', 'Dear Joby, <br> Please click on below link to activate your email address.<a href=\\\"\\\">Verfiy now</a>', 'konnectydigital@gmail.com', 'joby23@konnecty.com', '', '2018-01-16 09:46:37', 0),
(43, 'Welcome to konnecty CMS', 'Dear Joby, <br> Welcome to konnecty CMS.', 'konnectydigital@gmail.com', 'joby24@konnecty.com', '', '2018-01-16 09:47:38', 0),
(44, 'Please verify your email', 'Dear Joby, <br> Please click on below link to activate your email address.<a href=\\\"\\\">Verfiy now</a>', 'konnectydigital@gmail.com', 'joby24@konnecty.com', '', '2018-01-16 09:47:39', 0),
(45, 'Welcome to konnecty CMS', 'Dear Joby, <br> Welcome to konnecty CMS.', 'konnectydigital@gmail.com', 'joby25@konnecty.com', '', '2018-01-16 09:49:50', 0),
(46, 'Please verify your email', 'Dear Joby, <br> Please click on below link to activate your email address.<a href=\\\"\\\">Verfiy now</a>', 'konnectydigital@gmail.com', 'joby25@konnecty.com', '', '2018-01-16 09:49:51', 0),
(47, 'Welcome to konnecty CMS', 'Dear Joby, <br> Welcome to konnecty CMS.', 'konnectydigital@gmail.com', 'jpb@konnecty.com', '', '2018-01-16 09:52:22', 0),
(48, 'Please verify your email', 'Dear Joby, <br> Please click on below link to activate your email address.<a href=\\\"\\\">Verfiy now</a>', 'konnectydigital@gmail.com', 'jpb@konnecty.com', '', '2018-01-16 09:52:23', 0),
(49, 'Welcome to konnecty CMS', 'Dear Joby, <br> Welcome to konnecty CMS.', 'konnectydigital@gmail.com', 'jpbwwww@konnecty.com', '', '2018-01-16 09:52:30', 0),
(50, 'Please verify your email', 'Dear Joby, <br> Please click on below link to activate your email address.<a href=\\\"\\\">Verfiy now</a>', 'konnectydigital@gmail.com', 'jpbwwww@konnecty.com', '', '2018-01-16 09:52:31', 0),
(51, 'Welcome to konnecty CMS', 'Dear Joby, <br> Welcome to konnecty CMS.', 'konnectydigital@gmail.com', 'joby111@konnecty.com', '', '2018-01-16 09:53:32', 0),
(52, 'Please verify your email', 'Dear Joby, <br> Please click on below link to activate your email address.<a href=\\\"\\\">Verfiy now</a>', 'konnectydigital@gmail.com', 'joby111@konnecty.com', '', '2018-01-16 09:53:33', 0),
(53, 'Welcome to konnecty CMS', 'Dear Joby, <br> Welcome to konnecty CMS.', 'konnectydigital@gmail.com', 'joby123@konnecty.com', '', '2018-01-16 10:06:00', 0),
(54, 'Please verify your email', 'Dear Joby, <br> Please click on below link to activate your email address.<a href=\\\"\\\">Verfiy now</a>', 'konnectydigital@gmail.com', 'joby123@konnecty.com', '', '2018-01-16 10:06:01', 0),
(55, 'Welcome to konnecty CMS', 'Dear Joby, <br> Welcome to konnecty CMS.', 'konnectydigital@gmail.com', 'joby1112@konnecty.com', '', '2018-01-16 10:07:11', 0),
(56, 'Please verify your email', 'Dear Joby, <br> Please click on below link to activate your email address.<a href=\\\"\\\">Verfiy now</a>', 'konnectydigital@gmail.com', 'joby1112@konnecty.com', '', '2018-01-16 10:07:12', 0),
(57, 'Welcome to konnecty CMS', 'Dear Joby, <br> Welcome to konnecty CMS.', 'konnectydigital@gmail.com', 'joby3211@konnecty.com', '', '2018-01-17 10:22:28', 0),
(58, 'Please verify your email', 'Dear Joby, <br> Please click on below link to activate your email address.<a href=\\\"\\\">Verfiy now</a>', 'konnectydigital@gmail.com', 'joby3211@konnecty.com', '', '2018-01-17 10:22:29', 0),
(59, 'Welcome to konnecty CMS', 'Dear Girish, <br> Welcome to konnecty CMS.', 'konnectydigital@gmail.com', 'girish@konnecty.com', '', '2018-01-18 10:08:51', 0),
(60, 'Please verify your email', 'Dear Girish, <br> Please click on below link to activate your email address.<a href=\\\"\\\">Verfiy now</a>', 'konnectydigital@gmail.com', 'girish@konnecty.com', '', '2018-01-18 10:08:52', 0),
(61, 'Welcome to konnecty CMS', 'Dear girish, <br> Welcome to konnecty CMS.', 'konnectydigital@gmail.com', 'girish@mailinator.com', '', '2018-01-18 10:19:58', 0),
(62, 'Please verify your email', 'Dear girish, <br> Please click on below link to activate your email address.<a href=\\\"\\\">Verfiy now</a>', 'konnectydigital@gmail.com', 'girish@mailinator.com', '', '2018-01-18 10:19:59', 0),
(63, 'Welcome to konnecty CMS', 'Dear Bibin, <br> Welcome to konnecty CMS.', 'konnectydigital@gmail.com', 'bibin1@konnecty.com', '', '2018-01-19 07:09:00', 0),
(64, 'Please verify your email', 'Dear Bibin, <br> Please click on below link to activate your email address.<a href=\\\"\\\">Verfiy now</a>', 'konnectydigital@gmail.com', 'bibin1@konnecty.com', '', '2018-01-19 07:09:01', 0),
(65, 'Welcome to konnecty CMS', 'Dear Jyothish, <br> Welcome to konnecty CMS.', 'konnectydigital@gmail.com', 'jyothish@konnecty.com', '', '2018-01-19 07:43:24', 0),
(66, 'Please verify your email', 'Dear Jyothish, <br> Please click on below link to activate your email address.<a href=\\\"\\\">Verfiy now</a>', 'konnectydigital@gmail.com', 'jyothish@konnecty.com', '', '2018-01-19 07:43:25', 0),
(67, 'Welcome to konnecty CMS', 'Dear Joby, <br> Welcome to konnecty CMS.', 'konnectydigital@gmail.com', 'jobyekunjumon@gmail.com', '', '2018-01-20 13:33:10', 0),
(68, 'Please verify your email', 'Dear Joby, <br> Please click on below link to activate your email address.<a href=\\\"\\\">Verfiy now</a>', 'konnectydigital@gmail.com', 'jobyekunjumon@gmail.com', '', '2018-01-20 13:33:11', 0),
(69, 'Welcome to konnecty CMS', 'Dear Joby, <br> Welcome to konnecty CMS.', 'konnectydigital@gmail.com', 'test@konnecty.com', '', '2018-01-20 15:53:17', 0),
(70, 'Please verify your email', 'Dear Joby, <br> Please click on below link to activate your email address.<a href=\\\"\\\">Verfiy now</a>', 'konnectydigital@gmail.com', 'test@konnecty.com', '', '2018-01-20 15:53:18', 0),
(71, 'Welcome to konnecty CMS', 'Dear Joby, <br> Welcome to konnecty CMS.', 'konnectydigital@gmail.com', 'jobyekunjumon@gmail.com', '', '2018-01-21 09:45:50', 0),
(72, 'Please verify your email', 'Dear Joby, <br> Please click on below link to activate your email address.<a href=\\\"\\\">Verfiy now</a>', 'konnectydigital@gmail.com', 'jobyekunjumon@gmail.com', '', '2018-01-21 09:45:51', 0),
(73, 'Welcome to konnecty CMS', 'Dear Joby, <br> Welcome to konnecty CMS.', 'konnectydigital@gmail.com', 'jobyekunjumon@gmail.com', '', '2018-01-21 12:25:21', 0),
(74, 'Please verify your email', 'Dear Joby, <br> Please click on below link to activate your email address.<a href=\\\"\\\">Verfiy now</a>', 'konnectydigital@gmail.com', 'jobyekunjumon@gmail.com', '', '2018-01-21 12:25:22', 0),
(75, 'Welcome to konnecty CMS', 'Dear noble, <br> Welcome to konnecty CMS.', 'konnectydigital@gmail.com', 'noblemathew@gmail.com', '', '2018-01-22 15:06:52', 0),
(76, 'Please verify your email', 'Dear noble, <br> Please click on below link to activate your email address.<a href=\\\"\\\">Verfiy now</a>', 'konnectydigital@gmail.com', 'noblemathew@gmail.com', '', '2018-01-22 15:06:53', 0),
(77, 'Welcome to konnecty CMS', 'Dear amal, <br> Welcome to konnecty CMS.', 'konnectydigital@gmail.com', 'amal@gmail.com', '', '2018-01-28 12:56:09', 0),
(78, 'Please verify your email', 'Dear amal, <br> Please click on below link to activate your email address.<a href=\\\"\\\">Verfiy now</a>', 'konnectydigital@gmail.com', 'amal@gmail.com', '', '2018-01-28 12:56:10', 0);

-- --------------------------------------------------------

--
-- Table structure for table `forms`
--

DROP TABLE IF EXISTS `forms`;
CREATE TABLE IF NOT EXISTS `forms` (
  `id_form` int(11) NOT NULL AUTO_INCREMENT,
  `form_name` varchar(100) DEFAULT NULL,
  `form_slug` varchar(100) DEFAULT NULL,
  `id_site` int(11) DEFAULT '0',
  `id_page` int(11) DEFAULT '0',
  `component_id` varchar(100) DEFAULT NULL,
  `form_type` varchar(20) DEFAULT NULL COMMENT 'contact_form, registration_form, login_form',
  `data_handler` varchar(25) DEFAULT NULL COMMENT 'email,save,email_and_save',
  `form_status` tinyint(4) DEFAULT NULL,
  PRIMARY KEY (`id_form`)
) ENGINE=MyISAM AUTO_INCREMENT=38 DEFAULT CHARSET=latin1;

--
-- Dumping data for table `forms`
--

INSERT INTO `forms` (`id_form`, `form_name`, `form_slug`, `id_site`, `id_page`, `component_id`, `form_type`, `data_handler`, `form_status`) VALUES
(25, 'Contact Form', '', 47, 0, '@contactForm_1;', 'contact_form', 'save_and_email', 1),
(24, 'Contact Form', '', 46, 0, '@contactForm_1;', 'contact_form', 'save_and_email', 1),
(23, 'Contact Form', '', 45, 0, '@contactForm_1;', 'contact_form', 'save_and_email', 1),
(21, 'Contact Form', '', 18, 0, '@contactForm_1;', 'contact_form', 'save_and_email', 1),
(22, 'Contact Form', '', 44, 0, '@contactForm_1;', 'contact_form', 'save_and_email', 1),
(19, 'Contact Form', '', 16, 0, '@content_footer_text_right;', 'contact_form', 'save_and_email', 1),
(26, 'Contact Form', '', 48, 0, '@contactForm_1;', 'contact_form', 'save_and_email', 1),
(27, 'Contact Form', '', 49, 0, '@contactForm_1;', 'contact_form', 'save_and_email', 1),
(28, 'Contact Form', '', 50, 0, '@contactForm_1;', 'contact_form', 'save_and_email', 1),
(29, 'Contact Form', '', 51, 0, '@contactForm_1;', 'contact_form', 'save_and_email', 1),
(30, 'Contact Form', '', 52, 0, '@contactForm_1;', 'contact_form', 'save_and_email', 1),
(31, 'Contact Form', '', 53, 0, '@contactForm_1;', 'contact_form', 'save_and_email', 1),
(32, 'Contact Form', '', 54, 0, '@contactForm_1;', 'contact_form', 'save_and_email', 1),
(33, 'Contact Form', '', 55, 0, '@contactForm_1;', 'contact_form', 'save_and_email', 1),
(34, 'Contact Form', '', 56, 0, '@contactForm_1;', 'contact_form', 'save_and_email', 1),
(35, 'Contact Form', '', 57, 0, '@contactForm_1;', 'contact_form', 'save_and_email', 1),
(36, 'Contact Form', '', 58, 0, '@contactForm_1;', 'contact_form', 'save_and_email', 1),
(37, 'Contact Form', '', 59, 0, '@contactForm_1;', 'contact_form', 'save_and_email', 1);

-- --------------------------------------------------------

--
-- Table structure for table `form_elements`
--

DROP TABLE IF EXISTS `form_elements`;
CREATE TABLE IF NOT EXISTS `form_elements` (
  `id_form_element` int(11) NOT NULL AUTO_INCREMENT,
  `id_form` int(11) NOT NULL,
  `element_type` varchar(25) DEFAULT NULL,
  `element_name` varchar(100) DEFAULT NULL,
  `place_holder` varchar(100) DEFAULT NULL,
  `validations` varchar(200) DEFAULT NULL,
  `element_class` varchar(100) DEFAULT NULL,
  `default_value` text,
  `prefill_values` text,
  `element_status` tinyint(4) DEFAULT '1',
  PRIMARY KEY (`id_form_element`)
) ENGINE=MyISAM AUTO_INCREMENT=110 DEFAULT CHARSET=latin1;

--
-- Dumping data for table `form_elements`
--

INSERT INTO `form_elements` (`id_form_element`, `id_form`, `element_type`, `element_name`, `place_holder`, `validations`, `element_class`, `default_value`, `prefill_values`, `element_status`) VALUES
(15, 17, 'submit', '', '', '', NULL, 'Send Message', NULL, 1),
(14, 17, 'textarea', 'Message', 'Message', 'required', NULL, '', NULL, 1),
(12, 17, 'text', 'Email', 'Email', 'required,email', NULL, '', NULL, 1),
(13, 17, 'text', 'Phone', 'Phone', 'required', NULL, '', NULL, 1),
(11, 17, 'text', 'Name', 'Name', 'required', NULL, 'Enter your name', NULL, 1),
(16, 18, 'text', 'Name', 'Name', 'required', NULL, '', NULL, 1),
(17, 18, 'text', 'Email', 'Email', 'required,email', NULL, '', NULL, 1),
(18, 18, 'text', 'Phone', 'Phone', 'required', NULL, '', NULL, 1),
(19, 18, 'textarea', 'Message', 'Message', 'required', NULL, '', NULL, 1),
(20, 18, 'submit', '', '', '', NULL, 'Send Message', NULL, 1),
(21, 19, 'text', 'Name', 'Name', 'required', NULL, '', NULL, 1),
(22, 19, 'text', 'Email', 'Email', 'required,email', NULL, '', NULL, 1),
(23, 19, 'text', 'Phone', 'Phone', 'required', NULL, '', NULL, 1),
(24, 19, 'textarea', 'Message', 'Message', 'required', NULL, '', NULL, 1),
(25, 19, 'submit', '', '', '', NULL, 'Send Message', NULL, 1),
(33, 21, 'textarea', 'Message', 'Message', 'required', NULL, '', NULL, 1),
(32, 21, 'text', 'Phone', 'Phone', 'required', NULL, '', NULL, 1),
(31, 21, 'text', 'Email', 'Email', 'required,email', NULL, '', NULL, 1),
(30, 21, 'text', 'Name', 'Name', 'required', NULL, '', NULL, 1),
(34, 21, 'submit', '', '', '', NULL, 'Send Message', NULL, 1),
(35, 23, NULL, 'Message', 'Message', 'required', NULL, '', NULL, 1),
(36, 23, NULL, 'Phone', 'Phone', 'required', NULL, '', NULL, 1),
(37, 23, NULL, 'Email', 'Email', 'required,email', NULL, '', NULL, 1),
(38, 23, NULL, 'Name', 'Name', 'required', NULL, '', NULL, 1),
(39, 23, NULL, '', '', '', NULL, 'Send Message', NULL, 1),
(40, 24, NULL, 'Message', 'Message', 'required', NULL, '', NULL, 1),
(41, 24, NULL, 'Phone', 'Phone', 'required', NULL, '', NULL, 1),
(42, 24, NULL, 'Email', 'Email', 'required,email', NULL, '', NULL, 1),
(43, 24, NULL, 'Name', 'Name', 'required', NULL, '', NULL, 1),
(44, 24, NULL, '', '', '', NULL, 'Send Message', NULL, 1),
(45, 25, NULL, 'Message', 'Message', 'required', NULL, '', NULL, 1),
(46, 25, NULL, 'Phone', 'Phone', 'required', NULL, '', NULL, 1),
(47, 25, NULL, 'Email', 'Email', 'required,email', NULL, '', NULL, 1),
(48, 25, NULL, 'Name', 'Name', 'required', NULL, '', NULL, 1),
(49, 25, NULL, '', '', '', NULL, 'Send Message', NULL, 1),
(50, 26, NULL, 'Message', 'Message', 'required', NULL, '', NULL, 1),
(51, 26, NULL, 'Phone', 'Phone', 'required', NULL, '', NULL, 1),
(52, 26, NULL, 'Email', 'Email', 'required,email', NULL, '', NULL, 1),
(53, 26, NULL, 'Name', 'Name', 'required', NULL, '', NULL, 1),
(54, 26, NULL, '', '', '', NULL, 'Send Message', NULL, 1),
(55, 27, NULL, 'Message', 'Message', 'required', NULL, '', NULL, 1),
(56, 27, NULL, 'Phone', 'Phone', 'required', NULL, '', NULL, 1),
(57, 27, NULL, 'Email', 'Email', 'required,email', NULL, '', NULL, 1),
(58, 27, NULL, 'Name', 'Name', 'required', NULL, '', NULL, 1),
(59, 27, NULL, '', '', '', NULL, 'Send Message', NULL, 1),
(60, 28, NULL, 'Message', 'Message', 'required', NULL, '', NULL, 1),
(61, 28, NULL, 'Phone', 'Phone', 'required', NULL, '', NULL, 1),
(62, 28, NULL, 'Email', 'Email', 'required,email', NULL, '', NULL, 1),
(63, 28, NULL, 'Name', 'Name', 'required', NULL, '', NULL, 1),
(64, 28, NULL, '', '', '', NULL, 'Send Message', NULL, 1),
(65, 29, NULL, 'Message', 'Message', 'required', NULL, '', NULL, 1),
(66, 29, NULL, 'Phone', 'Phone', 'required', NULL, '', NULL, 1),
(67, 29, NULL, 'Email', 'Email', 'required,email', NULL, '', NULL, 1),
(68, 29, NULL, 'Name', 'Name', 'required', NULL, '', NULL, 1),
(69, 29, NULL, '', '', '', NULL, 'Send Message', NULL, 1),
(70, 30, NULL, 'Message', 'Message', 'required', NULL, '', NULL, 1),
(71, 30, NULL, 'Phone', 'Phone', 'required', NULL, '', NULL, 1),
(72, 30, NULL, 'Email', 'Email', 'required,email', NULL, '', NULL, 1),
(73, 30, NULL, 'Name', 'Name', 'required', NULL, '', NULL, 1),
(74, 30, NULL, '', '', '', NULL, 'Send Message', NULL, 1),
(75, 31, NULL, 'Message', 'Message', 'required', NULL, '', NULL, 1),
(76, 31, NULL, 'Phone', 'Phone', 'required', NULL, '', NULL, 1),
(77, 31, NULL, 'Email', 'Email', 'required,email', NULL, '', NULL, 1),
(78, 31, NULL, 'Name', 'Name', 'required', NULL, '', NULL, 1),
(79, 31, NULL, '', '', '', NULL, 'Send Message', NULL, 1),
(80, 32, NULL, 'Message', 'Message', 'required', NULL, '', NULL, 1),
(81, 32, NULL, 'Phone', 'Phone', 'required', NULL, '', NULL, 1),
(82, 32, NULL, 'Email', 'Email', 'required,email', NULL, '', NULL, 1),
(83, 32, NULL, 'Name', 'Name', 'required', NULL, '', NULL, 1),
(84, 32, NULL, '', '', '', NULL, 'Send Message', NULL, 1),
(85, 33, NULL, 'Message', 'Message', 'required', NULL, '', NULL, 1),
(86, 33, NULL, 'Phone', 'Phone', 'required', NULL, '', NULL, 1),
(87, 33, NULL, 'Email', 'Email', 'required,email', NULL, '', NULL, 1),
(88, 33, NULL, 'Name', 'Name', 'required', NULL, '', NULL, 1),
(89, 33, NULL, '', '', '', NULL, 'Send Message', NULL, 1),
(90, 34, NULL, 'Message', 'Message', 'required', NULL, '', NULL, 1),
(91, 34, NULL, 'Phone', 'Phone', 'required', NULL, '', NULL, 1),
(92, 34, NULL, 'Email', 'Email', 'required,email', NULL, '', NULL, 1),
(93, 34, NULL, 'Name', 'Name', 'required', NULL, '', NULL, 1),
(94, 34, NULL, '', '', '', NULL, 'Send Message', NULL, 1),
(95, 35, NULL, 'Message', 'Message', 'required', NULL, '', NULL, 1),
(96, 35, NULL, 'Phone', 'Phone', 'required', NULL, '', NULL, 1),
(97, 35, NULL, 'Email', 'Email', 'required,email', NULL, '', NULL, 1),
(98, 35, NULL, 'Name', 'Name', 'required', NULL, '', NULL, 1),
(99, 35, NULL, '', '', '', NULL, 'Send Message', NULL, 1),
(100, 36, NULL, 'Message', 'Message', 'required', NULL, '', NULL, 1),
(101, 36, NULL, 'Phone', 'Phone', 'required', NULL, '', NULL, 1),
(102, 36, NULL, 'Email', 'Email', 'required,email', NULL, '', NULL, 1),
(103, 36, NULL, 'Name', 'Name', 'required', NULL, '', NULL, 1),
(104, 36, NULL, '', '', '', NULL, 'Send Message', NULL, 1),
(105, 37, NULL, 'Message', 'Message', 'required', NULL, '', NULL, 1),
(106, 37, NULL, 'Phone', 'Phone', 'required', NULL, '', NULL, 1),
(107, 37, NULL, 'Email', 'Email', 'required,email', NULL, '', NULL, 1),
(108, 37, NULL, 'Name', 'Name', 'required', NULL, '', NULL, 1),
(109, 37, NULL, '', '', '', NULL, 'Send Message', NULL, 1);

-- --------------------------------------------------------

--
-- Table structure for table `maps`
--

DROP TABLE IF EXISTS `maps`;
CREATE TABLE IF NOT EXISTS `maps` (
  `id_map` int(11) NOT NULL AUTO_INCREMENT,
  `id_site` int(11) NOT NULL,
  `id_page` int(11) NOT NULL,
  `component_id` varchar(100) NOT NULL,
  `map_vendor` varchar(50) NOT NULL DEFAULT 'google',
  `latitude` varchar(100) NOT NULL,
  `longitude` varchar(100) NOT NULL,
  `zoom_level` int(11) NOT NULL,
  `map_type` varchar(50) NOT NULL COMMENT 'world,city,building,street',
  PRIMARY KEY (`id_map`)
) ENGINE=MyISAM AUTO_INCREMENT=3 DEFAULT CHARSET=latin1;

--
-- Dumping data for table `maps`
--

INSERT INTO `maps` (`id_map`, `id_site`, `id_page`, `component_id`, `map_vendor`, `latitude`, `longitude`, `zoom_level`, `map_type`) VALUES
(1, 18, 0, '@mainDescription_1;', 'google', '-34.397', '150.644', 12, ''),
(2, 59, 0, '@mainDescription_1;', 'google', '10.0230196', '77.03629669999998', 12, '');

-- --------------------------------------------------------

--
-- Table structure for table `media`
--

DROP TABLE IF EXISTS `media`;
CREATE TABLE IF NOT EXISTS `media` (
  `id_media` bigint(11) NOT NULL AUTO_INCREMENT,
  `media_type` varchar(25) NOT NULL,
  `uploaded_on` datetime NOT NULL,
  `uploaded_by` int(11) NOT NULL,
  `id_user` int(11) DEFAULT '0',
  `file_name` varchar(500) DEFAULT NULL,
  `file_type` varchar(25) DEFAULT NULL,
  `file_extension` varchar(10) DEFAULT NULL,
  `file_size` bigint(20) DEFAULT NULL,
  `file_directory` varchar(1000) DEFAULT NULL,
  `file_url` varchar(1000) DEFAULT NULL,
  `caption` varchar(1000) DEFAULT NULL,
  `alt_text` varchar(500) DEFAULT NULL,
  `description` text,
  `media_status` tinyint(4) NOT NULL,
  PRIMARY KEY (`id_media`)
) ENGINE=MyISAM AUTO_INCREMENT=72 DEFAULT CHARSET=latin1;

--
-- Dumping data for table `media`
--

INSERT INTO `media` (`id_media`, `media_type`, `uploaded_on`, `uploaded_by`, `id_user`, `file_name`, `file_type`, `file_extension`, `file_size`, `file_directory`, `file_url`, `caption`, `alt_text`, `description`, `media_status`) VALUES
(2, 'image', '2018-01-02 07:36:20', 1, 0, 'IMG-20170930-WA0031(2)', 'image/jpeg', 'jpg', 153614, '/kcms/uploads/2018/01/02/', '/kcms/uploads/2018/01/02/IMG-20170930-WA0031.jpg', NULL, NULL, NULL, 1),
(3, 'image', '2018-01-02 07:36:31', 1, 0, 'IMG_20171004_132552(2)', 'image/jpeg', 'JPG', 209554, '/kcms/uploads/2018/01/02/', '/kcms/uploads/2018/01/02/IMG_20171004_132552.JPG', NULL, NULL, NULL, 1),
(4, 'image', '2018-01-02 07:36:44', 1, 0, 'IMG-20170930-WA0028', 'image/jpeg', 'jpg', 95186, '/kcms/uploads/2018/01/02/', '/kcms/uploads/2018/01/02/IMG-20170930-WA0028.jpg', NULL, NULL, NULL, 1),
(5, 'image', '2018-01-02 07:36:54', 1, 0, 'IMG-20171003-WA0051', 'image/jpeg', 'jpg', 105431, '/kcms/uploads/2018/01/02/', '/kcms/uploads/2018/01/02/IMG-20171003-WA0051.jpg', 'Caption', 'Alt Text', NULL, 1),
(6, 'image', '2018-01-04 21:10:16', 1, 0, 'Chalakudy  Kerala to Sholayar Reservoir Dam   Google Maps', 'image/png', 'png', 1635556, '/kcms/uploads/2018/01/04/', '/kcms/uploads/2018/01/04/Chalakudy  Kerala to Sholayar Reservoir Dam   Google Maps.png', NULL, NULL, NULL, 1),
(7, 'image', '2018-01-05 08:18:35', 1, 0, 'Zoho Sites', 'image/png', 'png', 14671, '/kcms/uploads/2018/01/05/', '/kcms/uploads/2018/01/05/Zoho Sites.png', NULL, NULL, NULL, 1),
(8, 'image', '2018-01-05 13:19:49', 1, 0, 'banner', 'image/jpeg', 'jpg', 40154, '/kcms/uploads/2018/01/05/', '/kcms/uploads/2018/01/05/banner.jpg', NULL, NULL, NULL, 1),
(9, 'image', '2018-01-05 15:39:01', 1, 0, 'img-1', 'image/jpeg', 'jpeg', 136147, '/kcms/uploads/2018/01/05/', '/kcms/uploads/2018/01/05/img-1.jpeg', NULL, NULL, NULL, 1),
(10, 'image', '2018-01-05 15:39:10', 1, 0, 'img-2', 'image/jpeg', 'jpeg', 101842, '/kcms/uploads/2018/01/05/', '/kcms/uploads/2018/01/05/img-2.jpeg', 'null', 'null', NULL, 1),
(11, 'image', '2018-01-05 15:39:14', 1, 0, 'img-3', 'image/jpeg', 'jpeg', 106984, '/kcms/uploads/2018/01/05/', '/kcms/uploads/2018/01/05/img-3.jpeg', NULL, NULL, NULL, 1),
(12, 'image', '2018-01-05 18:31:47', 1, 0, 'slide_01', 'image/jpeg', 'jpg', 108221, '/kcms/uploads/2018/01/05/', '/kcms/uploads/2018/01/05/slide_01.jpg', NULL, NULL, NULL, 1),
(13, 'image', '2018-01-05 18:31:54', 1, 0, 'slide_02', 'image/jpeg', 'jpg', 126147, '/kcms/uploads/2018/01/05/', '/kcms/uploads/2018/01/05/slide_02.jpg', NULL, NULL, NULL, 1),
(14, 'image', '2018-01-05 18:32:00', 1, 0, 'slide_03', 'image/jpeg', 'jpg', 129612, '/kcms/uploads/2018/01/05/', '/kcms/uploads/2018/01/05/slide_03.jpg', NULL, NULL, NULL, 1),
(15, 'image', '2018-01-10 00:29:23', 1, 0, 'blog_03', 'image/jpeg', 'jpg', 35626, '/kcms/uploads/2018/01/10/', '/kcms/uploads/2018/01/10/blog_03.jpg', NULL, NULL, NULL, 1),
(16, 'image', '2018-01-13 14:28:41', 1, 0, 'banner-bg3', 'image/jpeg', 'jpg', 48490, '/kcms/uploads/2018/01/13/', '/kcms/uploads/2018/01/13/banner-bg3.jpg', NULL, NULL, NULL, 1),
(17, 'image', '2018-01-13 14:28:48', 1, 0, 'contact-live', 'image/jpeg', 'jpg', 59175, '/kcms/uploads/2018/01/13/', '/kcms/uploads/2018/01/13/contact-live.jpg', NULL, NULL, NULL, 1),
(18, 'image', '2018-01-13 14:28:53', 1, 0, 'icon1', 'image/png', 'png', 2183, '/kcms/uploads/2018/01/13/', '/kcms/uploads/2018/01/13/icon1.png', NULL, NULL, NULL, 1),
(19, 'image', '2018-01-13 14:29:02', 1, 0, 'icon2', 'image/png', 'png', 2618, '/kcms/uploads/2018/01/13/', '/kcms/uploads/2018/01/13/icon2.png', NULL, NULL, NULL, 1),
(20, 'image', '2018-01-13 14:29:07', 1, 0, 'icon3', 'image/png', 'png', 3112, '/kcms/uploads/2018/01/13/', '/kcms/uploads/2018/01/13/icon3.png', NULL, NULL, NULL, 1),
(21, 'image', '2018-01-13 14:29:14', 1, 0, 'testimonials', 'image/jpeg', 'jpg', 172685, '/kcms/uploads/2018/01/13/', '/kcms/uploads/2018/01/13/testimonials.jpg', 'dsasf', 'null', NULL, 1),
(22, 'image', '2018-01-13 14:29:22', 1, 0, 'waxom-hand', 'image/png', 'png', 232439, '/kcms/uploads/2018/01/13/', '/kcms/uploads/2018/01/13/waxom-hand.png', NULL, NULL, NULL, 1),
(23, 'image', '2018-01-13 14:29:27', 1, 0, 'waxom-man', 'image/png', 'png', 222155, '/kcms/uploads/2018/01/13/', '/kcms/uploads/2018/01/13/waxom-man.png', NULL, NULL, NULL, 1),
(24, 'image', '2018-01-13 14:29:31', 1, 0, 'world-map', 'image/png', 'png', 14461, '/kcms/uploads/2018/01/13/', '/kcms/uploads/2018/01/13/world-map.png', NULL, NULL, NULL, 1),
(25, 'image', '2018-01-21 21:04:46', 38, 38, 'IMG_20171029_144933', 'image/jpeg', 'jpg', 1948389, '/kcms/uploads/2018/01/21/', '/kcms/uploads/2018/01/21/IMG_20171029_144933.jpg', NULL, NULL, NULL, 1),
(26, 'image', '2018-01-21 21:06:44', 38, 38, 'IMG_20171024_152932(1)', 'image/jpeg', 'jpg', 398749, '/kcms/uploads/2018/01/21/', '/kcms/uploads/2018/01/21/IMG_20171024_152932.jpg', NULL, NULL, NULL, 1),
(27, 'image', '2018-01-21 21:13:45', 38, 38, 'IMG_20171023_211154', 'image/jpeg', 'jpg', 1784329, '/kcms/uploads/2018/01/21/', '/kcms/uploads/2018/01/21/IMG_20171023_211154.jpg', NULL, NULL, NULL, 1),
(28, 'image', '2018-01-21 21:13:46', 38, 38, 'IMG_20171023_213537', 'image/jpeg', 'jpg', 221782, '/kcms/uploads/2018/01/21/', '/kcms/uploads/2018/01/21/IMG_20171023_213537.jpg', NULL, NULL, NULL, 1),
(29, 'image', '2018-01-21 21:13:48', 38, 38, 'IMG_20171024_102234', 'image/jpeg', 'jpg', 1301913, '/kcms/uploads/2018/01/21/', '/kcms/uploads/2018/01/21/IMG_20171024_102234.jpg', NULL, NULL, NULL, 1),
(30, 'image', '2018-01-21 21:13:51', 38, 38, 'IMG_20171024_102240', 'image/jpeg', 'jpg', 1036474, '/kcms/uploads/2018/01/21/', '/kcms/uploads/2018/01/21/IMG_20171024_102240.jpg', NULL, NULL, NULL, 1),
(31, 'image', '2018-01-21 21:13:52', 38, 38, 'IMG_20171024_102248', 'image/jpeg', 'jpg', 342542, '/kcms/uploads/2018/01/21/', '/kcms/uploads/2018/01/21/IMG_20171024_102248.jpg', NULL, NULL, NULL, 1),
(32, 'image', '2018-01-21 21:13:54', 38, 38, 'IMG_20171024_102251(1)', 'image/jpeg', 'jpg', 344395, '/kcms/uploads/2018/01/21/', '/kcms/uploads/2018/01/21/IMG_20171024_102251.jpg', NULL, NULL, NULL, 1),
(33, 'image', '2018-01-21 21:13:57', 38, 38, 'IMG_20171024_152500_HHT(1)', 'image/jpeg', 'jpg', 1550241, '/kcms/uploads/2018/01/21/', '/kcms/uploads/2018/01/21/IMG_20171024_152500_HHT.jpg', NULL, NULL, NULL, 1),
(34, 'image', '2018-01-21 21:14:00', 38, 38, 'IMG_20171024_152932(2)', 'image/jpeg', 'jpg', 398749, '/kcms/uploads/2018/01/21/', '/kcms/uploads/2018/01/21/IMG_20171024_152932.jpg', NULL, NULL, NULL, 1),
(35, 'image', '2018-01-21 21:14:02', 38, 38, 'IMG_20171024_152949', 'image/jpeg', 'jpg', 485894, '/kcms/uploads/2018/01/21/', '/kcms/uploads/2018/01/21/IMG_20171024_152949.jpg', NULL, NULL, NULL, 1),
(36, 'image', '2018-01-21 21:14:03', 38, 38, 'IMG_20171024_153045', 'image/jpeg', 'jpg', 744537, '/kcms/uploads/2018/01/21/', '/kcms/uploads/2018/01/21/IMG_20171024_153045.jpg', NULL, NULL, NULL, 1),
(37, 'image', '2018-01-21 21:14:06', 38, 38, 'IMG_20171024_213617', 'image/jpeg', 'jpg', 1223502, '/kcms/uploads/2018/01/21/', '/kcms/uploads/2018/01/21/IMG_20171024_213617.jpg', NULL, NULL, NULL, 1),
(38, 'image', '2018-01-21 21:14:08', 38, 38, 'IMG_20171024_213641', 'image/jpeg', 'jpg', 1118434, '/kcms/uploads/2018/01/21/', '/kcms/uploads/2018/01/21/IMG_20171024_213641.jpg', NULL, NULL, NULL, 1),
(39, 'image', '2018-01-21 21:14:10', 38, 38, 'IMG_20171024_213649', 'image/jpeg', 'jpg', 1079467, '/kcms/uploads/2018/01/21/', '/kcms/uploads/2018/01/21/IMG_20171024_213649.jpg', NULL, NULL, NULL, 1),
(40, 'image', '2018-01-21 21:14:12', 38, 38, 'IMG_20171024_213651', 'image/jpeg', 'jpg', 1065223, '/kcms/uploads/2018/01/21/', '/kcms/uploads/2018/01/21/IMG_20171024_213651.jpg', NULL, NULL, NULL, 1),
(41, 'image', '2018-01-21 21:14:14', 38, 38, 'IMG_20171024_213658', 'image/jpeg', 'jpg', 1234524, '/kcms/uploads/2018/01/21/', '/kcms/uploads/2018/01/21/IMG_20171024_213658.jpg', NULL, NULL, NULL, 1),
(42, 'image', '2018-01-21 21:14:17', 38, 38, 'IMG_20171024_213722', 'image/jpeg', 'jpg', 1372399, '/kcms/uploads/2018/01/21/', '/kcms/uploads/2018/01/21/IMG_20171024_213722.jpg', NULL, NULL, NULL, 1),
(43, 'image', '2018-01-21 21:14:19', 38, 38, 'IMG_20171024_213732', 'image/jpeg', 'jpg', 1133334, '/kcms/uploads/2018/01/21/', '/kcms/uploads/2018/01/21/IMG_20171024_213732.jpg', NULL, NULL, NULL, 1),
(44, 'image', '2018-01-21 21:14:21', 38, 38, 'IMG_20171024_213736', 'image/jpeg', 'jpg', 1106257, '/kcms/uploads/2018/01/21/', '/kcms/uploads/2018/01/21/IMG_20171024_213736.jpg', NULL, NULL, NULL, 1),
(45, 'image', '2018-01-21 21:14:24', 38, 38, 'IMG_20171026_174858', 'image/jpeg', 'jpg', 1194097, '/kcms/uploads/2018/01/21/', '/kcms/uploads/2018/01/21/IMG_20171026_174858.jpg', NULL, NULL, NULL, 1),
(46, 'image', '2018-01-21 21:14:27', 38, 38, 'IMG_20171026_174929_HHT', 'image/jpeg', 'jpg', 1611142, '/kcms/uploads/2018/01/21/', '/kcms/uploads/2018/01/21/IMG_20171026_174929_HHT.jpg', NULL, NULL, NULL, 1),
(47, 'image', '2018-01-21 21:14:29', 38, 38, 'IMG_20171026_220420', 'image/jpeg', 'jpg', 348762, '/kcms/uploads/2018/01/21/', '/kcms/uploads/2018/01/21/IMG_20171026_220420.jpg', NULL, NULL, NULL, 1),
(48, 'image', '2018-01-21 21:14:30', 38, 38, 'IMG_20171026_220422', 'image/jpeg', 'jpg', 355841, '/kcms/uploads/2018/01/21/', '/kcms/uploads/2018/01/21/IMG_20171026_220422.jpg', NULL, NULL, NULL, 1),
(49, 'image', '2018-01-21 21:14:32', 38, 38, 'IMG_20171026_220734', 'image/jpeg', 'jpg', 607495, '/kcms/uploads/2018/01/21/', '/kcms/uploads/2018/01/21/IMG_20171026_220734.jpg', NULL, NULL, NULL, 1),
(50, 'image', '2018-01-21 21:14:35', 38, 38, 'IMG_20171026_220736', 'image/jpeg', 'jpg', 713580, '/kcms/uploads/2018/01/21/', '/kcms/uploads/2018/01/21/IMG_20171026_220736.jpg', NULL, NULL, NULL, 1),
(51, 'image', '2018-01-21 21:14:37', 38, 38, 'IMG_20171026_220805', 'image/jpeg', 'jpg', 772974, '/kcms/uploads/2018/01/21/', '/kcms/uploads/2018/01/21/IMG_20171026_220805.jpg', NULL, NULL, NULL, 1),
(52, 'image', '2018-01-21 21:14:39', 38, 38, 'IMG_20171027_083000', 'image/jpeg', 'jpg', 2000661, '/kcms/uploads/2018/01/21/', '/kcms/uploads/2018/01/21/IMG_20171027_083000.jpg', NULL, NULL, NULL, 1),
(53, 'image', '2018-01-21 21:14:41', 38, 38, 'IMG_20171027_083010', 'image/jpeg', 'jpg', 1815898, '/kcms/uploads/2018/01/21/', '/kcms/uploads/2018/01/21/IMG_20171027_083010.jpg', NULL, NULL, NULL, 1),
(54, 'image', '2018-01-21 21:15:17', 38, 38, '3CBC7E13-88CB-4054-9D56-2D9FA86D7310L0001', 'image/jpeg', 'jpg', 268733, '/kcms/uploads/2018/01/21/', '/kcms/uploads/2018/01/21/3CBC7E13-88CB-4054-9D56-2D9FA86D7310L0001.jpg', NULL, NULL, NULL, 1),
(55, 'image', '2018-01-21 21:15:18', 38, 38, '38BD769E-6A16-4A8E-9C7F-9077710BACC5L0001', 'image/jpeg', 'jpg', 128537, '/kcms/uploads/2018/01/21/', '/kcms/uploads/2018/01/21/38BD769E-6A16-4A8E-9C7F-9077710BACC5L0001.jpg', NULL, NULL, NULL, 1),
(56, 'image', '2018-01-21 21:15:18', 38, 38, '63C2DCA0-9C0F-4C1A-AD57-EA2F73EC3C0BL0001', 'image/jpeg', 'jpg', 282243, '/kcms/uploads/2018/01/21/', '/kcms/uploads/2018/01/21/63C2DCA0-9C0F-4C1A-AD57-EA2F73EC3C0BL0001.jpg', NULL, NULL, NULL, 1),
(57, 'image', '2018-01-21 21:15:19', 38, 38, '301234F7-5C72-451F-AF8A-340247732E82L0001', 'image/jpeg', 'jpg', 170857, '/kcms/uploads/2018/01/21/', '/kcms/uploads/2018/01/21/301234F7-5C72-451F-AF8A-340247732E82L0001.jpg', NULL, NULL, NULL, 1),
(58, 'image', '2018-01-21 21:15:21', 38, 38, '952631DA-3EDE-4D80-A074-310964D9FB5CL0001', 'image/jpeg', 'jpg', 1893105, '/kcms/uploads/2018/01/21/', '/kcms/uploads/2018/01/21/952631DA-3EDE-4D80-A074-310964D9FB5CL0001.jpg', NULL, NULL, NULL, 1),
(59, 'image', '2018-01-21 21:15:21', 38, 38, 'A7AC8926-3539-4F2A-97AF-CE6E5CAB1501L0001', 'image/jpeg', 'jpg', 280534, '/kcms/uploads/2018/01/21/', '/kcms/uploads/2018/01/21/A7AC8926-3539-4F2A-97AF-CE6E5CAB1501L0001.jpg', NULL, NULL, NULL, 1),
(60, 'image', '2018-01-21 21:15:22', 38, 38, 'AFB3AC1B-E3FD-4545-AA20-FF5FFA4A6666L0001', 'image/jpeg', 'jpg', 162628, '/kcms/uploads/2018/01/21/', '/kcms/uploads/2018/01/21/AFB3AC1B-E3FD-4545-AA20-FF5FFA4A6666L0001.jpg', NULL, NULL, NULL, 1),
(61, 'image', '2018-01-21 21:15:23', 38, 38, 'CC9D0A4D-8341-41CE-AF8D-512F0CCF7FB6', 'image/jpeg', 'jpeg', 1133812, '/kcms/uploads/2018/01/21/', '/kcms/uploads/2018/01/21/CC9D0A4D-8341-41CE-AF8D-512F0CCF7FB6.jpeg', NULL, NULL, NULL, 1),
(62, 'image', '2018-01-21 21:15:24', 38, 38, 'E6A2E635-7E34-4174-8418-9CE4382B5C95L0001', 'image/jpeg', 'jpg', 307749, '/kcms/uploads/2018/01/21/', '/kcms/uploads/2018/01/21/E6A2E635-7E34-4174-8418-9CE4382B5C95L0001.jpg', 'Bike', 'null', NULL, 1),
(63, 'image', '2018-01-21 21:15:26', 38, 38, 'F68B5EA0-03D9-419E-AC23-3EECFA4D659BL0001', 'image/jpeg', 'jpg', 1813191, '/kcms/uploads/2018/01/21/', '/kcms/uploads/2018/01/21/F68B5EA0-03D9-419E-AC23-3EECFA4D659BL0001.jpg', NULL, NULL, NULL, 1),
(64, 'image', '2018-01-21 21:15:27', 38, 38, 'IMG_4515', 'image/jpeg', 'jpg', 1723080, '/kcms/uploads/2018/01/21/', '/kcms/uploads/2018/01/21/IMG_4515.jpg', 'Charminar', 'Charminar', NULL, 1),
(65, 'image', '2018-01-21 21:15:37', 38, 38, 'IMG_20171019_091518', 'image/jpeg', 'JPG', 1431607, '/kcms/uploads/2018/01/21/', '/kcms/uploads/2018/01/21/IMG_20171019_091518.JPG', NULL, NULL, NULL, 1),
(66, 'image', '2018-01-21 21:29:27', 38, 38, 'A7AC8926-3539-4F2A-97AF-CE6E5CAB1501L0001(1)', 'image/jpeg', 'jpg', 280534, '/kcms/uploads/2018/01/21/', '/kcms/uploads/2018/01/21/A7AC8926-3539-4F2A-97AF-CE6E5CAB1501L0001.jpg', NULL, NULL, NULL, 1),
(67, 'image', '2018-01-21 21:29:28', 38, 38, 'AFB3AC1B-E3FD-4545-AA20-FF5FFA4A6666L0001(1)', 'image/jpeg', 'jpg', 162628, '/kcms/uploads/2018/01/21/', '/kcms/uploads/2018/01/21/AFB3AC1B-E3FD-4545-AA20-FF5FFA4A6666L0001.jpg', NULL, NULL, NULL, 1),
(68, 'image', '2018-01-21 21:32:35', 38, 38, 'AFB3AC1B-E3FD-4545-AA20-FF5FFA4A6666L0001(2)', 'image/jpeg', 'jpg', 162628, '/kcms/uploads/2018/01/21/', '/kcms/uploads/2018/01/21/AFB3AC1B-E3FD-4545-AA20-FF5FFA4A6666L0001.jpg', 'Caption ', 'Alt text', NULL, 1),
(69, 'image', '2018-01-21 21:32:44', 38, 38, 'A7AC8926-3539-4F2A-97AF-CE6E5CAB1501L0001(2)', 'image/jpeg', 'jpg', 280534, '/kcms/uploads/2018/01/21/', '/kcms/uploads/2018/01/21/A7AC8926-3539-4F2A-97AF-CE6E5CAB1501L0001.jpg', 'Ulta', 'HBD', NULL, 1),
(70, 'image', '2018-01-22 05:04:58', 38, 38, 'IMG_20171024_152500_HHT', 'image/jpeg', 'jpg', 1550241, '/kcms/uploads/2018/01/22/', '/kcms/uploads/2018/01/22/IMG_20171024_152500_HHT.jpg', NULL, NULL, NULL, 1),
(71, 'image', '2018-01-22 15:04:09', 38, 38, 'IMG_20171024_102240', 'image/jpeg', 'jpg', 1036474, '/kcms/uploads/2018/01/22/', '/kcms/uploads/2018/01/22/IMG_20171024_102240.jpg', NULL, NULL, NULL, 1);

-- --------------------------------------------------------

--
-- Table structure for table `menu`
--

DROP TABLE IF EXISTS `menu`;
CREATE TABLE IF NOT EXISTS `menu` (
  `id_menu` int(11) NOT NULL AUTO_INCREMENT,
  `menu_title` varchar(100) DEFAULT NULL,
  `id_site` int(11) DEFAULT NULL,
  `id_page` int(11) DEFAULT NULL,
  `component_id` varchar(100) DEFAULT NULL,
  `menu_type` varchar(25) DEFAULT NULL COMMENT 'main_menu,footer_menu',
  `menu_status` tinyint(4) DEFAULT NULL COMMENT '0:No, 1:Yes',
  PRIMARY KEY (`id_menu`)
) ENGINE=MyISAM AUTO_INCREMENT=97 DEFAULT CHARSET=latin1;

--
-- Dumping data for table `menu`
--

INSERT INTO `menu` (`id_menu`, `menu_title`, `id_site`, `id_page`, `component_id`, `menu_type`, `menu_status`) VALUES
(8, 'Main Menu', 17, 0, '@menu;', 'main_menu', 1),
(10, 'Footer Menu', 16, 0, '@footermenu;', 'footer_menu', 1),
(9, 'Main Menu', 16, 0, '@menu;', 'main_menu', 1),
(12, 'Main Menu', 18, 0, '@menu;', 'main_menu', 1),
(21, '@footerMenu_2;', 19, 0, '@footerMenu_2;', 'footer_menu', 1),
(14, 'Footer Menu', 18, 0, '@footerMenu_2;', 'footer_menu', 1),
(20, '@menu;', 19, 0, '@menu;', 'main_menu', 1),
(22, '@menu;', 23, 0, '@menu;', 'main_menu', 1),
(23, '@footerMenu_2;', 23, 0, '@footerMenu_2;', 'footer_menu', 1),
(24, '@menu;', 24, 0, '@menu;', 'main_menu', 1),
(25, '@footerMenu_2;', 24, 0, '@footerMenu_2;', 'footer_menu', 1),
(26, '@menu;', 25, 0, '@menu;', 'main_menu', 1),
(27, '@footerMenu_2;', 25, 0, '@footerMenu_2;', 'footer_menu', 1),
(28, '@menu;', 26, 0, '@menu;', 'main_menu', 1),
(29, '@footerMenu_2;', 26, 0, '@footerMenu_2;', 'footer_menu', 1),
(30, '@menu;', 27, 0, '@menu;', 'main_menu', 1),
(31, '@footerMenu_2;', 27, 0, '@footerMenu_2;', 'footer_menu', 1),
(32, '@menu;', 28, 0, '@menu;', 'main_menu', 1),
(33, '@footerMenu_2;', 28, 0, '@footerMenu_2;', 'footer_menu', 1),
(34, '@menu;', 29, 0, '@menu;', 'main_menu', 1),
(35, '@footerMenu_2;', 29, 0, '@footerMenu_2;', 'footer_menu', 1),
(36, '@menu;', 30, 0, '@menu;', 'main_menu', 1),
(37, '@footerMenu_2;', 30, 0, '@footerMenu_2;', 'footer_menu', 1),
(38, '@menu;', 31, 0, '@menu;', 'main_menu', 1),
(39, '@footerMenu_2;', 31, 0, '@footerMenu_2;', 'footer_menu', 1),
(40, '@menu;', 32, 0, '@menu;', 'main_menu', 1),
(41, '@footerMenu_2;', 32, 0, '@footerMenu_2;', 'footer_menu', 1),
(42, '@menu;', 33, 0, '@menu;', 'main_menu', 1),
(43, '@footerMenu_2;', 33, 0, '@footerMenu_2;', 'footer_menu', 1),
(44, '@menu;', 34, 0, '@menu;', 'main_menu', 1),
(45, '@footerMenu_2;', 34, 0, '@footerMenu_2;', 'footer_menu', 1),
(46, '@menu;', 35, 0, '@menu;', 'main_menu', 1),
(47, '@footerMenu_2;', 35, 0, '@footerMenu_2;', 'footer_menu', 1),
(48, '@menu;', 36, 0, '@menu;', 'main_menu', 1),
(49, '@footerMenu_2;', 36, 0, '@footerMenu_2;', 'footer_menu', 1),
(50, '@menu;', 37, 0, '@menu;', 'main_menu', 1),
(51, '@footerMenu_2;', 37, 0, '@footerMenu_2;', 'footer_menu', 1),
(52, '@menu;', 38, 0, '@menu;', 'main_menu', 1),
(53, '@footerMenu_2;', 38, 0, '@footerMenu_2;', 'footer_menu', 1),
(54, '@menu;', 39, 0, '@menu;', 'main_menu', 1),
(55, '@footerMenu_2;', 39, 0, '@footerMenu_2;', 'footer_menu', 1),
(56, '@menu;', 40, 0, '@menu;', 'main_menu', 1),
(57, '@footerMenu_2;', 40, 0, '@footerMenu_2;', 'footer_menu', 1),
(58, '@menu;', 41, 0, '@menu;', 'main_menu', 1),
(59, '@footerMenu_2;', 41, 0, '@footerMenu_2;', 'footer_menu', 1),
(60, '@menu;', 42, 0, '@menu;', 'main_menu', 1),
(61, '@footerMenu_2;', 42, 0, '@footerMenu_2;', 'footer_menu', 1),
(62, '@menu;', 43, 0, '@menu;', 'main_menu', 1),
(63, '@footerMenu_2;', 43, 0, '@footerMenu_2;', 'footer_menu', 1),
(64, '@menu;', 44, 0, '@menu;', 'main_menu', 1),
(65, '@footerMenu_2;', 44, 0, '@footerMenu_2;', 'footer_menu', 1),
(66, '@menu;', 45, 0, '@menu;', 'main_menu', 1),
(67, '@footerMenu_2;', 45, 0, '@footerMenu_2;', 'footer_menu', 1),
(68, '@menu;', 46, 0, '@menu;', 'main_menu', 1),
(69, '@footerMenu_2;', 46, 0, '@footerMenu_2;', 'footer_menu', 1),
(70, '@menu;', 47, 0, '@menu;', 'main_menu', 1),
(71, '@footerMenu_2;', 47, 0, '@footerMenu_2;', 'footer_menu', 1),
(72, '@menu;', 48, 0, '@menu;', 'main_menu', 1),
(73, '@footerMenu_2;', 48, 0, '@footerMenu_2;', 'footer_menu', 1),
(74, '@footermenu;', 49, 0, '@footermenu;', 'footer_menu', 1),
(75, '@menu;', 49, 0, '@menu;', 'main_menu', 1),
(76, '@footerMenu_2;', 49, 0, '@footerMenu_2;', 'footer_menu', 1),
(77, '@menu;', 50, 0, '@menu;', 'main_menu', 1),
(78, '@footerMenu_2;', 50, 0, '@footerMenu_2;', 'footer_menu', 1),
(79, '@menu;', 51, 0, '@menu;', 'main_menu', 1),
(80, '@footerMenu_2;', 51, 0, '@footerMenu_2;', 'footer_menu', 1),
(81, '@menu;', 52, 0, '@menu;', 'main_menu', 1),
(82, '@footerMenu_2;', 52, 0, '@footerMenu_2;', 'footer_menu', 1),
(83, '@menu;', 53, 0, '@menu;', 'main_menu', 1),
(84, '@footerMenu_2;', 53, 0, '@footerMenu_2;', 'footer_menu', 1),
(85, '@menu;', 54, 0, '@menu;', 'main_menu', 1),
(86, '@footerMenu_2;', 54, 0, '@footerMenu_2;', 'footer_menu', 1),
(87, '@menu;', 55, 0, '@menu;', 'main_menu', 1),
(88, '@footerMenu_2;', 55, 0, '@footerMenu_2;', 'footer_menu', 1),
(89, '@menu;', 56, 0, '@menu;', 'main_menu', 1),
(90, '@footerMenu_2;', 56, 0, '@footerMenu_2;', 'footer_menu', 1),
(91, '@menu;', 57, 0, '@menu;', 'main_menu', 1),
(92, '@footerMenu_2;', 57, 0, '@footerMenu_2;', 'footer_menu', 1),
(93, '@menu;', 58, 0, '@menu;', 'main_menu', 1),
(94, '@footerMenu_2;', 58, 0, '@footerMenu_2;', 'footer_menu', 1),
(95, '@menu;', 59, 0, '@menu;', 'main_menu', 1),
(96, '@footerMenu_2;', 59, 0, '@footerMenu_2;', 'footer_menu', 1);

-- --------------------------------------------------------

--
-- Table structure for table `menu_items`
--

DROP TABLE IF EXISTS `menu_items`;
CREATE TABLE IF NOT EXISTS `menu_items` (
  `id_menu_item` int(11) NOT NULL AUTO_INCREMENT,
  `id_parent_menu_item` int(11) DEFAULT '0',
  `id_menu` int(11) DEFAULT NULL,
  `title` varchar(100) DEFAULT NULL,
  `menu_slug` varchar(100) DEFAULT NULL,
  `target` varchar(20) DEFAULT NULL COMMENT '_blank, _seld',
  `link_type` varchar(20) DEFAULT NULL COMMENT 'external, page_link, internal_page_link',
  `page_id` int(11) DEFAULT NULL,
  `page_slug` varchar(100) DEFAULT NULL,
  `internal_target_name` varchar(100) DEFAULT NULL,
  `external_link` varchar(500) DEFAULT NULL,
  `menu_item_status` tinyint(4) DEFAULT NULL COMMENT '0:Enabled, 1: Disabled',
  `sort_order` int(11) DEFAULT '0',
  PRIMARY KEY (`id_menu_item`),
  KEY `id_parent_menu_item` (`id_parent_menu_item`)
) ENGINE=MyISAM AUTO_INCREMENT=270 DEFAULT CHARSET=latin1;

--
-- Dumping data for table `menu_items`
--

INSERT INTO `menu_items` (`id_menu_item`, `id_parent_menu_item`, `id_menu`, `title`, `menu_slug`, `target`, `link_type`, `page_id`, `page_slug`, `internal_target_name`, `external_link`, `menu_item_status`, `sort_order`) VALUES
(50, 0, 12, 'Home', 'home', '', 'page_link', 25, 'home', '', '', 1, 1),
(51, 0, 12, 'Contact', 'contact', '', 'page_link', 24, 'contact', '', '', 1, 2),
(42, 0, 9, 'Home', 'home', '', 'page_link', 11, 'home', '', '', 1, 0),
(43, 0, 9, 'About', 'about', '', 'page_link', 12, 'inner_page_1', '', '', 1, 1),
(44, 0, 9, 'Contact', 'contact', '', 'page_link', 22, 'contact', '', '', 1, 2),
(45, 0, 10, 'Home', 'home', '', 'page_link', 11, 'home', '', '', 1, 1),
(46, 47, 10, 'About', 'about', '', 'page_link', 12, 'inner_page_1', '', '', 1, 1),
(47, 0, 10, 'Contact', 'contact', '', 'page_link', 22, 'contact', '', '', 1, 2),
(48, 0, 10, 'Goole', 'goole', '_blank', 'external', 0, '', '', 'https://www.google.co.in/', 1, 3),
(57, 0, 14, 'Home', 'home', '', 'page_link', 25, 'home', '', '', 1, 3),
(58, 0, 14, 'Contact', 'contact', '', 'page_link', 24, 'contact', '', '', 1, 1),
(59, 0, 14, 'About', 'about', '', 'page_link', 26, 'about', '', '', 1, 2),
(60, NULL, 18, 'Home', 'home', '', 'page_link', 0, 'home', '', '', 1, 0),
(61, NULL, 18, 'Contact', 'contact', '', 'page_link', 0, 'contact', '', '', 1, 1),
(62, NULL, 19, 'Home', 'home', '', 'page_link', 0, 'home', '', '', 1, 3),
(63, NULL, 19, 'Contact', 'contact', '', 'page_link', 0, 'contact', '', '', 1, 1),
(64, NULL, 19, 'About', 'about', '', 'page_link', 0, 'about', '', '', 1, 2),
(65, 0, 20, 'Home', 'home', '', 'page_link', 0, 'home', '', '', 1, 0),
(66, 0, 20, 'Contact', 'contact', '', 'page_link', 0, 'contact', '', '', 1, 1),
(67, 0, 21, 'Home', 'home', '', 'page_link', 0, 'home', '', '', 1, 3),
(68, 0, 21, 'Contact', 'contact', '', 'page_link', 0, 'contact', '', '', 1, 1),
(69, 0, 21, 'About', 'about', '', 'page_link', 0, 'about', '', '', 1, 2),
(70, 0, 22, 'Home', 'home', '', 'page_link', 0, 'home', '', '', 1, 0),
(71, 0, 22, 'Contact', 'contact', '', 'page_link', 0, 'contact', '', '', 1, 1),
(72, 0, 23, 'Home', 'home', '', 'page_link', 0, 'home', '', '', 1, 3),
(73, 0, 23, 'Contact', 'contact', '', 'page_link', 0, 'contact', '', '', 1, 1),
(74, 0, 23, 'About', 'about', '', 'page_link', 0, 'about', '', '', 1, 2),
(75, 0, 24, 'Home', 'home', '', 'page_link', 0, 'home', '', '', 1, 0),
(76, 0, 24, 'Contact', 'contact', '', 'page_link', 0, 'contact', '', '', 1, 1),
(77, 0, 25, 'Home', 'home', '', 'page_link', 0, 'home', '', '', 1, 3),
(78, 0, 25, 'Contact', 'contact', '', 'page_link', 0, 'contact', '', '', 1, 1),
(79, 0, 25, 'About', 'about', '', 'page_link', 0, 'about', '', '', 1, 2),
(80, 0, 26, 'Home', 'home', '', 'page_link', 0, 'home', '', '', 1, 0),
(81, 0, 26, 'Contact', 'contact', '', 'page_link', 0, 'contact', '', '', 1, 1),
(82, 0, 27, 'Home', 'home', '', 'page_link', 0, 'home', '', '', 1, 3),
(83, 0, 27, 'Contact', 'contact', '', 'page_link', 0, 'contact', '', '', 1, 1),
(84, 0, 27, 'About', 'about', '', 'page_link', 0, 'about', '', '', 1, 2),
(85, 0, 28, 'Home', 'home', '', 'page_link', 0, 'home', '', '', 1, 0),
(86, 0, 28, 'Contact', 'contact', '', 'page_link', 0, 'contact', '', '', 1, 1),
(87, 0, 29, 'Home', 'home', '', 'page_link', 0, 'home', '', '', 1, 3),
(88, 0, 29, 'Contact', 'contact', '', 'page_link', 0, 'contact', '', '', 1, 1),
(89, 0, 29, 'About', 'about', '', 'page_link', 0, 'about', '', '', 1, 2),
(90, 0, 30, 'Home', 'home', '', 'page_link', 0, 'home', '', '', 1, 0),
(91, 0, 30, 'Contact', 'contact', '', 'page_link', 0, 'contact', '', '', 1, 1),
(92, 0, 31, 'Home', 'home', '', 'page_link', 0, 'home', '', '', 1, 3),
(93, 0, 31, 'Contact', 'contact', '', 'page_link', 0, 'contact', '', '', 1, 1),
(94, 0, 31, 'About', 'about', '', 'page_link', 0, 'about', '', '', 1, 2),
(95, 0, 32, 'Home', 'home', '', 'page_link', 0, 'home', '', '', 1, 0),
(96, 0, 32, 'Contact', 'contact', '', 'page_link', 0, 'contact', '', '', 1, 1),
(97, 0, 33, 'Home', 'home', '', 'page_link', 0, 'home', '', '', 1, 3),
(98, 0, 33, 'Contact', 'contact', '', 'page_link', 0, 'contact', '', '', 1, 1),
(99, 0, 33, 'About', 'about', '', 'page_link', 0, 'about', '', '', 1, 2),
(100, 0, 34, 'Home', 'home', '', 'page_link', 0, 'home', '', '', 1, 0),
(101, 0, 34, 'Contact', 'contact', '', 'page_link', 0, 'contact', '', '', 1, 1),
(102, 0, 35, 'Home', 'home', '', 'page_link', 0, 'home', '', '', 1, 3),
(103, 0, 35, 'Contact', 'contact', '', 'page_link', 0, 'contact', '', '', 1, 1),
(104, 0, 35, 'About', 'about', '', 'page_link', 0, 'about', '', '', 1, 2),
(105, 0, 36, 'Home', 'home', '', 'page_link', 0, 'home', '', '', 1, 0),
(106, 0, 36, 'Contact', 'contact', '', 'page_link', 0, 'contact', '', '', 1, 1),
(107, 0, 37, 'Home', 'home', '', 'page_link', 0, 'home', '', '', 1, 3),
(108, 0, 37, 'Contact', 'contact', '', 'page_link', 0, 'contact', '', '', 1, 1),
(109, 0, 37, 'About', 'about', '', 'page_link', 0, 'about', '', '', 1, 2),
(110, 0, 38, 'Home', 'home', '', 'page_link', 0, 'home', '', '', 1, 0),
(111, 0, 38, 'Contact', 'contact', '', 'page_link', 0, 'contact', '', '', 1, 1),
(112, 0, 39, 'Home', 'home', '', 'page_link', 0, 'home', '', '', 1, 3),
(113, 0, 39, 'Contact', 'contact', '', 'page_link', 0, 'contact', '', '', 1, 1),
(114, 0, 39, 'About', 'about', '', 'page_link', 0, 'about', '', '', 1, 2),
(115, 0, 40, 'Home', 'home', '', 'page_link', 0, 'home', '', '', 1, 0),
(116, 0, 40, 'Contact', 'contact', '', 'page_link', 0, 'contact', '', '', 1, 1),
(117, 0, 41, 'Home', 'home', '', 'page_link', 0, 'home', '', '', 1, 3),
(118, 0, 41, 'Contact', 'contact', '', 'page_link', 0, 'contact', '', '', 1, 1),
(119, 0, 41, 'About', 'about', '', 'page_link', 0, 'about', '', '', 1, 2),
(120, 0, 42, 'Home', 'home', '', 'page_link', 0, 'home', '', '', 1, 0),
(121, 0, 42, 'Contact', 'contact', '', 'page_link', 0, 'contact', '', '', 1, 1),
(122, 0, 43, 'Home', 'home', '', 'page_link', 0, 'home', '', '', 1, 3),
(123, 0, 43, 'Contact', 'contact', '', 'page_link', 0, 'contact', '', '', 1, 1),
(124, 0, 43, 'About', 'about', '', 'page_link', 0, 'about', '', '', 1, 2),
(125, 0, 44, 'Home', 'home', '', 'page_link', 0, 'home', '', '', 1, 0),
(126, 0, 44, 'Contact', 'contact', '', 'page_link', 0, 'contact', '', '', 1, 1),
(127, 0, 45, 'Home', 'home', '', 'page_link', 0, 'home', '', '', 1, 3),
(128, 0, 45, 'Contact', 'contact', '', 'page_link', 0, 'contact', '', '', 1, 1),
(129, 0, 45, 'About', 'about', '', 'page_link', 0, 'about', '', '', 1, 2),
(130, 0, 46, 'Home', 'home', '', 'page_link', 0, 'home', '', '', 1, 0),
(131, 0, 46, 'Contact', 'contact', '', 'page_link', 0, 'contact', '', '', 1, 1),
(132, 0, 47, 'Home', 'home', '', 'page_link', 0, 'home', '', '', 1, 3),
(133, 0, 47, 'Contact', 'contact', '', 'page_link', 0, 'contact', '', '', 1, 1),
(134, 0, 47, 'About', 'about', '', 'page_link', 0, 'about', '', '', 1, 2),
(135, 0, 48, 'Home', 'home', '', 'page_link', 0, 'home', '', '', 1, 0),
(136, 0, 48, 'Contact', 'contact', '', 'page_link', 0, 'contact', '', '', 1, 1),
(137, 0, 49, 'Home', 'home', '', 'page_link', 0, 'home', '', '', 1, 3),
(138, 0, 49, 'Contact', 'contact', '', 'page_link', 0, 'contact', '', '', 1, 1),
(139, 0, 49, 'About', 'about', '', 'page_link', 0, 'about', '', '', 1, 2),
(140, 0, 50, 'Home', 'home', '', 'page_link', 0, 'home', '', '', 1, 0),
(141, 0, 50, 'Contact', 'contact', '', 'page_link', 0, 'contact', '', '', 1, 1),
(142, 0, 51, 'Home', 'home', '', 'page_link', 0, 'home', '', '', 1, 3),
(143, 0, 51, 'Contact', 'contact', '', 'page_link', 0, 'contact', '', '', 1, 1),
(144, 0, 51, 'About', 'about', '', 'page_link', 0, 'about', '', '', 1, 2),
(145, 0, 52, 'Home', 'home', '', 'page_link', 0, 'home', '', '', 1, 0),
(146, 0, 52, 'Contact', 'contact', '', 'page_link', 0, 'contact', '', '', 1, 1),
(147, 0, 53, 'Home', 'home', '', 'page_link', 0, 'home', '', '', 1, 3),
(148, 0, 53, 'Contact', 'contact', '', 'page_link', 0, 'contact', '', '', 1, 1),
(149, 0, 53, 'About', 'about', '', 'page_link', 0, 'about', '', '', 1, 2),
(150, 0, 54, 'Home', 'home', '', 'page_link', 0, 'home', '', '', 1, 0),
(151, 0, 54, 'Contact', 'contact', '', 'page_link', 0, 'contact', '', '', 1, 1),
(152, 0, 55, 'Home', 'home', '', 'page_link', 0, 'home', '', '', 1, 3),
(153, 0, 55, 'Contact', 'contact', '', 'page_link', 0, 'contact', '', '', 1, 1),
(154, 0, 55, 'About', 'about', '', 'page_link', 0, 'about', '', '', 1, 2),
(155, 0, 56, 'Home', 'home', '', 'page_link', 0, 'home', '', '', 1, 0),
(156, 0, 56, 'Contact', 'contact', '', 'page_link', 0, 'contact', '', '', 1, 1),
(157, 0, 57, 'Home', 'home', '', 'page_link', 0, 'home', '', '', 1, 3),
(158, 0, 57, 'Contact', 'contact', '', 'page_link', 0, 'contact', '', '', 1, 1),
(159, 0, 57, 'About', 'about', '', 'page_link', 0, 'about', '', '', 1, 2),
(160, 0, 58, 'Home', 'home', '', 'page_link', 0, 'home', '', '', 1, 0),
(161, 0, 58, 'Contact', 'contact', '', 'page_link', 0, 'contact', '', '', 1, 1),
(162, 0, 59, 'Home', 'home', '', 'page_link', 0, 'home', '', '', 1, 3),
(163, 0, 59, 'Contact', 'contact', '', 'page_link', 0, 'contact', '', '', 1, 1),
(164, 0, 59, 'About', 'about', '', 'page_link', 0, 'about', '', '', 1, 2),
(165, 0, 60, 'Home', 'home', '', 'page_link', 0, 'home', '', '', 1, 0),
(166, 0, 60, 'Contact', 'contact', '', 'page_link', 0, 'contact', '', '', 1, 1),
(167, 0, 61, 'Home', 'home', '', 'page_link', 0, 'home', '', '', 1, 3),
(168, 0, 61, 'Contact', 'contact', '', 'page_link', 0, 'contact', '', '', 1, 1),
(169, 0, 61, 'About', 'about', '', 'page_link', 0, 'about', '', '', 1, 2),
(170, 0, 62, 'Home', 'home', '', 'page_link', 0, 'home', '', '', 1, 0),
(171, 0, 62, 'Contact', 'contact', '', 'page_link', 0, 'contact', '', '', 1, 1),
(172, 0, 63, 'Home', 'home', '', 'page_link', 0, 'home', '', '', 1, 3),
(173, 0, 63, 'Contact', 'contact', '', 'page_link', 0, 'contact', '', '', 1, 1),
(174, 0, 63, 'About', 'about', '', 'page_link', 0, 'about', '', '', 1, 2),
(175, 0, 64, 'Home', 'home', '', 'page_link', 0, 'home', '', '', 1, 0),
(176, 0, 64, 'Contact', 'contact', '', 'page_link', 0, 'contact', '', '', 1, 1),
(177, 0, 65, 'Home', 'home', '', 'page_link', 0, 'home', '', '', 1, 3),
(178, 0, 65, 'Contact', 'contact', '', 'page_link', 0, 'contact', '', '', 1, 1),
(179, 0, 65, 'About', 'about', '', 'page_link', 0, 'about', '', '', 1, 2),
(180, 0, 66, 'Home', 'home', '', 'page_link', 0, 'home', '', '', 1, 0),
(181, 0, 66, 'Contact', 'contact', '', 'page_link', 0, 'contact', '', '', 1, 1),
(182, 0, 67, 'Home', 'home', '', 'page_link', 0, 'home', '', '', 1, 3),
(183, 0, 67, 'Contact', 'contact', '', 'page_link', 0, 'contact', '', '', 1, 1),
(184, 0, 67, 'About', 'about', '', 'page_link', 0, 'about', '', '', 1, 2),
(185, 0, 68, 'Home', 'home', '', 'page_link', 0, 'home', '', '', 1, 0),
(186, 0, 68, 'Contact', 'contact', '', 'page_link', 0, 'contact', '', '', 1, 1),
(187, 0, 69, 'Home', 'home', '', 'page_link', 0, 'home', '', '', 1, 3),
(188, 0, 69, 'Contact', 'contact', '', 'page_link', 0, 'contact', '', '', 1, 1),
(189, 0, 69, 'About', 'about', '', 'page_link', 0, 'about', '', '', 1, 2),
(190, 0, 70, 'Home', 'home', '', 'page_link', 0, 'home', '', '', 1, 0),
(191, 0, 70, 'Contact', 'contact', '', 'page_link', 0, 'contact', '', '', 1, 1),
(192, 0, 71, 'Home', 'home', '', 'page_link', 0, 'home', '', '', 1, 3),
(193, 0, 71, 'Contact', 'contact', '', 'page_link', 0, 'contact', '', '', 1, 1),
(194, 0, 71, 'About', 'about', '', 'page_link', 0, 'about', '', '', 1, 2),
(195, 0, 72, 'Home', 'home', '', 'page_link', 0, 'home', '', '', 1, 0),
(196, 0, 72, 'Contact', 'contact', '', 'page_link', 0, 'contact', '', '', 1, 1),
(197, 0, 73, 'Home', 'home', '', 'page_link', 0, 'home', '', '', 1, 3),
(198, 0, 73, 'Contact', 'contact', '', 'page_link', 0, 'contact', '', '', 1, 1),
(199, 0, 73, 'About', 'about', '', 'page_link', 0, 'about', '', '', 1, 2),
(200, 0, 74, 'Home', 'home', '', 'page_link', 0, 'home', '', '', 1, 1),
(201, 0, 74, 'About', 'about', '', 'page_link', 0, 'inner_page_1', '', '', 1, 1),
(202, 0, 74, 'Contact', 'contact', '', 'page_link', 0, 'contact', '', '', 1, 2),
(203, 0, 75, 'Home', 'home', '', 'page_link', 0, 'home', '', '', 1, 0),
(204, 0, 75, 'Contact', 'contact', '', 'page_link', 0, 'contact', '', '', 1, 1),
(205, 0, 76, 'Home', 'home', '', 'page_link', 0, 'home', '', '', 1, 3),
(206, 0, 76, 'Contact', 'contact', '', 'page_link', 0, 'contact', '', '', 1, 1),
(207, 0, 76, 'About', 'about', '', 'page_link', 0, 'about', '', '', 1, 2),
(208, 0, 77, 'Home', 'home', '', 'page_link', 0, 'home', '', '', 1, 0),
(209, 0, 77, 'Contact', 'contact', '', 'page_link', 0, 'contact', '', '', 1, 1),
(210, 0, 78, 'Home', 'home', '', 'page_link', 0, 'home', '', '', 1, 3),
(211, 0, 78, 'Contact', 'contact', '', 'page_link', 0, 'contact', '', '', 1, 1),
(212, 0, 78, 'About', 'about', '', 'page_link', 0, 'about', '', '', 1, 2),
(213, 0, 79, 'Home', 'home', '', 'page_link', 0, 'home', '', '', 1, 0),
(214, 0, 79, 'Contact', 'contact', '', 'page_link', 0, 'contact', '', '', 1, 1),
(215, 0, 80, 'Home', 'home', '', 'page_link', 0, 'home', '', '', 1, 3),
(216, 0, 80, 'Contact', 'contact', '', 'page_link', 0, 'contact', '', '', 1, 1),
(217, 0, 80, 'About', 'about', '', 'page_link', 0, 'about', '', '', 1, 2),
(218, 0, 81, 'Home', 'home', '', 'page_link', 0, 'home', '', '', 1, 0),
(219, 0, 81, 'Contact', 'contact', '', 'page_link', 0, 'contact', '', '', 1, 1),
(220, 0, 82, 'Home', 'home', '', 'page_link', 0, 'home', '', '', 1, 3),
(221, 0, 82, 'Contact', 'contact', '', 'page_link', 0, 'contact', '', '', 1, 1),
(222, 0, 82, 'About', 'about', '', 'page_link', 0, 'about', '', '', 1, 2),
(223, 0, 83, 'Home', 'home', '', 'page_link', 0, 'home', '', '', 1, 0),
(224, 0, 83, 'Contact', 'contact', '', 'page_link', 0, 'contact', '', '', 1, 1),
(225, 0, 84, 'Home', 'home', '', 'page_link', 0, 'home', '', '', 1, 3),
(226, 0, 84, 'Contact', 'contact', '', 'page_link', 0, 'contact', '', '', 1, 1),
(227, 0, 84, 'About', 'about', '', 'page_link', 0, 'about', '', '', 1, 2),
(228, 0, 85, 'Home', 'home', '', 'page_link', 0, 'home', '', '', 1, 0),
(229, 0, 85, 'Contact', 'contact', '', 'page_link', 0, 'contact', '', '', 1, 1),
(230, 0, 86, 'Home', 'home', '', 'page_link', 0, 'home', '', '', 1, 3),
(231, 0, 86, 'Contact', 'contact', '', 'page_link', 0, 'contact', '', '', 1, 1),
(232, 0, 86, 'About', 'about', '', 'page_link', 0, 'about', '', '', 1, 2),
(233, 0, 87, 'Home', 'home', '', 'page_link', 0, 'home', '', '', 1, 0),
(234, 0, 87, 'Contact', 'contact', '', 'page_link', 0, 'contact', '', '', 1, 1),
(235, 0, 88, 'Home', 'home', '', 'page_link', 0, 'home', '', '', 1, 3),
(236, 0, 88, 'Contact', 'contact', '', 'page_link', 0, 'contact', '', '', 1, 1),
(237, 0, 88, 'About', 'about', '', 'page_link', 0, 'about', '', '', 1, 2),
(251, 51, 12, 'Test', 'test', '', 'page_link', 157, 'test', '', '', 1, 1),
(239, 0, 89, 'Home', 'home', '', 'page_link', 0, 'home', '', '', 1, 1),
(240, 0, 89, 'Contact', 'contact', '', 'page_link', 0, 'contact', '', '', 1, 2),
(241, 0, 89, 'kkkk', 'kkkk', '', 'page_link', 0, 'kkkk', '', '', 1, 3),
(242, 0, 90, 'Home', 'home', '', 'page_link', 0, 'home', '', '', 1, 3),
(243, 0, 90, 'Contact', 'contact', '', 'page_link', 0, 'contact', '', '', 1, 1),
(244, 0, 90, 'About', 'about', '', 'page_link', 0, 'about', '', '', 1, 2),
(245, 0, 91, 'Home', 'home', '', 'page_link', 0, 'home', '', '', 1, 1),
(246, 0, 91, 'Contact', 'contact', '_blank', 'page_link', 153, 'contact', '', '', 1, 2),
(252, 0, 91, 'Services', 'services', '', 'page_link', 158, 'services', '', '', 1, 3),
(248, 0, 92, 'Home', 'home', '', 'page_link', 0, 'home', '', '', 1, 3),
(249, 0, 92, 'Contact', 'contact', '', 'page_link', 0, 'contact', '', '', 1, 1),
(250, 0, 92, 'About', 'about', '', 'page_link', 0, 'about', '', '', 1, 2),
(253, 0, 91, 'New Link', 'new_link', '_blank', 'page_link', 156, 'kkkk', '', '', 1, 4),
(255, 253, 91, 'About Us', 'about_us', '_blank', 'page_link', 155, 'about', '', '', 1, 1),
(257, 0, 92, 'Our Services', 'our_services', '', 'page_link', 158, 'services', '', '', 1, 4),
(258, 0, 93, 'Home', 'home', '', 'page_link', 0, 'home', '', '', 1, 1),
(259, 0, 93, 'Contact', 'contact', '', 'page_link', 0, 'contact', '', '', 1, 2),
(260, 0, 93, 'Test', 'test', '', 'page_link', 0, 'test', '', '', 1, 1),
(261, 0, 94, 'Home', 'home', '', 'page_link', 0, 'home', '', '', 1, 3),
(262, 0, 94, 'Contact', 'contact', '', 'page_link', 0, 'contact', '', '', 1, 1),
(263, 0, 94, 'About', 'about', '', 'page_link', 0, 'about', '', '', 1, 2),
(264, 0, 95, 'Home', 'home', '', 'page_link', 0, 'home', '', '', 1, 1),
(265, 0, 95, 'Contact', 'contact', '', 'page_link', 0, 'contact', '', '', 1, 2),
(266, 0, 95, 'Test', 'test', '', 'page_link', 0, 'test', '', '', 1, 1),
(267, 0, 96, 'Home', 'home', '', 'page_link', 0, 'home', '', '', 1, 3),
(268, 0, 96, 'Contact', 'contact', '', 'page_link', 0, 'contact', '', '', 1, 1),
(269, 0, 96, 'About', 'about', '', 'page_link', 0, 'about', '', '', 1, 2);

-- --------------------------------------------------------

--
-- Table structure for table `pages`
--

DROP TABLE IF EXISTS `pages`;
CREATE TABLE IF NOT EXISTS `pages` (
  `id_page` int(11) NOT NULL AUTO_INCREMENT,
  `id_site` int(11) NOT NULL,
  `page_layout` varchar(50) DEFAULT NULL,
  `page_title` varchar(50) DEFAULT NULL,
  `page_slug` varchar(50) DEFAULT NULL,
  `compiled_content` text,
  `altered_layout_structure` text,
  `keywords` varchar(500) DEFAULT NULL,
  `page_status` tinyint(4) DEFAULT NULL COMMENT '0:Enabled,1:Disabled',
  PRIMARY KEY (`id_page`)
) ENGINE=MyISAM AUTO_INCREMENT=169 DEFAULT CHARSET=latin1;

--
-- Dumping data for table `pages`
--

INSERT INTO `pages` (`id_page`, `id_site`, `page_layout`, `page_title`, `page_slug`, `compiled_content`, `altered_layout_structure`, `keywords`, `page_status`) VALUES
(16, 16, 'home', 'Test Page 3', 'test-page-3', NULL, NULL, 'Demo Site', 1),
(15, 16, 'inner_page_1', 'Test Page 2', 'test-page-2', NULL, NULL, 'Demo Site', 1),
(14, 16, 'inner_page_1', 'Test Page', 'test-page', NULL, NULL, 'Demo Site', 1),
(13, 17, 'home', 'Home', 'home', NULL, NULL, 'Demo Site of ', 1),
(12, 16, 'inner_page_1', 'Inner_page_1', 'inner_page_1', NULL, NULL, 'Demo Site of ', 1),
(11, 16, 'home', 'Home', 'home', NULL, NULL, 'Demo Site of ', 1),
(10, 16, 'contact_page', 'Contact_page', 'contact_page', NULL, NULL, 'Demo Site of ', 1),
(17, 16, 'home', 'Test Page 3', 'test-page-3', NULL, NULL, 'Demo Site', 1),
(18, 16, 'home', 'Test Page 3', 'test-page-3', NULL, NULL, 'Demo Site', 1),
(19, 16, 'inner_page_1', 'Test page 4', 'test-page-4', NULL, NULL, 'Demo Site', 1),
(20, 16, 'inner_page_1', 'Test page 4', 'test-page-4-1', NULL, NULL, 'Demo Site', 1),
(21, 16, 'home', 'images', 'images', NULL, NULL, 'Demo Site', 1),
(22, 16, 'contact_page', 'Contact', 'contact', NULL, NULL, 'Demo Site', 1),
(23, 16, 'home', 'jygkujh', 'jygkujh', NULL, NULL, 'Demo Site', 1),
(24, 18, 'contact', 'Contact', 'contact', NULL, NULL, 'Demo Site', 1),
(25, 18, 'home', 'Home', 'home', NULL, NULL, 'Demo Site', 1),
(26, 18, 'home', 'About', 'about', NULL, NULL, 'Demo Site', 1),
(34, 19, 'home', 'Home', 'home', NULL, NULL, '', 1),
(33, 19, 'contact', 'Contact', 'contact', NULL, NULL, '', 1),
(35, 19, 'home', 'About', 'about', NULL, NULL, '', 1),
(36, 23, 'contact', 'Contact', 'contact', NULL, NULL, '', 1),
(37, 23, 'home', 'Home', 'home', NULL, NULL, '', 1),
(38, 23, 'home', 'About', 'about', NULL, NULL, '', 1),
(39, 24, 'contact', 'Contact', 'contact', NULL, NULL, '', 1),
(40, 24, 'home', 'Home', 'home', NULL, NULL, '', 1),
(41, 24, 'home', 'About', 'about', NULL, NULL, '', 1),
(42, 25, 'contact', 'Contact', 'contact', NULL, NULL, '', 1),
(43, 25, 'home', 'Home', 'home', NULL, NULL, '', 1),
(44, 25, 'home', 'About', 'about', NULL, NULL, '', 1),
(45, 26, 'contact', 'Contact', 'contact', NULL, NULL, '', 1),
(46, 26, 'home', 'Home', 'home', NULL, NULL, '', 1),
(47, 26, 'home', 'About', 'about', NULL, NULL, '', 1),
(48, 27, 'contact', 'Contact', 'contact', NULL, NULL, '', 1),
(49, 27, 'home', 'Home', 'home', NULL, NULL, '', 1),
(50, 27, 'home', 'About', 'about', NULL, NULL, '', 1),
(51, 28, 'contact', 'Contact', 'contact', NULL, NULL, '', 1),
(52, 28, 'home', 'Home', 'home', NULL, NULL, '', 1),
(53, 28, 'home', 'About', 'about', NULL, NULL, '', 1),
(54, 29, 'contact', 'Contact', 'contact', NULL, NULL, '', 1),
(55, 29, 'home', 'Home', 'home', NULL, NULL, '', 1),
(56, 29, 'home', 'About', 'about', NULL, NULL, '', 1),
(57, 30, 'contact', 'Contact', 'contact', NULL, NULL, '', 1),
(58, 30, 'home', 'Home', 'home', NULL, NULL, '', 1),
(59, 30, 'home', 'About', 'about', NULL, NULL, '', 1),
(60, 31, 'contact', 'Contact', 'contact', NULL, NULL, '', 1),
(61, 31, 'home', 'Home', 'home', NULL, NULL, '', 1),
(62, 31, 'home', 'About', 'about', NULL, NULL, '', 1),
(63, 32, 'contact', 'Contact', 'contact', NULL, NULL, '', 1),
(64, 32, 'home', 'Home', 'home', NULL, NULL, '', 1),
(65, 32, 'home', 'About', 'about', NULL, NULL, '', 1),
(66, 33, 'contact', 'Contact', 'contact', NULL, NULL, '', 1),
(67, 33, 'home', 'Home', 'home', NULL, NULL, '', 1),
(68, 33, 'home', 'About', 'about', NULL, NULL, '', 1),
(69, 34, 'contact', 'Contact', 'contact', NULL, NULL, '', 1),
(70, 34, 'home', 'Home', 'home', NULL, NULL, '', 1),
(71, 34, 'home', 'About', 'about', NULL, NULL, '', 1),
(72, 35, 'contact', 'Contact', 'contact', NULL, NULL, '', 1),
(73, 35, 'home', 'Home', 'home', NULL, NULL, '', 1),
(74, 35, 'home', 'About', 'about', NULL, NULL, '', 1),
(75, 36, 'contact', 'Contact', 'contact', NULL, NULL, '', 1),
(76, 36, 'home', 'Home', 'home', NULL, NULL, '', 1),
(77, 36, 'home', 'About', 'about', NULL, NULL, '', 1),
(78, 37, 'contact', 'Contact', 'contact', NULL, NULL, '', 1),
(79, 37, 'home', 'Home', 'home', NULL, NULL, '', 1),
(80, 37, 'home', 'About', 'about', NULL, NULL, '', 1),
(81, 38, 'contact', 'Contact', 'contact', NULL, NULL, '', 1),
(82, 38, 'home', 'Home', 'home', NULL, NULL, '', 1),
(83, 38, 'home', 'About', 'about', NULL, NULL, '', 1),
(84, 39, 'contact', 'Contact', 'contact', NULL, NULL, '', 1),
(85, 39, 'home', 'Home', 'home', NULL, NULL, '', 1),
(86, 39, 'home', 'About', 'about', NULL, NULL, '', 1),
(87, 40, 'contact', 'Contact', 'contact', NULL, NULL, '', 1),
(88, 40, 'home', 'Home', 'home', NULL, NULL, '', 1),
(89, 40, 'home', 'About', 'about', NULL, NULL, '', 1),
(90, 41, 'contact', 'Contact', 'contact', NULL, NULL, '', 1),
(91, 41, 'home', 'Home', 'home', NULL, NULL, '', 1),
(92, 41, 'home', 'About', 'about', NULL, NULL, '', 1),
(93, 42, 'contact', 'Contact', 'contact', NULL, NULL, '', 1),
(94, 42, 'home', 'Home', 'home', NULL, NULL, '', 1),
(95, 42, 'home', 'About', 'about', NULL, NULL, '', 1),
(96, 43, 'contact', 'Contact', 'contact', NULL, NULL, '', 1),
(97, 43, 'home', 'Home', 'home', NULL, NULL, '', 1),
(98, 43, 'home', 'About', 'about', NULL, NULL, '', 1),
(99, 44, 'contact', 'Contact', 'contact', NULL, NULL, '', 1),
(100, 44, 'home', 'Home', 'home', NULL, NULL, '', 1),
(101, 44, 'home', 'About', 'about', NULL, NULL, '', 1),
(102, 45, 'contact', 'Contact', 'contact', NULL, NULL, '', 1),
(103, 45, 'home', 'Home', 'home', NULL, NULL, '', 1),
(104, 45, 'home', 'About', 'about', NULL, NULL, '', 1),
(105, 46, 'contact', 'Contact', 'contact', NULL, NULL, '', 1),
(106, 46, 'home', 'Home', 'home', NULL, NULL, '', 1),
(107, 46, 'home', 'About', 'about', NULL, NULL, '', 1),
(108, 47, 'contact', 'Contact', 'contact', NULL, NULL, '', 1),
(109, 47, 'home', 'Home', 'home', NULL, NULL, '', 1),
(110, 47, 'home', 'About', 'about', NULL, NULL, '', 1),
(111, 48, 'contact', 'Contact', 'contact', NULL, NULL, '', 1),
(112, 48, 'home', 'Home', 'home', NULL, NULL, '', 1),
(113, 48, 'home', 'About', 'about', NULL, NULL, '', 1),
(114, 49, 'home', 'Test Page 3', 'test-page-3', NULL, NULL, '', 1),
(115, 49, 'inner_page_1', 'Test Page 2', 'test-page-2', NULL, NULL, '', 1),
(116, 49, 'inner_page_1', 'Test Page', 'test-page', NULL, NULL, '', 1),
(117, 49, 'inner_page_1', 'Inner_page_1', 'inner_page_1', NULL, NULL, '', 1),
(118, 49, 'home', 'Home', 'home', NULL, NULL, '', 1),
(119, 49, 'contact_page', 'Contact_page', 'contact_page', NULL, NULL, '', 1),
(120, 49, 'home', 'Test Page 3', 'test-page-3', NULL, NULL, '', 1),
(121, 49, 'home', 'Test Page 3', 'test-page-3', NULL, NULL, '', 1),
(122, 49, 'inner_page_1', 'Test page 4', 'test-page-4', NULL, NULL, '', 1),
(123, 49, 'inner_page_1', 'Test page 4', 'test-page-4-1', NULL, NULL, '', 1),
(124, 49, 'home', 'images', 'images', NULL, NULL, '', 1),
(125, 49, 'contact_page', 'Contact', 'contact', NULL, NULL, '', 1),
(126, 49, 'home', 'jygkujh', 'jygkujh', NULL, NULL, '', 1),
(127, 49, 'contact', 'Contact', 'contact', NULL, NULL, '', 1),
(128, 49, 'home', 'Home', 'home', NULL, NULL, '', 1),
(129, 49, 'home', 'About', 'about', NULL, NULL, '', 1),
(130, 50, 'contact', 'Contact', 'contact', NULL, NULL, '', 1),
(131, 50, 'home', 'Home', 'home', NULL, NULL, '', 1),
(132, 50, 'home', 'About', 'about', NULL, NULL, '', 1),
(133, 51, 'contact', 'Contact', 'contact', NULL, NULL, '', 1),
(134, 51, 'home', 'Home', 'home', NULL, NULL, '', 1),
(135, 51, 'home', 'About', 'about', NULL, NULL, '', 1),
(136, 52, 'contact', 'Contact', 'contact', NULL, NULL, '', 1),
(137, 52, 'home', 'Home', 'home', NULL, NULL, '', 1),
(138, 52, 'home', 'About', 'about', NULL, NULL, '', 1),
(139, 53, 'contact', 'Contact', 'contact', NULL, NULL, '', 1),
(140, 53, 'home', 'Home', 'home', NULL, NULL, '', 1),
(141, 53, 'home', 'About', 'about', NULL, NULL, '', 1),
(142, 54, 'contact', 'Contact', 'contact', NULL, NULL, '', 1),
(143, 54, 'home', 'Home', 'home', NULL, NULL, '', 1),
(144, 54, 'home', 'About', 'about', NULL, NULL, '', 1),
(145, 55, 'contact', 'Contact', 'contact', NULL, NULL, '', 1),
(146, 55, 'home', 'Home', 'home', NULL, NULL, '', 1),
(147, 55, 'home', 'About', 'about', NULL, NULL, '', 1),
(148, 18, 'contact', 'kkkk', 'kkkk', NULL, NULL, 'Demo Site', 1),
(149, 56, 'contact', 'Contact', 'contact', NULL, NULL, '', 1),
(150, 56, 'home', 'Home', 'home', NULL, NULL, '', 1),
(151, 56, 'home', 'About', 'about', NULL, NULL, '', 1),
(152, 56, 'contact', 'kkkk', 'kkkk', NULL, NULL, '', 1),
(153, 57, 'contact', 'Contact', 'contact', NULL, NULL, '', 1),
(154, 57, 'home', 'Home', 'home', NULL, NULL, '', 1),
(155, 57, 'home', 'About', 'about', NULL, NULL, '', 1),
(156, 57, 'contact', 'kkkk', 'kkkk', NULL, NULL, '', 1),
(157, 18, 'home', 'Test', 'test', NULL, NULL, 'Demo Site', 1),
(158, 57, 'home', 'Services', 'services', NULL, NULL, 'Services 1, Services 2', 1),
(159, 58, 'contact', 'Contact', 'contact', NULL, NULL, '', 1),
(160, 58, 'home', 'Home', 'home', NULL, NULL, '', 1),
(161, 58, 'home', 'About', 'about', NULL, NULL, '', 1),
(162, 58, 'contact', 'kkkk', 'kkkk', NULL, NULL, '', 1),
(163, 58, 'home', 'Test', 'test', NULL, NULL, '', 1),
(164, 59, 'contact', 'Contact', 'contact', NULL, NULL, '', 1),
(165, 59, 'home', 'Home', 'home', NULL, NULL, '', 1),
(166, 59, 'home', 'About', 'about', NULL, NULL, '', 1),
(167, 59, 'contact', 'kkkk', 'kkkk', NULL, NULL, '', 1),
(168, 59, 'home', 'Test', 'test', NULL, NULL, '', 1);

-- --------------------------------------------------------

--
-- Table structure for table `sites`
--

DROP TABLE IF EXISTS `sites`;
CREATE TABLE IF NOT EXISTS `sites` (
  `id_site` int(11) NOT NULL AUTO_INCREMENT,
  `id_user` int(11) DEFAULT NULL COMMENT '0 for demo sites',
  `id_theme` int(11) NOT NULL,
  `created_on` datetime NOT NULL,
  `id_subscription` int(11) DEFAULT NULL,
  `site_name` varchar(100) NOT NULL,
  `site_slug` varchar(100) NOT NULL,
  `site_description` varchar(500) NOT NULL,
  `hosting_type` varchar(50) NOT NULL COMMENT 'owen_domain, sub_domain',
  `subdomain_name` varchar(100) NOT NULL,
  `domain_name` varchar(100) NOT NULL,
  `site_status` varchar(50) NOT NULL COMMENT 'active, expired, suspended, draft, archived',
  PRIMARY KEY (`id_site`)
) ENGINE=MyISAM AUTO_INCREMENT=60 DEFAULT CHARSET=latin1;

--
-- Dumping data for table `sites`
--

INSERT INTO `sites` (`id_site`, `id_user`, `id_theme`, `created_on`, `id_subscription`, `site_name`, `site_slug`, `site_description`, `hosting_type`, `subdomain_name`, `domain_name`, `site_status`) VALUES
(18, 0, 21, '2018-01-13 14:21:39', 0, 'waxom Demo Site', 'waxom-demo-site', '', 'sub_domain', 'waxom-demo-site', '', 'active'),
(59, 38, 21, '2018-02-01 18:04:45', 0, 'joby5', 'joby5', '', 'sub_domain', 'joby5', '', 'active'),
(58, 38, 21, '2018-02-01 17:45:03', 0, 'joby4', 'joby4', '', 'sub_domain', 'joby4', '', 'active'),
(57, 38, 21, '2018-01-29 18:27:31', 0, 'joby3', 'joby3', '', 'sub_domain', 'joby3', '', 'active'),
(56, 38, 21, '2018-01-28 12:56:29', 0, 'joby2', 'joby2', '', 'sub_domain', 'joby2', '', 'active'),
(55, 39, 21, '2018-01-22 15:07:05', 0, 'yammo', 'yammo', '', 'sub_domain', 'yammo', '', 'active'),
(54, 38, 21, '2018-01-21 12:25:28', 0, 'jobykunjumon', 'jobykunjumon', '', 'sub_domain', 'jobykunjumon', '', 'active'),
(53, 37, 21, '2018-01-21 09:46:03', 0, 'jobyekunjumon1', 'jobyekunjumon1', '', 'sub_domain', 'jobyekunjumon1', '', 'active'),
(16, 0, 19, '2018-01-02 22:12:24', 0, 'Expirimental Theme 2 Demo Site', 'expirimental-theme-2-demo-site', '', 'sub_domain', 'expirimental-theme-2-demo-site', '', 'active'),
(52, 36, 21, '2018-01-20 15:53:22', 0, 'test', 'test', '', 'sub_domain', 'test', '', 'active'),
(51, 35, 21, '2018-01-20 13:33:18', 0, 'jobyekunjumon', 'jobyekunjumon', '', 'sub_domain', 'jobyekunjumon', '', 'active'),
(50, 34, 21, '2018-01-19 07:43:33', 0, 'jyothish', 'jyothish', '', 'sub_domain', 'jyothish', '', 'active'),
(49, 33, 21, '2018-01-19 07:09:36', 0, 'Su', 'Su', '', 'sub_domain', 'Su', '', 'active'),
(48, 32, 21, '2018-01-18 10:20:08', 0, 'girish2', 'girish2', '', 'sub_domain', 'girish2', '', 'active'),
(47, 31, 21, '2018-01-18 10:09:18', 0, 'girish', 'girish', '', 'sub_domain', 'girish', '', 'active'),
(46, 30, 21, '2018-01-17 10:22:36', 0, 'konnecty123', 'konnecty123', '', 'sub_domain', 'konnecty123', '', 'active');

-- --------------------------------------------------------

--
-- Table structure for table `site_media`
--

DROP TABLE IF EXISTS `site_media`;
CREATE TABLE IF NOT EXISTS `site_media` (
  `id_site_media` int(11) NOT NULL AUTO_INCREMENT,
  `id_site` int(11) NOT NULL,
  `id_page` int(11) NOT NULL,
  `component_id` varchar(100) NOT NULL,
  `id_media` int(11) NOT NULL,
  `alt_text` varchar(100) DEFAULT NULL,
  `media_size_width` varchar(15) DEFAULT NULL COMMENT 'null for original image size',
  `media_size_height` varchar(15) DEFAULT NULL COMMENT 'null for original image size',
  `thumbnail` varchar(20) DEFAULT NULL COMMENT 'tiny,tinysq,small,smallsq,medium, blank for original image',
  `site_media_status` tinyint(4) NOT NULL DEFAULT '1',
  PRIMARY KEY (`id_site_media`)
) ENGINE=MyISAM AUTO_INCREMENT=336 DEFAULT CHARSET=latin1;

--
-- Dumping data for table `site_media`
--

INSERT INTO `site_media` (`id_site_media`, `id_site`, `id_page`, `component_id`, `id_media`, `alt_text`, `media_size_width`, `media_size_height`, `thumbnail`, `site_media_status`) VALUES
(13, 16, 0, '@content_footer_image;', 14, 'null', '', '', 'medium', 1),
(16, 18, 0, '@contactPageLeftSideImage_1;', 17, 'null', '', '', 'medium', 1),
(17, 18, 0, '@addressIcon;', 18, 'null', '', '', '', 1),
(18, 18, 0, '@phoneIcon;', 19, 'null', '', '', '', 1),
(20, 18, 0, '@internetIcon;', 20, 'null', '', '', '', 1),
(23, 18, 0, '@footerLeftImage;', 22, 'null', '', '', 'medium', 1),
(24, 18, 0, '@offerSectionImage;', 22, 'null', '', '', '', 1),
(25, 18, 0, '@businessOpImage;', 23, 'null', '', '', '', 1),
(26, 18, 0, '@bottomSectionBoxImage_1;', 4, 'null', '', '', 'medium', 1),
(27, 18, 0, '@bottomSectionBoxImage_2;', 15, 'null', '', '', 'medium', 1),
(28, 18, 0, '@bottomSectionBoxImage_3;', 21, 'null', '', '', 'medium', 1),
(29, 30, 0, '@contactPageLeftSideImage_1;', 17, 'null', '', '', 'medium', 1),
(30, 30, 0, '@addressIcon;', 18, 'null', '', '', '', 1),
(31, 30, 0, '@phoneIcon;', 19, 'null', '', '', '', 1),
(32, 30, 0, '@internetIcon;', 20, 'null', '', '', '', 1),
(33, 30, 0, '@footerLeftImage;', 22, 'null', '', '', 'medium', 1),
(34, 30, 0, '@offerSectionImage;', 22, 'null', '', '', '', 1),
(35, 30, 0, '@businessOpImage;', 23, 'null', '', '', '', 1),
(36, 30, 0, '@bottomSectionBoxImage_1;', 4, 'null', '', '', 'medium', 1),
(37, 30, 0, '@bottomSectionBoxImage_2;', 15, 'null', '', '', 'medium', 1),
(38, 30, 0, '@bottomSectionBoxImage_3;', 21, 'null', '', '', 'medium', 1),
(39, 31, 0, '@contactPageLeftSideImage_1;', 17, 'null', '', '', 'medium', 1),
(40, 31, 0, '@addressIcon;', 18, 'null', '', '', '', 1),
(41, 31, 0, '@phoneIcon;', 19, 'null', '', '', '', 1),
(42, 31, 0, '@internetIcon;', 20, 'null', '', '', '', 1),
(43, 31, 0, '@footerLeftImage;', 22, 'null', '', '', 'medium', 1),
(44, 31, 0, '@offerSectionImage;', 22, 'null', '', '', '', 1),
(45, 31, 0, '@businessOpImage;', 23, 'null', '', '', '', 1),
(46, 31, 0, '@bottomSectionBoxImage_1;', 4, 'null', '', '', 'medium', 1),
(47, 31, 0, '@bottomSectionBoxImage_2;', 15, 'null', '', '', 'medium', 1),
(48, 31, 0, '@bottomSectionBoxImage_3;', 21, 'null', '', '', 'medium', 1),
(49, 32, 0, '@contactPageLeftSideImage_1;', 17, 'null', '', '', 'medium', 1),
(50, 32, 0, '@addressIcon;', 18, 'null', '', '', '', 1),
(51, 32, 0, '@phoneIcon;', 19, 'null', '', '', '', 1),
(52, 32, 0, '@internetIcon;', 20, 'null', '', '', '', 1),
(53, 32, 0, '@footerLeftImage;', 22, 'null', '', '', 'medium', 1),
(54, 32, 0, '@offerSectionImage;', 22, 'null', '', '', '', 1),
(55, 32, 0, '@businessOpImage;', 23, 'null', '', '', '', 1),
(56, 32, 0, '@bottomSectionBoxImage_1;', 4, 'null', '', '', 'medium', 1),
(57, 32, 0, '@bottomSectionBoxImage_2;', 15, 'null', '', '', 'medium', 1),
(58, 32, 0, '@bottomSectionBoxImage_3;', 21, 'null', '', '', 'medium', 1),
(59, 33, 0, '@contactPageLeftSideImage_1;', 17, 'null', '', '', 'medium', 1),
(60, 33, 0, '@addressIcon;', 18, 'null', '', '', '', 1),
(61, 33, 0, '@phoneIcon;', 19, 'null', '', '', '', 1),
(62, 33, 0, '@internetIcon;', 20, 'null', '', '', '', 1),
(63, 33, 0, '@footerLeftImage;', 22, 'null', '', '', 'medium', 1),
(64, 33, 0, '@offerSectionImage;', 22, 'null', '', '', '', 1),
(65, 33, 0, '@businessOpImage;', 23, 'null', '', '', '', 1),
(66, 33, 0, '@bottomSectionBoxImage_1;', 4, 'null', '', '', 'medium', 1),
(67, 33, 0, '@bottomSectionBoxImage_2;', 15, 'null', '', '', 'medium', 1),
(68, 33, 0, '@bottomSectionBoxImage_3;', 21, 'null', '', '', 'medium', 1),
(69, 34, 0, '@contactPageLeftSideImage_1;', 17, 'null', '', '', 'medium', 1),
(70, 34, 0, '@addressIcon;', 18, 'null', '', '', '', 1),
(71, 34, 0, '@phoneIcon;', 19, 'null', '', '', '', 1),
(72, 34, 0, '@internetIcon;', 20, 'null', '', '', '', 1),
(73, 34, 0, '@footerLeftImage;', 22, 'null', '', '', 'medium', 1),
(74, 34, 0, '@offerSectionImage;', 22, 'null', '', '', '', 1),
(75, 34, 0, '@businessOpImage;', 23, 'null', '', '', '', 1),
(76, 34, 0, '@bottomSectionBoxImage_1;', 4, 'null', '', '', 'medium', 1),
(77, 34, 0, '@bottomSectionBoxImage_2;', 15, 'null', '', '', 'medium', 1),
(78, 34, 0, '@bottomSectionBoxImage_3;', 21, 'null', '', '', 'medium', 1),
(79, 35, 0, '@contactPageLeftSideImage_1;', 17, 'null', '', '', 'medium', 1),
(80, 35, 0, '@addressIcon;', 18, 'null', '', '', '', 1),
(81, 35, 0, '@phoneIcon;', 19, 'null', '', '', '', 1),
(82, 35, 0, '@internetIcon;', 20, 'null', '', '', '', 1),
(83, 35, 0, '@footerLeftImage;', 22, 'null', '', '', 'medium', 1),
(84, 35, 0, '@offerSectionImage;', 22, 'null', '', '', '', 1),
(85, 35, 0, '@businessOpImage;', 23, 'null', '', '', '', 1),
(86, 35, 0, '@bottomSectionBoxImage_1;', 4, 'null', '', '', 'medium', 1),
(87, 35, 0, '@bottomSectionBoxImage_2;', 15, 'null', '', '', 'medium', 1),
(88, 35, 0, '@bottomSectionBoxImage_3;', 21, 'null', '', '', 'medium', 1),
(89, 36, 0, '@contactPageLeftSideImage_1;', 17, 'null', '', '', 'medium', 1),
(90, 36, 0, '@addressIcon;', 18, 'null', '', '', '', 1),
(91, 36, 0, '@phoneIcon;', 19, 'null', '', '', '', 1),
(92, 36, 0, '@internetIcon;', 20, 'null', '', '', '', 1),
(93, 36, 0, '@footerLeftImage;', 22, 'null', '', '', 'medium', 1),
(94, 36, 0, '@offerSectionImage;', 22, 'null', '', '', '', 1),
(95, 36, 0, '@businessOpImage;', 23, 'null', '', '', '', 1),
(96, 36, 0, '@bottomSectionBoxImage_1;', 4, 'null', '', '', 'medium', 1),
(97, 36, 0, '@bottomSectionBoxImage_2;', 15, 'null', '', '', 'medium', 1),
(98, 36, 0, '@bottomSectionBoxImage_3;', 21, 'null', '', '', 'medium', 1),
(99, 37, 0, '@contactPageLeftSideImage_1;', 17, 'null', '', '', 'medium', 1),
(100, 37, 0, '@addressIcon;', 18, 'null', '', '', '', 1),
(101, 37, 0, '@phoneIcon;', 19, 'null', '', '', '', 1),
(102, 37, 0, '@internetIcon;', 20, 'null', '', '', '', 1),
(103, 37, 0, '@footerLeftImage;', 22, 'null', '', '', 'medium', 1),
(104, 37, 0, '@offerSectionImage;', 22, 'null', '', '', '', 1),
(105, 37, 0, '@businessOpImage;', 23, 'null', '', '', '', 1),
(106, 37, 0, '@bottomSectionBoxImage_1;', 4, 'null', '', '', 'medium', 1),
(107, 37, 0, '@bottomSectionBoxImage_2;', 15, 'null', '', '', 'medium', 1),
(108, 37, 0, '@bottomSectionBoxImage_3;', 21, 'null', '', '', 'medium', 1),
(109, 38, 0, '@contactPageLeftSideImage_1;', 17, 'null', '', '', 'medium', 1),
(110, 38, 0, '@addressIcon;', 18, 'null', '', '', '', 1),
(111, 38, 0, '@phoneIcon;', 19, 'null', '', '', '', 1),
(112, 38, 0, '@internetIcon;', 20, 'null', '', '', '', 1),
(113, 38, 0, '@footerLeftImage;', 22, 'null', '', '', 'medium', 1),
(114, 38, 0, '@offerSectionImage;', 22, 'null', '', '', '', 1),
(115, 38, 0, '@businessOpImage;', 23, 'null', '', '', '', 1),
(116, 38, 0, '@bottomSectionBoxImage_1;', 4, 'null', '', '', 'medium', 1),
(117, 38, 0, '@bottomSectionBoxImage_2;', 15, 'null', '', '', 'medium', 1),
(118, 38, 0, '@bottomSectionBoxImage_3;', 21, 'null', '', '', 'medium', 1),
(119, 39, 0, '@contactPageLeftSideImage_1;', 17, 'null', '', '', 'medium', 1),
(120, 39, 0, '@addressIcon;', 18, 'null', '', '', '', 1),
(121, 39, 0, '@phoneIcon;', 19, 'null', '', '', '', 1),
(122, 39, 0, '@internetIcon;', 20, 'null', '', '', '', 1),
(123, 39, 0, '@footerLeftImage;', 22, 'null', '', '', 'medium', 1),
(124, 39, 0, '@offerSectionImage;', 22, 'null', '', '', '', 1),
(125, 39, 0, '@businessOpImage;', 23, 'null', '', '', '', 1),
(126, 39, 0, '@bottomSectionBoxImage_1;', 4, 'null', '', '', 'medium', 1),
(127, 39, 0, '@bottomSectionBoxImage_2;', 15, 'null', '', '', 'medium', 1),
(128, 39, 0, '@bottomSectionBoxImage_3;', 21, 'null', '', '', 'medium', 1),
(129, 40, 0, '@contactPageLeftSideImage_1;', 17, 'null', '', '', 'medium', 1),
(130, 40, 0, '@addressIcon;', 18, 'null', '', '', '', 1),
(131, 40, 0, '@phoneIcon;', 19, 'null', '', '', '', 1),
(132, 40, 0, '@internetIcon;', 20, 'null', '', '', '', 1),
(133, 40, 0, '@footerLeftImage;', 22, 'null', '', '', 'medium', 1),
(134, 40, 0, '@offerSectionImage;', 22, 'null', '', '', '', 1),
(135, 40, 0, '@businessOpImage;', 23, 'null', '', '', '', 1),
(136, 40, 0, '@bottomSectionBoxImage_1;', 4, 'null', '', '', 'medium', 1),
(137, 40, 0, '@bottomSectionBoxImage_2;', 15, 'null', '', '', 'medium', 1),
(138, 40, 0, '@bottomSectionBoxImage_3;', 21, 'null', '', '', 'medium', 1),
(139, 41, 0, '@contactPageLeftSideImage_1;', 17, 'null', '', '', 'medium', 1),
(140, 41, 0, '@addressIcon;', 18, 'null', '', '', '', 1),
(141, 41, 0, '@phoneIcon;', 19, 'null', '', '', '', 1),
(142, 41, 0, '@internetIcon;', 20, 'null', '', '', '', 1),
(143, 41, 0, '@footerLeftImage;', 22, 'null', '', '', 'medium', 1),
(144, 41, 0, '@offerSectionImage;', 22, 'null', '', '', '', 1),
(145, 41, 0, '@businessOpImage;', 23, 'null', '', '', '', 1),
(146, 41, 0, '@bottomSectionBoxImage_1;', 4, 'null', '', '', 'medium', 1),
(147, 41, 0, '@bottomSectionBoxImage_2;', 15, 'null', '', '', 'medium', 1),
(148, 41, 0, '@bottomSectionBoxImage_3;', 21, 'null', '', '', 'medium', 1),
(149, 42, 0, '@contactPageLeftSideImage_1;', 17, 'null', '', '', 'medium', 1),
(150, 42, 0, '@addressIcon;', 18, 'null', '', '', '', 1),
(151, 42, 0, '@phoneIcon;', 19, 'null', '', '', '', 1),
(152, 42, 0, '@internetIcon;', 20, 'null', '', '', '', 1),
(153, 42, 0, '@footerLeftImage;', 22, 'null', '', '', 'medium', 1),
(154, 42, 0, '@offerSectionImage;', 22, 'null', '', '', '', 1),
(155, 42, 0, '@businessOpImage;', 23, 'null', '', '', '', 1),
(156, 42, 0, '@bottomSectionBoxImage_1;', 4, 'null', '', '', 'medium', 1),
(157, 42, 0, '@bottomSectionBoxImage_2;', 15, 'null', '', '', 'medium', 1),
(158, 42, 0, '@bottomSectionBoxImage_3;', 21, 'null', '', '', 'medium', 1),
(159, 43, 0, '@contactPageLeftSideImage_1;', 17, 'null', '', '', 'medium', 1),
(160, 43, 0, '@addressIcon;', 18, 'null', '', '', '', 1),
(161, 43, 0, '@phoneIcon;', 19, 'null', '', '', '', 1),
(162, 43, 0, '@internetIcon;', 20, 'null', '', '', '', 1),
(163, 43, 0, '@footerLeftImage;', 22, 'null', '', '', 'medium', 1),
(164, 43, 0, '@offerSectionImage;', 22, 'null', '', '', '', 1),
(165, 43, 0, '@businessOpImage;', 23, 'null', '', '', '', 1),
(166, 43, 0, '@bottomSectionBoxImage_1;', 4, 'null', '', '', 'medium', 1),
(167, 43, 0, '@bottomSectionBoxImage_2;', 15, 'null', '', '', 'medium', 1),
(168, 43, 0, '@bottomSectionBoxImage_3;', 21, 'null', '', '', 'medium', 1),
(169, 44, 0, '@contactPageLeftSideImage_1;', 17, 'null', '', '', 'medium', 1),
(170, 44, 0, '@addressIcon;', 18, 'null', '', '', '', 1),
(171, 44, 0, '@phoneIcon;', 19, 'null', '', '', '', 1),
(172, 44, 0, '@internetIcon;', 20, 'null', '', '', '', 1),
(173, 44, 0, '@footerLeftImage;', 22, 'null', '', '', 'medium', 1),
(174, 44, 0, '@offerSectionImage;', 22, 'null', '', '', '', 1),
(175, 44, 0, '@businessOpImage;', 23, 'null', '', '', '', 1),
(176, 44, 0, '@bottomSectionBoxImage_1;', 4, 'null', '', '', 'medium', 1),
(177, 44, 0, '@bottomSectionBoxImage_2;', 15, 'null', '', '', 'medium', 1),
(178, 44, 0, '@bottomSectionBoxImage_3;', 21, 'null', '', '', 'medium', 1),
(179, 45, 0, '@contactPageLeftSideImage_1;', 17, 'null', '', '', 'medium', 1),
(180, 45, 0, '@addressIcon;', 18, 'null', '', '', '', 1),
(181, 45, 0, '@phoneIcon;', 19, 'null', '', '', '', 1),
(182, 45, 0, '@internetIcon;', 20, 'null', '', '', '', 1),
(183, 45, 0, '@footerLeftImage;', 22, 'null', '', '', 'medium', 1),
(184, 45, 0, '@offerSectionImage;', 22, 'null', '', '', '', 1),
(185, 45, 0, '@businessOpImage;', 23, 'null', '', '', '', 1),
(186, 45, 0, '@bottomSectionBoxImage_1;', 4, 'null', '', '', 'medium', 1),
(187, 45, 0, '@bottomSectionBoxImage_2;', 15, 'null', '', '', 'medium', 1),
(188, 45, 0, '@bottomSectionBoxImage_3;', 21, 'null', '', '', 'medium', 1),
(189, 46, 0, '@contactPageLeftSideImage_1;', 17, 'null', '', '', 'medium', 1),
(190, 46, 0, '@addressIcon;', 18, 'null', '', '', '', 1),
(191, 46, 0, '@phoneIcon;', 19, 'null', '', '', '', 1),
(192, 46, 0, '@internetIcon;', 20, 'null', '', '', '', 1),
(193, 46, 0, '@footerLeftImage;', 22, 'null', '', '', 'medium', 1),
(194, 46, 0, '@offerSectionImage;', 22, 'null', '', '', '', 1),
(195, 46, 0, '@businessOpImage;', 23, 'null', '', '', '', 1),
(196, 46, 0, '@bottomSectionBoxImage_1;', 4, 'null', '', '', 'medium', 1),
(197, 46, 0, '@bottomSectionBoxImage_2;', 15, 'null', '', '', 'medium', 1),
(198, 46, 0, '@bottomSectionBoxImage_3;', 21, 'null', '', '', 'medium', 1),
(199, 47, 0, '@contactPageLeftSideImage_1;', 17, 'null', '', '', 'medium', 1),
(200, 47, 0, '@addressIcon;', 18, 'null', '', '', '', 1),
(201, 47, 0, '@phoneIcon;', 19, 'null', '', '', '', 1),
(202, 47, 0, '@internetIcon;', 20, 'null', '', '', '', 1),
(203, 47, 0, '@footerLeftImage;', 22, 'null', '', '', 'medium', 1),
(204, 47, 0, '@offerSectionImage;', 22, 'null', '', '', '', 1),
(205, 47, 0, '@businessOpImage;', 23, 'null', '', '', '', 1),
(206, 47, 0, '@bottomSectionBoxImage_1;', 4, 'null', '', '', 'medium', 1),
(207, 47, 0, '@bottomSectionBoxImage_2;', 15, 'null', '', '', 'medium', 1),
(208, 47, 0, '@bottomSectionBoxImage_3;', 21, 'null', '', '', 'medium', 1),
(209, 48, 0, '@contactPageLeftSideImage_1;', 17, 'null', '', '', 'medium', 1),
(210, 48, 0, '@addressIcon;', 18, 'null', '', '', '', 1),
(211, 48, 0, '@phoneIcon;', 19, 'null', '', '', '', 1),
(212, 48, 0, '@internetIcon;', 20, 'null', '', '', '', 1),
(213, 48, 0, '@footerLeftImage;', 22, 'null', '', '', 'medium', 1),
(214, 48, 0, '@offerSectionImage;', 22, 'null', '', '', '', 1),
(215, 48, 0, '@businessOpImage;', 23, 'null', '', '', '', 1),
(216, 48, 0, '@bottomSectionBoxImage_1;', 4, 'null', '', '', 'medium', 1),
(217, 48, 0, '@bottomSectionBoxImage_2;', 15, 'null', '', '', 'medium', 1),
(218, 48, 0, '@bottomSectionBoxImage_3;', 21, 'null', '', '', 'medium', 1),
(219, 49, 0, '@contactPageLeftSideImage_1;', 17, 'null', '', '', 'medium', 1),
(220, 49, 0, '@addressIcon;', 18, 'null', '', '', '', 1),
(221, 49, 0, '@phoneIcon;', 19, 'null', '', '', '', 1),
(222, 49, 0, '@internetIcon;', 20, 'null', '', '', '', 1),
(223, 49, 0, '@footerLeftImage;', 22, 'null', '', '', 'medium', 1),
(224, 49, 0, '@offerSectionImage;', 22, 'null', '', '', '', 1),
(225, 49, 0, '@businessOpImage;', 23, 'null', '', '', '', 1),
(226, 49, 0, '@bottomSectionBoxImage_1;', 4, 'null', '', '', 'medium', 1),
(227, 49, 0, '@bottomSectionBoxImage_2;', 15, 'null', '', '', 'medium', 1),
(228, 49, 0, '@bottomSectionBoxImage_3;', 21, 'null', '', '', 'medium', 1),
(229, 50, 0, '@contactPageLeftSideImage_1;', 17, 'null', '', '', 'medium', 1),
(230, 50, 0, '@addressIcon;', 18, 'null', '', '', '', 1),
(231, 50, 0, '@phoneIcon;', 19, 'null', '', '', '', 1),
(232, 50, 0, '@internetIcon;', 20, 'null', '', '', '', 1),
(233, 50, 0, '@footerLeftImage;', 22, 'null', '', '', 'medium', 1),
(234, 50, 0, '@offerSectionImage;', 22, 'null', '', '', '', 1),
(235, 50, 0, '@businessOpImage;', 23, 'null', '', '', '', 1),
(236, 50, 0, '@bottomSectionBoxImage_1;', 4, 'null', '', '', 'medium', 1),
(237, 50, 0, '@bottomSectionBoxImage_2;', 15, 'null', '', '', 'medium', 1),
(238, 50, 0, '@bottomSectionBoxImage_3;', 21, 'null', '', '', 'medium', 1),
(239, 51, 0, '@contactPageLeftSideImage_1;', 17, 'null', '', '', 'medium', 1),
(240, 51, 0, '@addressIcon;', 18, 'null', '', '', '', 1),
(241, 51, 0, '@phoneIcon;', 19, 'null', '', '', '', 1),
(242, 51, 0, '@internetIcon;', 20, 'null', '', '', '', 1),
(243, 51, 0, '@footerLeftImage;', 22, 'null', '', '', 'medium', 1),
(244, 51, 0, '@offerSectionImage;', 22, 'null', '', '', '', 1),
(245, 51, 0, '@businessOpImage;', 23, 'null', '', '', '', 1),
(246, 51, 0, '@bottomSectionBoxImage_1;', 4, 'null', '', '', 'medium', 1),
(247, 51, 0, '@bottomSectionBoxImage_2;', 15, 'null', '', '', 'medium', 1),
(248, 51, 0, '@bottomSectionBoxImage_3;', 21, 'null', '', '', 'medium', 1),
(249, 52, 0, '@contactPageLeftSideImage_1;', 17, 'null', '', '', 'medium', 1),
(250, 52, 0, '@addressIcon;', 18, 'null', '', '', '', 1),
(251, 52, 0, '@phoneIcon;', 19, 'null', '', '', '', 1),
(252, 52, 0, '@internetIcon;', 20, 'null', '', '', '', 1),
(253, 52, 0, '@footerLeftImage;', 22, 'null', '', '', 'medium', 1),
(254, 52, 0, '@offerSectionImage;', 22, 'null', '', '', '', 1),
(255, 52, 0, '@businessOpImage;', 23, 'null', '', '', '', 1),
(256, 52, 0, '@bottomSectionBoxImage_1;', 4, 'null', '', '', 'medium', 1),
(257, 52, 0, '@bottomSectionBoxImage_2;', 15, 'null', '', '', 'medium', 1),
(258, 52, 0, '@bottomSectionBoxImage_3;', 21, 'null', '', '', 'medium', 1),
(259, 53, 0, '@contactPageLeftSideImage_1;', 17, 'null', '', '', 'medium', 1),
(260, 53, 0, '@addressIcon;', 18, 'null', '', '', '', 1),
(261, 53, 0, '@phoneIcon;', 19, 'null', '', '', '', 1),
(262, 53, 0, '@internetIcon;', 20, 'null', '', '', '', 1),
(263, 53, 0, '@footerLeftImage;', 22, 'null', '', '', 'medium', 1),
(264, 53, 0, '@offerSectionImage;', 22, 'null', '', '', '', 1),
(265, 53, 0, '@businessOpImage;', 23, 'null', '', '', '', 1),
(266, 53, 0, '@bottomSectionBoxImage_1;', 4, 'null', '', '', 'medium', 1),
(267, 53, 0, '@bottomSectionBoxImage_2;', 15, 'null', '', '', 'medium', 1),
(268, 53, 0, '@bottomSectionBoxImage_3;', 21, 'null', '', '', 'medium', 1),
(293, 56, 0, '@contactPageLeftSideImage_1;', 17, 'null', '', '', 'medium', 1),
(271, 54, 0, '@contactPageLeftSideImage_1;', 17, 'null', '', '', 'medium', 1),
(272, 54, 0, '@addressIcon;', 18, 'null', '', '', '', 1),
(273, 54, 0, '@phoneIcon;', 19, 'null', '', '', '', 1),
(274, 54, 0, '@internetIcon;', 20, 'null', '', '', '', 1),
(275, 54, 0, '@footerLeftImage;', 22, 'null', '', '', 'medium', 1),
(276, 54, 0, '@offerSectionImage;', 46, 'null', '100%', '100%', '', 1),
(277, 54, 0, '@businessOpImage;', 46, 'null', '100%', '100%', '', 1),
(278, 54, 0, '@bottomSectionBoxImage_1;', 4, 'null', '', '', 'medium', 1),
(279, 54, 0, '@bottomSectionBoxImage_2;', 15, 'null', '', '', 'medium', 1),
(280, 54, 0, '@bottomSectionBoxImage_3;', 21, 'null', '', '', 'medium', 1),
(281, 54, 0, '@slider;', 46, 'null', '100%', '500px', '', 1),
(282, 55, 0, '@contactPageLeftSideImage_1;', 17, 'null', '', '', 'medium', 1),
(283, 55, 0, '@addressIcon;', 18, 'null', '', '', '', 1),
(284, 55, 0, '@phoneIcon;', 19, 'null', '', '', '', 1),
(285, 55, 0, '@internetIcon;', 20, 'null', '', '', '', 1),
(286, 55, 0, '@footerLeftImage;', 22, 'null', '', '', 'medium', 1),
(287, 55, 0, '@offerSectionImage;', 22, 'null', '', '', '', 1),
(288, 55, 0, '@businessOpImage;', 23, 'null', '', '', '', 1),
(289, 55, 0, '@bottomSectionBoxImage_1;', 4, 'null', '', '', 'medium', 1),
(290, 55, 0, '@bottomSectionBoxImage_2;', 15, 'null', '', '', 'medium', 1),
(291, 55, 0, '@bottomSectionBoxImage_3;', 21, 'null', '', '', 'medium', 1),
(292, 55, 0, '@slider;', 8, 'null', '', '', '', 1),
(294, 56, 0, '@addressIcon;', 18, 'null', '', '', '', 1),
(295, 56, 0, '@phoneIcon;', 19, 'null', '', '', '', 1),
(296, 56, 0, '@internetIcon;', 20, 'null', '', '', '', 1),
(297, 56, 0, '@footerLeftImage;', 22, 'null', '', '', 'medium', 1),
(298, 56, 0, '@offerSectionImage;', 22, 'null', '', '', '', 1),
(299, 56, 0, '@businessOpImage;', 23, 'null', '', '', '', 1),
(300, 56, 0, '@bottomSectionBoxImage_1;', 4, 'null', '', '', 'medium', 1),
(301, 56, 0, '@bottomSectionBoxImage_2;', 15, 'null', '', '', 'medium', 1),
(302, 56, 0, '@bottomSectionBoxImage_3;', 21, 'null', '', '', 'medium', 1),
(303, 57, 0, '@contactPageLeftSideImage_1;', 64, 'Charminar', '100%', '', '', 1),
(304, 57, 0, '@addressIcon;', 18, 'null', '', '', '', 1),
(305, 57, 0, '@phoneIcon;', 19, 'null', '', '', '', 1),
(306, 57, 0, '@internetIcon;', 20, 'null', '', '', '', 1),
(307, 57, 0, '@footerLeftImage;', 22, 'null', '', '', 'medium', 1),
(308, 57, 0, '@offerSectionImage;', 22, 'null', '', '', '', 1),
(309, 57, 0, '@businessOpImage;', 23, 'null', '', '', '', 1),
(310, 57, 0, '@bottomSectionBoxImage_1;', 4, 'null', '', '', 'medium', 1),
(311, 57, 0, '@bottomSectionBoxImage_2;', 15, 'null', '', '', 'medium', 1),
(312, 57, 0, '@bottomSectionBoxImage_3;', 21, 'null', '', '', 'medium', 1),
(313, 18, 0, '@slider;', 2, 'null', '100%', '300', '', 1),
(314, 58, 0, '@contactPageLeftSideImage_1;', 17, 'null', '', '', 'medium', 1),
(315, 58, 0, '@addressIcon;', 18, 'null', '', '', '', 1),
(316, 58, 0, '@phoneIcon;', 19, 'null', '', '', '', 1),
(317, 58, 0, '@internetIcon;', 20, 'null', '', '', '', 1),
(318, 58, 0, '@footerLeftImage;', 22, 'null', '', '', 'medium', 1),
(319, 58, 0, '@offerSectionImage;', 22, 'null', '', '', '', 1),
(320, 58, 0, '@businessOpImage;', 23, 'null', '', '', '', 1),
(321, 58, 0, '@bottomSectionBoxImage_1;', 4, 'null', '', '', 'medium', 1),
(322, 58, 0, '@bottomSectionBoxImage_2;', 15, 'null', '', '', 'medium', 1),
(323, 58, 0, '@bottomSectionBoxImage_3;', 21, 'null', '', '', 'medium', 1),
(324, 58, 0, '@slider;', 2, 'null', '100%', '300', '', 1),
(325, 59, 0, '@contactPageLeftSideImage_1;', 17, 'null', '', '', 'medium', 1),
(326, 59, 0, '@addressIcon;', 18, 'null', '', '', '', 1),
(327, 59, 0, '@phoneIcon;', 19, 'null', '', '', '', 1),
(328, 59, 0, '@internetIcon;', 20, 'null', '', '', '', 1),
(329, 59, 0, '@footerLeftImage;', 22, 'null', '', '', 'medium', 1),
(330, 59, 0, '@offerSectionImage;', 62, 'null', '100%', '', '', 1),
(331, 59, 0, '@businessOpImage;', 23, 'null', '', '', '', 1),
(332, 59, 0, '@bottomSectionBoxImage_1;', 4, 'null', '', '', 'medium', 1),
(333, 59, 0, '@bottomSectionBoxImage_2;', 15, 'null', '', '', 'medium', 1),
(334, 59, 0, '@bottomSectionBoxImage_3;', 21, 'null', '', '', 'medium', 1),
(335, 59, 0, '@slider;', 64, 'Charminar', '100%', '300', '', 1);

-- --------------------------------------------------------

--
-- Table structure for table `sliders`
--

DROP TABLE IF EXISTS `sliders`;
CREATE TABLE IF NOT EXISTS `sliders` (
  `id_slider` int(11) NOT NULL AUTO_INCREMENT,
  `id_site` int(11) NOT NULL,
  `id_page` int(11) DEFAULT NULL,
  `component_id` varchar(100) DEFAULT NULL,
  `slider_type` varchar(25) DEFAULT NULL COMMENT 'carousel,lightroom etc',
  `preffered_image_size` varchar(20) DEFAULT NULL,
  `show_pagination` tinyint(4) DEFAULT NULL COMMENT '0:No, 1:Yes',
  `show_navigation` tinyint(4) DEFAULT NULL,
  `show_item_description` tinyint(4) DEFAULT NULL COMMENT '0:No, 1:Yes',
  `slider_status` tinyint(4) DEFAULT NULL COMMENT '0:Active, 1:Disabled',
  PRIMARY KEY (`id_slider`)
) ENGINE=MyISAM AUTO_INCREMENT=42 DEFAULT CHARSET=latin1;

--
-- Dumping data for table `sliders`
--

INSERT INTO `sliders` (`id_slider`, `id_site`, `id_page`, `component_id`, `slider_type`, `preffered_image_size`, `show_pagination`, `show_navigation`, `show_item_description`, `slider_status`) VALUES
(15, 35, 0, '@slider;', 'carousel', '', 1, 1, 1, 1),
(12, 16, 0, '@slider;', 'carousel', '', 1, 1, 1, 1),
(16, 36, 0, '@slider;', 'carousel', '', 1, 1, 1, 1),
(17, 37, 0, '@slider;', 'carousel', '', 1, 1, 1, 1),
(18, 38, 0, '@slider;', 'carousel', '', 1, 1, 1, 1),
(19, 39, 0, '@slider;', 'carousel', '', 1, 1, 1, 1),
(20, 40, 0, '@slider;', 'carousel', '', 1, 1, 1, 1),
(21, 41, 0, '@slider;', 'carousel', '', 1, 1, 1, 1),
(22, 42, 0, '@slider;', 'carousel', '', 1, 1, 1, 1),
(23, 43, 0, '@slider;', 'carousel', '', 1, 1, 1, 1),
(24, 44, 0, '@slider;', 'carousel', '', 1, 1, 1, 1),
(25, 45, 0, '@slider;', 'carousel', '', 1, 1, 1, 1),
(26, 46, 0, '@slider;', 'carousel', '', 1, 1, 1, 1),
(27, 47, 0, '@slider;', 'carousel', '', 1, 1, 1, 1),
(28, 48, 0, '@slider;', 'carousel', '', 1, 1, 1, 1),
(29, 49, 0, '@slider;', 'carousel', '', 1, 1, 1, 1),
(30, 50, 0, '@slider;', 'carousel', '', 1, 1, 1, 1),
(31, 51, 0, '@slider;', 'carousel', '', 1, 1, 1, 1),
(32, 52, 0, '@slider;', 'carousel', '', 1, 1, 1, 1),
(33, 53, 0, '@slider;', 'carousel', '', 1, 1, 1, 1),
(35, 56, 0, '@slider;', 'carousel', '', 1, 1, 1, 1),
(41, 57, 0, '@slider;', 'carousel', '', 1, 1, 1, 1);

-- --------------------------------------------------------

--
-- Table structure for table `slider_items`
--

DROP TABLE IF EXISTS `slider_items`;
CREATE TABLE IF NOT EXISTS `slider_items` (
  `id_slider_item` int(11) NOT NULL AUTO_INCREMENT,
  `id_slider` int(11) NOT NULL,
  `id_media` int(11) NOT NULL,
  `image_url` varchar(500) DEFAULT NULL,
  `alt_text` varchar(50) DEFAULT NULL,
  `item_data` text,
  PRIMARY KEY (`id_slider_item`)
) ENGINE=MyISAM AUTO_INCREMENT=87 DEFAULT CHARSET=latin1;

--
-- Dumping data for table `slider_items`
--

INSERT INTO `slider_items` (`id_slider_item`, `id_slider`, `id_media`, `image_url`, `alt_text`, `item_data`) VALUES
(14, 11, 0, 'http://localhost/kcms/uploads/2018/01/05/slide_02.jpg', 'null', '\r\n                  <span>Introduction to</span>\r\n                  <h2>Creative Meteor</h2>\r\n                  <p>Phasellus interdum tortor sem. Quisque sit amet condimentum sem. Phasellus luctus, felis sit amet pulvinar luctus.</p>\r\n                  <div class=\\\"primary-button\\\">\r\n                      <a href=\\\"#\\\" class=\\\"scroll-link\\\" data-id=\\\"about\\\">Discover More</a>\r\n                  </div>\r\n                '),
(11, 10, 0, 'http://localhost/kcms/uploads/2018/01/05/img-3.jpeg', 'Image 1', '\r\n          <p>Lorem ipsum dolor sit amet, consectetur adipisicing elit, sed do eiusmod tempor incididunt ut labore et dolore magna aliqua. Ut enim ad minim veniam, quis nostrud exercitation ullamco laboris nisi ut aliquip ex ea commodo consequat. Duis aute irure dolor in reprehenderit in voluptate velit esse cillum dolore eu fugiat nulla pariatur. Excepteur sint occaecat cupidatat non proident, sunt in culpa qui officia deserunt mollit anim id est laborum.</p>\r\n          <button type=\\\"button\\\" class=\\\"btn btn-warning\\\" name=\\\"button\\\">This is a button</button>\r\n        '),
(13, 11, 0, 'http://localhost/kcms/uploads/2018/01/05/slide_03.jpg', 'null', '\r\n                  <span>Introduction to</span>\r\n                  <h2>Creative Meteor</h2>\r\n                  <p>Phasellus interdum tortor sem. Quisque sit amet condimentum sem. Phasellus luctus, felis sit amet pulvinar luctus.</p>\r\n                  <div class=\\\"primary-button\\\">\r\n                      <a href=\\\"#\\\" class=\\\"scroll-link\\\" data-id=\\\"about\\\">Discover More</a>\r\n                  </div>\r\n                '),
(12, 10, 0, 'http://localhost/kcms/uploads/2018/01/05/img-1.jpeg', 'Image 1', '\r\n          <p>Lorem ipsum dolor sit amet, consectetur adipisicing elit, sed do eiusmod tempor incididunt ut labore et dolore magna aliqua. Ut enim ad minim veniam, quis nostrud exercitation ullamco laboris nisi ut aliquip ex ea commodo consequat. Duis aute irure dolor in reprehenderit in voluptate velit esse cillum dolore eu fugiat nulla pariatur. Excepteur sint occaecat cupidatat non proident, sunt in culpa qui officia deserunt mollit anim id est laborum.</p>\r\n          <button type=\\\"button\\\" class=\\\"btn btn-warning\\\" name=\\\"button\\\">This is a button</button>\r\n        '),
(15, 11, 0, 'http://localhost/kcms/uploads/2018/01/05/slide_01.jpg', 'null', '\r\n                  <span>Introduction to</span>\r\n                  <h2>Creative Meteor</h2>\r\n                  <p>Phasellus interdum tortor sem. Quisque sit amet condimentum sem. Phasellus luctus, felis sit amet pulvinar luctus.</p>\r\n                  <div class=\\\"primary-button\\\">\r\n                      <a href=\\\"#\\\" class=\\\"scroll-link\\\" data-id=\\\"about\\\">Discover More</a>\r\n                  </div>\r\n                '),
(16, 12, 0, 'http://localhost/kcms/uploads/2018/01/05/img-3.jpeg', 'null', ''),
(17, 12, 0, 'http://localhost/kcms/uploads/2018/01/05/img-2.jpeg', 'null', ''),
(18, 12, 0, 'http://localhost/kcms/uploads/2018/01/05/img-1.jpeg', 'null', ''),
(52, 39, 13, 'http://localhost/kcms/uploads/2018/01/05/slide_02.jpg', 'null', ''),
(51, 39, 8, 'http://localhost/kcms/uploads/2018/01/05/banner.jpg', 'null', ''),
(49, 35, 0, 'http://localhost/kcms/uploads/2018/01/05/banner.jpg', 'null', ''),
(50, 35, 0, 'http://localhost/kcms/uploads/2018/01/05/img-1.jpeg', 'null', ''),
(23, 22, 0, NULL, 'Image 2', '\r\n                  <h2>Modern and Responsive Design</h2>                 \r\n                  <p>Lorem ipsum dolor sit amet, c.</p>\r\n                  <div class=\\\"btn-actions\\\">\r\n                    <button type=\\\"button\\\" class=\\\"btn btn-waxom\\\" name=\\\"button\\\">Learn More</button>\r\n                    <button type=\\\"button\\\" class=\\\"btn btn-waxom-o\\\" name=\\\"button\\\">Get Started</button>\r\n                  </div>\r\n                '),
(24, 22, 0, NULL, 'Image 2', '\r\n                  <h2>Modern and Responsive Design</h2>                 \r\n                  <p>Lorem ipsum dolor sit amet, c.</p>\r\n                  <div class=\\\"btn-actions\\\">\r\n                    <button type=\\\"button\\\" class=\\\"btn btn-waxom\\\" name=\\\"button\\\">Learn More</button>\r\n                    <button type=\\\"button\\\" class=\\\"btn btn-waxom-o\\\" name=\\\"button\\\">Get Started</button>\r\n                  </div>\r\n                '),
(25, 23, 0, 'http://localhost/kcms/uploads/2018/01/05/img-3.jpeg', 'Image 2', '\r\n                  <h2>Modern and Responsive Design</h2>                 \r\n                  <p>Lorem ipsum dolor sit amet, c.</p>\r\n                  <div class=\\\"btn-actions\\\">\r\n                    <button type=\\\"button\\\" class=\\\"btn btn-waxom\\\" name=\\\"button\\\">Learn More</button>\r\n                    <button type=\\\"button\\\" class=\\\"btn btn-waxom-o\\\" name=\\\"button\\\">Get Started</button>\r\n                  </div>\r\n                '),
(26, 23, 0, 'http://localhost/kcms/uploads/2018/01/05/img-1.jpeg', 'Image 2', '\r\n                  <h2>Modern and Responsive Design</h2>                 \r\n                  <p>Lorem ipsum dolor sit amet, c.</p>\r\n                  <div class=\\\"btn-actions\\\">\r\n                    <button type=\\\"button\\\" class=\\\"btn btn-waxom\\\" name=\\\"button\\\">Learn More</button>\r\n                    <button type=\\\"button\\\" class=\\\"btn btn-waxom-o\\\" name=\\\"button\\\">Get Started</button>\r\n                  </div>\r\n                '),
(27, 24, 0, 'http://localhost/kcms/uploads/2018/01/05/img-3.jpeg', 'Image 2', '\r\n                  <h2>Modern and Responsive Design</h2>                 \r\n                  <p>Lorem ipsum dolor sit amet, c.</p>\r\n                  <div class=\\\"btn-actions\\\">\r\n                    <button type=\\\"button\\\" class=\\\"btn btn-waxom\\\" name=\\\"button\\\">Learn More</button>\r\n                    <button type=\\\"button\\\" class=\\\"btn btn-waxom-o\\\" name=\\\"button\\\">Get Started</button>\r\n                  </div>\r\n                '),
(28, 24, 0, 'http://localhost/kcms/uploads/2018/01/05/img-1.jpeg', 'Image 2', '\r\n                  <h2>Modern and Responsive Design</h2>                 \r\n                  <p>Lorem ipsum dolor sit amet, c.</p>\r\n                  <div class=\\\"btn-actions\\\">\r\n                    <button type=\\\"button\\\" class=\\\"btn btn-waxom\\\" name=\\\"button\\\">Learn More</button>\r\n                    <button type=\\\"button\\\" class=\\\"btn btn-waxom-o\\\" name=\\\"button\\\">Get Started</button>\r\n                  </div>\r\n                '),
(29, 25, 0, 'http://localhost/kcms/uploads/2018/01/05/img-3.jpeg', 'Image 2', '\r\n                  <h2>Modern and Responsive Design</h2>                 \r\n                  <p>Lorem ipsum dolor sit amet, c.</p>\r\n                  <div class=\\\"btn-actions\\\">\r\n                    <button type=\\\"button\\\" class=\\\"btn btn-waxom\\\" name=\\\"button\\\">Learn More</button>\r\n                    <button type=\\\"button\\\" class=\\\"btn btn-waxom-o\\\" name=\\\"button\\\">Get Started</button>\r\n                  </div>\r\n                '),
(30, 25, 0, 'http://localhost/kcms/uploads/2018/01/05/img-1.jpeg', 'Image 2', '\r\n                  <h2>Modern and Responsive Design</h2>                 \r\n                  <p>Lorem ipsum dolor sit amet, c.</p>\r\n                  <div class=\\\"btn-actions\\\">\r\n                    <button type=\\\"button\\\" class=\\\"btn btn-waxom\\\" name=\\\"button\\\">Learn More</button>\r\n                    <button type=\\\"button\\\" class=\\\"btn btn-waxom-o\\\" name=\\\"button\\\">Get Started</button>\r\n                  </div>\r\n                '),
(31, 26, 0, 'http://localhost/kcms/uploads/2018/01/05/img-3.jpeg', 'Image 2', '\r\n                  <h2>Modern and Responsive Design</h2>                 \r\n                  <p>Lorem ipsum dolor sit amet, c.</p>\r\n                  <div class=\\\"btn-actions\\\">\r\n                    <button type=\\\"button\\\" class=\\\"btn btn-waxom\\\" name=\\\"button\\\">Learn More</button>\r\n                    <button type=\\\"button\\\" class=\\\"btn btn-waxom-o\\\" name=\\\"button\\\">Get Started</button>\r\n                  </div>\r\n                '),
(32, 26, 0, 'http://localhost/kcms/uploads/2018/01/05/img-1.jpeg', 'Image 2', '\r\n                  <h2>Modern and Responsive Design</h2>                 \r\n                  <p>Lorem ipsum dolor sit amet, c.</p>\r\n                  <div class=\\\"btn-actions\\\">\r\n                    <button type=\\\"button\\\" class=\\\"btn btn-waxom\\\" name=\\\"button\\\">Learn More</button>\r\n                    <button type=\\\"button\\\" class=\\\"btn btn-waxom-o\\\" name=\\\"button\\\">Get Started</button>\r\n                  </div>\r\n                '),
(33, 27, 0, 'http://localhost/kcms/uploads/2018/01/05/img-3.jpeg', 'Image 2', '\r\n                  <h2>Modern and Responsive Design</h2>                 \r\n                  <p>Lorem ipsum dolor sit amet, c.</p>\r\n                  <div class=\\\"btn-actions\\\">\r\n                    <button type=\\\"button\\\" class=\\\"btn btn-waxom\\\" name=\\\"button\\\">Learn More</button>\r\n                    <button type=\\\"button\\\" class=\\\"btn btn-waxom-o\\\" name=\\\"button\\\">Get Started</button>\r\n                  </div>\r\n                '),
(34, 27, 0, 'http://localhost/kcms/uploads/2018/01/05/img-1.jpeg', 'Image 2', '\r\n                  <h2>Modern and Responsive Design</h2>                 \r\n                  <p>Lorem ipsum dolor sit amet, c.</p>\r\n                  <div class=\\\"btn-actions\\\">\r\n                    <button type=\\\"button\\\" class=\\\"btn btn-waxom\\\" name=\\\"button\\\">Learn More</button>\r\n                    <button type=\\\"button\\\" class=\\\"btn btn-waxom-o\\\" name=\\\"button\\\">Get Started</button>\r\n                  </div>\r\n                '),
(35, 28, 0, 'http://localhost/kcms/uploads/2018/01/05/img-3.jpeg', 'Image 2', '\r\n                  <h2>Modern and Responsive Design</h2>                 \r\n                  <p>Lorem ipsum dolor sit amet, c.</p>\r\n                  <div class=\\\"btn-actions\\\">\r\n                    <button type=\\\"button\\\" class=\\\"btn btn-waxom\\\" name=\\\"button\\\">Learn More</button>\r\n                    <button type=\\\"button\\\" class=\\\"btn btn-waxom-o\\\" name=\\\"button\\\">Get Started</button>\r\n                  </div>\r\n                '),
(36, 28, 0, 'http://localhost/kcms/uploads/2018/01/05/img-1.jpeg', 'Image 2', '\r\n                  <h2>Modern and Responsive Design</h2>                 \r\n                  <p>Lorem ipsum dolor sit amet, c.</p>\r\n                  <div class=\\\"btn-actions\\\">\r\n                    <button type=\\\"button\\\" class=\\\"btn btn-waxom\\\" name=\\\"button\\\">Learn More</button>\r\n                    <button type=\\\"button\\\" class=\\\"btn btn-waxom-o\\\" name=\\\"button\\\">Get Started</button>\r\n                  </div>\r\n                '),
(37, 29, 0, 'http://localhost/kcms/uploads/2018/01/05/img-3.jpeg', 'Image 2', '\r\n                  <h2>Modern and Responsive Design</h2>                 \r\n                  <p>Lorem ipsum dolor sit amet, c.</p>\r\n                  <div class=\\\"btn-actions\\\">\r\n                    <button type=\\\"button\\\" class=\\\"btn btn-waxom\\\" name=\\\"button\\\">Learn More</button>\r\n                    <button type=\\\"button\\\" class=\\\"btn btn-waxom-o\\\" name=\\\"button\\\">Get Started</button>\r\n                  </div>\r\n                '),
(38, 29, 0, 'http://localhost/kcms/uploads/2018/01/05/img-1.jpeg', 'Image 2', '\r\n                  <h2>Modern and Responsive Design</h2>                 \r\n                  <p>Lorem ipsum dolor sit amet, c.</p>\r\n                  <div class=\\\"btn-actions\\\">\r\n                    <button type=\\\"button\\\" class=\\\"btn btn-waxom\\\" name=\\\"button\\\">Learn More</button>\r\n                    <button type=\\\"button\\\" class=\\\"btn btn-waxom-o\\\" name=\\\"button\\\">Get Started</button>\r\n                  </div>\r\n                '),
(39, 30, 0, 'http://localhost/kcms/uploads/2018/01/05/img-3.jpeg', 'Image 2', '\r\n                  <h2>Modern and Responsive Design</h2>                 \r\n                  <p>Lorem ipsum dolor sit amet, c.</p>\r\n                  <div class=\\\"btn-actions\\\">\r\n                    <button type=\\\"button\\\" class=\\\"btn btn-waxom\\\" name=\\\"button\\\">Learn More</button>\r\n                    <button type=\\\"button\\\" class=\\\"btn btn-waxom-o\\\" name=\\\"button\\\">Get Started</button>\r\n                  </div>\r\n                '),
(40, 30, 0, 'http://localhost/kcms/uploads/2018/01/05/img-1.jpeg', 'Image 2', '\r\n                  <h2>Modern and Responsive Design</h2>                 \r\n                  <p>Lorem ipsum dolor sit amet, c.</p>\r\n                  <div class=\\\"btn-actions\\\">\r\n                    <button type=\\\"button\\\" class=\\\"btn btn-waxom\\\" name=\\\"button\\\">Learn More</button>\r\n                    <button type=\\\"button\\\" class=\\\"btn btn-waxom-o\\\" name=\\\"button\\\">Get Started</button>\r\n                  </div>\r\n                '),
(41, 31, 0, 'http://localhost/kcms/uploads/2018/01/05/img-3.jpeg', 'Image 2', '\r\n                  <h2>Modern and Responsive Design</h2>                 \r\n                  <p>Lorem ipsum dolor sit amet, c.</p>\r\n                  <div class=\\\"btn-actions\\\">\r\n                    <button type=\\\"button\\\" class=\\\"btn btn-waxom\\\" name=\\\"button\\\">Learn More</button>\r\n                    <button type=\\\"button\\\" class=\\\"btn btn-waxom-o\\\" name=\\\"button\\\">Get Started</button>\r\n                  </div>\r\n                '),
(42, 31, 0, 'http://localhost/kcms/uploads/2018/01/05/img-1.jpeg', 'Image 2', '\r\n                  <h2>Modern and Responsive Design</h2>                 \r\n                  <p>Lorem ipsum dolor sit amet, c.</p>\r\n                  <div class=\\\"btn-actions\\\">\r\n                    <button type=\\\"button\\\" class=\\\"btn btn-waxom\\\" name=\\\"button\\\">Learn More</button>\r\n                    <button type=\\\"button\\\" class=\\\"btn btn-waxom-o\\\" name=\\\"button\\\">Get Started</button>\r\n                  </div>\r\n                '),
(43, 32, 0, 'http://localhost/kcms/uploads/2018/01/05/img-3.jpeg', 'Image 2', '\r\n                  <h2>Modern and Responsive Design</h2>                 \r\n                  <p>Lorem ipsum dolor sit amet, c.</p>\r\n                  <div class=\\\"btn-actions\\\">\r\n                    <button type=\\\"button\\\" class=\\\"btn btn-waxom\\\" name=\\\"button\\\">Learn More</button>\r\n                    <button type=\\\"button\\\" class=\\\"btn btn-waxom-o\\\" name=\\\"button\\\">Get Started</button>\r\n                  </div>\r\n                '),
(44, 32, 0, 'http://localhost/kcms/uploads/2018/01/05/img-1.jpeg', 'Image 2', '\r\n                  <h2>Modern and Responsive Design</h2>                 \r\n                  <p>Lorem ipsum dolor sit amet, c.</p>\r\n                  <div class=\\\"btn-actions\\\">\r\n                    <button type=\\\"button\\\" class=\\\"btn btn-waxom\\\" name=\\\"button\\\">Learn More</button>\r\n                    <button type=\\\"button\\\" class=\\\"btn btn-waxom-o\\\" name=\\\"button\\\">Get Started</button>\r\n                  </div>\r\n                '),
(45, 33, 0, 'http://localhost/kcms/uploads/2018/01/05/img-3.jpeg', 'Image 2', '\r\n                  <h2>Modern and Responsive Design</h2>                 \r\n                  <p>Lorem ipsum dolor sit amet, c.</p>\r\n                  <div class=\\\"btn-actions\\\">\r\n                    <button type=\\\"button\\\" class=\\\"btn btn-waxom\\\" name=\\\"button\\\">Learn More</button>\r\n                    <button type=\\\"button\\\" class=\\\"btn btn-waxom-o\\\" name=\\\"button\\\">Get Started</button>\r\n                  </div>\r\n                '),
(46, 33, 0, 'http://localhost/kcms/uploads/2018/01/05/img-1.jpeg', 'Image 2', '\r\n                  <h2>Modern and Responsive Design</h2>                 \r\n                  <p>Lorem ipsum dolor sit amet, c.</p>\r\n                  <div class=\\\"btn-actions\\\">\r\n                    <button type=\\\"button\\\" class=\\\"btn btn-waxom\\\" name=\\\"button\\\">Learn More</button>\r\n                    <button type=\\\"button\\\" class=\\\"btn btn-waxom-o\\\" name=\\\"button\\\">Get Started</button>\r\n                  </div>\r\n                '),
(86, 41, 65, 'http://localhost/kcms/uploads/2018/01/21/IMG_20171019_091518.JPG', 'Charminar', ''),
(85, 41, 59, 'http://localhost/kcms/uploads/2018/01/21/A7AC8926-3539-4F2A-97AF-CE6E5CAB1501L0001.jpg', 'Charminar', ''),
(81, 41, 64, 'http://localhost/kcms/uploads/2018/01/21/IMG_4515.jpg', 'Charminar', ''),
(84, 41, 64, 'http://localhost/kcms/uploads/2018/01/21/IMG_4515.jpg', 'Charminar', ''),
(83, 41, 8, 'http://localhost/kcms/uploads/2018/01/05/banner.jpg', 'Charminar', ''),
(82, 41, 69, 'http://localhost/kcms/uploads/2018/01/21/A7AC8926-3539-4F2A-97AF-CE6E5CAB1501L0001(2).jpg', 'Charminar', '');

-- --------------------------------------------------------

--
-- Table structure for table `themes`
--

DROP TABLE IF EXISTS `themes`;
CREATE TABLE IF NOT EXISTS `themes` (
  `id_theme` int(11) NOT NULL AUTO_INCREMENT,
  `created_by` int(11) NOT NULL,
  `theme_name` varchar(200) DEFAULT NULL,
  `theme_slug` varchar(100) DEFAULT NULL,
  `id_category` int(11) DEFAULT NULL,
  `description` varchar(500) DEFAULT NULL,
  `tags` varchar(500) DEFAULT NULL,
  `created_on` datetime DEFAULT NULL,
  `theme_price` float DEFAULT NULL,
  `is_exclusive` tinyint(4) DEFAULT NULL COMMENT '0:No,1:Yes',
  `theme_status` varchar(50) DEFAULT NULL COMMENT 'draft,available,disabled,sold_out',
  PRIMARY KEY (`id_theme`)
) ENGINE=MyISAM AUTO_INCREMENT=22 DEFAULT CHARSET=latin1;

--
-- Dumping data for table `themes`
--

INSERT INTO `themes` (`id_theme`, `created_by`, `theme_name`, `theme_slug`, `id_category`, `description`, `tags`, `created_on`, `theme_price`, `is_exclusive`, `theme_status`) VALUES
(21, 1, 'waxom', 'waxom', 1, '', '', '2018-01-13 14:21:39', 0, 0, 'available'),
(19, 1, 'Expirimental Theme 2', 'expirimental-theme-2', 5, '', '', '2018-01-02 22:12:24', 0, 0, 'available');

-- --------------------------------------------------------

--
-- Table structure for table `users`
--

DROP TABLE IF EXISTS `users`;
CREATE TABLE IF NOT EXISTS `users` (
  `id_user` int(11) NOT NULL AUTO_INCREMENT,
  `name` varchar(100) NOT NULL,
  `email` varchar(128) NOT NULL,
  `password` varchar(256) NOT NULL,
  `salt` varchar(500) NOT NULL,
  `date_created` datetime NOT NULL,
  `last_login` datetime NOT NULL,
  `email_verification_key` varchar(100) DEFAULT NULL,
  `email_verified` tinyint(4) NOT NULL DEFAULT '0',
  `signup_mode` varchar(50) NOT NULL DEFAULT 'system' COMMENT 'system,facebook,twitter,google,linkedin',
  `oauth_app_id` varchar(100) DEFAULT NULL,
  `oauth_data` text,
  `user_status` varchar(20) NOT NULL COMMENT 'active,inactive,disabled',
  PRIMARY KEY (`id_user`)
) ENGINE=InnoDB AUTO_INCREMENT=41 DEFAULT CHARSET=latin1;

--
-- Dumping data for table `users`
--

INSERT INTO `users` (`id_user`, `name`, `email`, `password`, `salt`, `date_created`, `last_login`, `email_verification_key`, `email_verified`, `signup_mode`, `oauth_app_id`, `oauth_data`, `user_status`) VALUES
(2, 'Joby', 'joby@konnecty.com', '82b21856b7eaafcfe82bcaf6de9b1f885ebb5473ec9ee18ea64ba8c6e61a7b2b', 'G7fT2u7jt0lpiWlrMe1Xlbdnn', '2018-01-15 19:40:11', '2018-01-31 11:46:43', '6QgNHK1PAJVlS3FrDj1x7ZGCN', 0, 'system', NULL, NULL, 'active'),
(3, 'Joby', 'joby1@konnecty.com', '62c6fa465d40969d6ba8f0701d202f5a06f81a4cc30d10a456d39f2e7dbc3493', 'IpSmRRoEvlRUlqdQsusWFiDF0', '2018-01-16 00:36:49', '2018-01-16 00:36:49', 'iL72jV8zInxHdEvCICgYaRzdj', 0, 'system', NULL, NULL, 'active'),
(4, 'Joby', 'joby2@konnecty.com', 'a469028a522d95a4de5b37f2bd11e72b31164d7028347a62d3a2933f1969aa96', '28eEZVF18tFBLxOD3quW4DqkU', '2018-01-16 00:38:09', '2018-01-16 00:38:09', 'vUbfWnQCBmyvOuNW0wbIdxKhn', 0, 'system', NULL, NULL, 'active'),
(5, 'Joby', 'joby3@konnecty.com', '1360b41d7266e43e3e91f72657d29d8987dfa22e710657196feb4ecc94c013af', 'OPL3GM6AIneZ7kigYBB9inyUm', '2018-01-16 00:39:39', '2018-01-16 00:39:39', 'O8IlPJYwS47TxKxOXSEoeKTDn', 0, 'system', NULL, NULL, 'active'),
(6, 'Joby', 'joby4@konnecty.com', '1c7e814969fa043d2a76dc7850c70bc31a32fcc840e1c79659f99f8edceab0d5', 'K4PHANJ3EK11yiuiWzSFf01cO', '2018-01-16 00:40:44', '2018-01-16 00:40:44', 'loaoR8XZo4jmMxhOJKdfnjVti', 0, 'system', NULL, NULL, 'active'),
(7, 'Jinto', 'jinto@konnecty.com', '8d7cb40d994ca0421247201d963faa7e7d180ed9e75fbede40ca20a17c4eefcd', 'NkGei5K8eo9pIABeOIvhhRa92', '2018-01-16 00:43:56', '2018-01-16 00:43:56', 'ml1tJpzO1wSxuC5bVHSGUDTGb', 0, 'system', NULL, NULL, 'active'),
(8, 'bibin', 'bibin@konnecty.com', '2093457605e5d86a721303d4d15f094315ff83bc9f9fca5370431a4a68294506', 'iNswxYYEYrj9yt3oBH8YFJ1sX', '2018-01-16 09:13:29', '2018-01-16 09:13:29', 'oW7macgInXH3eMhwRhJO7zujS', 0, 'system', NULL, NULL, 'active'),
(9, 'Joby', 'joby10@konnecty.com', 'f050fd09bfb186409b33997ff2b6303068fe083c13ec278183e51998166e6ce6', 'XnP1a4Z9C84i0jzFW5tMFbs7s', '2018-01-16 09:17:12', '2018-01-16 09:17:12', 'zHwqNKXaRDbidVqIjFQNMN1qF', 0, 'system', NULL, NULL, 'active'),
(10, 'Joby', 'joby11@konnecty.com', 'b893a7b1cd3a543d4aa63832ef993e1277da62c7acead3e42b128b30d8cd55bf', 'IbMkVossgyEdxnZ42SmnGMGYR', '2018-01-16 09:18:35', '2018-01-16 09:18:35', 'uot5MhVTUMusRqhlS6kzK3OeP', 0, 'system', NULL, NULL, 'active'),
(11, 'Joby', 'joby12@konnecty.com', 'b99c044f4cc4b1fc6e8e9beb997e6dc3ea272ec41afd1db428dfac98f4015ff3', 'x54phy5ouPa0TjK2GV6UcxcYG', '2018-01-16 09:19:50', '2018-01-16 09:19:50', '7cDpZMCWzTW8frjfKVwAiD3Ht', 0, 'system', NULL, NULL, 'active'),
(12, 'Joby', 'joby13@konnecty.com', 'feb8fa6377a3e548331e056efb8ff689864e49d38b12f8ec98868f13690da38a', 'dJBaSlud1kQgusjXXnSMATFE2', '2018-01-16 09:21:49', '2018-01-16 09:21:49', 'GBl37HDy0b0stXxpOSy5kE9zO', 0, 'system', NULL, NULL, 'active'),
(13, 'Joby', 'joby14@konnecty.com', '52dfd384d37a7dc8256e057f2d6215e19df39613b4ba38686f5ee8365f1adf7d', 'DOE461Eg33jnlQer5wuYPdCRT', '2018-01-16 09:22:58', '2018-01-16 09:22:58', 'H8BR7HSYtUMnOCFlaklv8r6Cu', 0, 'system', NULL, NULL, 'active'),
(14, 'Joby', 'joby15@konnecty.com', 'e153e8849a175e160e519810e72e6002ae2104202609680caa6f1daec8d64f72', 'CaK4PB4ksFJSglJ1I07yoicdO', '2018-01-16 09:34:32', '2018-01-16 09:34:32', 'vgIahSbYUBVKmibuJLdjl5LdM', 0, 'system', NULL, NULL, 'active'),
(15, 'Joby', 'joby16@konnecty.com', 'bbd2ed4c2d601d4283db44a3f058ffc66aff1827b80523d36a88db44c43c2334', 'Wu2QdeLWTykCMS5O9QrD0szCf', '2018-01-16 09:35:15', '2018-01-16 09:35:15', '395hcHblhzfRr8kZpwcYHZp4f', 0, 'system', NULL, NULL, 'active'),
(16, 'Joby', 'joby17@konnecty.com', '3ac9a598f08304badaab077595ae52c49a671f7e5d480b83a8ff028d85584952', 'P73ERqDiSEhPmWaSyTyQrAwmY', '2018-01-16 09:36:21', '2018-01-16 09:36:21', 'tlv437lx6yPBVs9n32WBEdKvZ', 0, 'system', NULL, NULL, 'active'),
(17, 'Joby', 'joby@konnecty.com18', '5ee335468eef51a27395545e55c8a19c8bb94079705efe8e615cdaa712c3ac5a', 'Xm9QKacgOI2aPj57f2kA4Q1Kd', '2018-01-16 09:37:25', '2018-01-16 09:37:25', 'swAFBFix16vikwoI7LOD9VwRJ', 0, 'system', NULL, NULL, 'active'),
(18, 'Joby', 'joby19@konnecty.com', '040bc7552c54e42af62aeb03dc98bd3fc4391b02882231ef815b5ed817ecb600', 'z6mJBZIXP7ev2AtZKxque2JYi', '2018-01-16 09:38:28', '2018-01-16 09:38:28', '2O7AMWGDUE9mx37CfmuUIjH6B', 0, 'system', NULL, NULL, 'active'),
(19, 'Joby', 'joby20@konnecty.com', '1f1e1af3bcfbffe842b6dd2b1c3ea157d8ba925345df83aa557ad0a3c933dfa0', '3pdP3LmGTXcmShTzCzom9EdmR', '2018-01-16 09:39:34', '2018-01-16 09:39:34', 'Sh1XsvVandT07kuNA4Xcm0T8j', 0, 'system', NULL, NULL, 'active'),
(20, 'JOby', 'joby21@konnecty.com', '83788da9ce3a913175f429766b8249e0769db888a82f5a138a6303db9e9d44e0', 'qFXCgqd4RDvFkNkWB9rg2GhHR', '2018-01-16 09:44:31', '2018-01-16 09:44:31', 'Ezs2pnSWojzckRzi6ihWS5K4Y', 0, 'system', NULL, NULL, 'active'),
(21, 'Joby', 'joby22@konnecty.com', '796cdc538baecd2f562ac46d89f3aa5c429ed3c453b26b1396aeaf37981e9831', 'L1ntH7rIV5ZK6IghQyG5xVBRi', '2018-01-16 09:45:19', '2018-01-16 09:45:19', 'b3oC4sa8LD8v6zgWMIK7n1FTN', 0, 'system', NULL, NULL, 'active'),
(22, 'Joby', 'joby23@konnecty.com', '97d0ea3b7fdc13c7c4afbbede32e59e01b7321b7ccc1b30df9de1558dfde1f56', 'PzzDXm0WHNqUgujAEf4wblq1w', '2018-01-16 09:46:34', '2018-01-16 09:46:34', '2OhgnwJCztiFK6O9ZyKERmSuv', 0, 'system', NULL, NULL, 'active'),
(23, 'Joby', 'joby24@konnecty.com', '4eabde61a4c1ae285ab46696cc7edd6ab4a77401010586ca36bd301fcf4017d1', 'wRKmDclkuGdIruNZ9BEqCIp1i', '2018-01-16 09:47:37', '2018-01-16 09:47:37', 'MxHGWrYfD8YWe6HmldhenBcYe', 0, 'system', NULL, NULL, 'active'),
(24, 'Joby', 'joby25@konnecty.com', '02474464ea4ab1c40d452124552668bda59bc80a2c2c917fe8972b54139ea826', 'eAju2LdqkEHUP8Vkw0EtPjqPl', '2018-01-16 09:49:49', '2018-01-16 09:49:49', 'E2CQ0TSiOx4aS0m12XrILTlhh', 0, 'system', NULL, NULL, 'active'),
(25, 'Joby', 'jpb@konnecty.com', '22e3847e7ec0828941cd848407f3f775546f79714f38746c2dda9b4f2131b6f7', 'pgnW3oZmEZUs1bw68YEWTg6cx', '2018-01-16 09:52:21', '2018-01-16 09:52:21', 'OTmpYHUaS00zlobOMZHgVj08i', 0, 'system', NULL, NULL, 'active'),
(26, 'Joby', 'jpbwwww@konnecty.com', '2782efbd1e2c5fd6cd21f0b26d97b77fbc0050ec86e22c0bfcd28baba1e15f7f', 'vZZvpum1u5UrGNESgsaGGXUE1', '2018-01-16 09:52:29', '2018-01-16 09:52:29', 'TSG8LgqZGIUTaQBk5YzVhPLjG', 0, 'system', NULL, NULL, 'active'),
(27, 'Joby', 'joby111@konnecty.com', 'a046a99137fe34701bfd2dc13aa27f602b8bdff58f6c8ca8fad9cce2bf0ed2c4', 'mvLJtTX3lwO76ZUWXnSR5yvOm', '2018-01-16 09:53:31', '2018-01-16 09:53:31', 'S0yB8CCNctEWr75hiWzKCg0me', 0, 'system', NULL, NULL, 'active'),
(28, 'Joby', 'joby123@konnecty.com', 'd80ef6d41c32996d48339a9937eec02272aa5482302203ca9bf84cc4641b8cba', 'JYE5RCX8IJgxlsjGq4IpvLytJ', '2018-01-16 10:05:59', '2018-01-16 10:05:59', 'cqf7x0gzBQHrJFO1TLESlhH4d', 0, 'system', NULL, NULL, 'active'),
(29, 'Joby', 'joby1112@konnecty.com', '46e318a763edfb7dd33c0fe17fa3b601889dd99353114ad8f8994956efae50d2', 'yh6MB5dYDaYPLnantMIT37uJw', '2018-01-16 10:07:10', '2018-01-16 10:07:10', 'DqUoOw1xaiN8JfZyL2ePZrlDz', 0, 'system', NULL, NULL, 'active'),
(30, 'Joby', 'joby3211@konnecty.com', 'ef07218ee2f62bfdab8158cf649474fab4814379b13a06986f681bf904b80683', 'WoBoFxivtV2pQBQNWcIwnsPmv', '2018-01-17 10:22:27', '2018-01-17 10:22:27', 'EBMmXhl7LGvMYiAMZGVLD1Pai', 0, 'system', NULL, NULL, 'active'),
(31, 'Girish', 'girish@konnecty.com', 'c0f93fe194c813d550d98d9eaba6b6ffa70c81a08ead72d27ed7cc2f17bbae03', 'uM9SH207WYqmpJZPn2L0oyhtR', '2018-01-18 10:08:50', '2018-01-18 10:08:50', 'MrGt3PpEL3Yodvwf9H10KDzbb', 0, 'system', NULL, NULL, 'active'),
(32, 'girish', 'girish@mailinator.com', '4c3c74cd99789474afa5212b98d1041dd650b96ddc0e9ff5b1a0814da19738c4', 'FAO62JWIVGpxYgz2hGFCOL8Fj', '2018-01-18 10:19:57', '2018-01-18 10:19:57', 'zlmomQl4J1JAuNHSHOMUcDcKx', 0, 'system', NULL, NULL, 'active'),
(33, 'Bibin', 'bibin1@konnecty.com', '65172639482ab8e6a69c39785c18653d4a978b1f010c6c7fffe3482d6498aa22', 'fXn16q2g9z5Ts3mfgvxGZw8yE', '2018-01-19 07:08:58', '2018-01-19 07:08:58', 'i0fpAayj0p5lSqS6BCZMUcJdZ', 0, 'system', NULL, NULL, 'active'),
(34, 'Jyothish', 'jyothish@konnecty.com', '5a9468fa71aade15eb7025ecc3a66c817829add2653ca2d2750669833a84e9dc', 'X9VECe9WIxmVg7VuvbKXAH3TG', '2018-01-19 07:43:23', '2018-01-19 07:43:23', 'azEmcpJH8T71kK46PMBoefJOg', 0, 'system', NULL, NULL, 'active'),
(36, 'Joby', 'test@konnecty.com', '5ca0dc32385db3faa435411419f8e4723c20b9e1c289b7848b64a57a6ff95994', 'Uhlp472z08dgv53An2LbFqoOd', '2018-01-20 15:53:16', '2018-01-20 15:53:16', '91UWOjV9WNCk4ldKhMOzEwfAJ', 0, 'system', NULL, NULL, 'active'),
(38, 'Joby', 'jobyekunjumon@gmail.com', 'c4874bef75cdb88d9ca88dfb2e68cf0190b4337356938abc3111db01e8b315f7', 'hN91Kw1sjOS0Ija2EPlEdS8fW', '2018-01-21 12:25:19', '2018-02-05 12:30:33', 'n4lkrnv0lQHV5S6bv77ChI9P8', 0, 'system', NULL, NULL, 'active'),
(39, 'noble', 'noblemathew@gmail.com', '3268ce68e687cbe035f57fee27713c22251a2b7c11aecb414fb964e2091fd43c', 'p6IyJsZxn3sAoEwLAC6kwN2Sl', '2018-01-22 15:06:50', '2018-01-22 15:06:50', 'IVTv06CVX2DWPkmYpkfko6wUj', 0, 'system', NULL, NULL, 'active'),
(40, 'amal', 'amal@gmail.com', 'b8d9425b84bfbb0e1adfd3a30658537f429b4ce49b58584ce3c5d9c02235729b', 'LQNt1SIrwBIwo4mnrQXV8QXdw', '2018-01-28 12:56:07', '2018-01-28 12:56:07', 'gaX2YiSRHpLKEtrrTN4cltHnM', 0, 'system', NULL, NULL, 'active');
COMMIT;

/*!40101 SET CHARACTER_SET_CLIENT=@OLD_CHARACTER_SET_CLIENT */;
/*!40101 SET CHARACTER_SET_RESULTS=@OLD_CHARACTER_SET_RESULTS */;
/*!40101 SET COLLATION_CONNECTION=@OLD_COLLATION_CONNECTION */;
